            0.000000 -30.077802  47.844884  50.440438
            0.100000 -23.707938  48.639520  30.175259
            0.200000 -15.449337  27.074128  58.740083
            0.300000 -16.851888  29.688026  67.039008
            0.400000 -16.666560  31.438925  76.960111
            0.500000 -17.810645  33.875864  84.452762
            0.600000 -18.906274  36.241514  91.735176
            0.700000 -20.021955  38.599846  98.910993
            0.800000 -20.943828  40.757495 105.678886
            0.900000 -22.031083  43.070687 112.650772
            1.000000 -22.841250  45.025600 118.945143
            1.100000 -23.604442  46.939048 125.080418
            1.200000 -24.442362  48.901102 131.279106
            1.300000 -24.039910  49.895169 137.150636
            1.400000 -23.987043  51.169059 143.105464
            1.500000 -23.995097  52.376228 148.554558
            1.600000 -24.127359  53.613493 153.952045
            1.700000 -24.398375  54.901154 159.369163
            1.800000 -24.656417  56.127756 164.488006
            1.900000 -24.705411  56.757111 167.650965
            2.000000 -24.977245  58.195614 173.461293
            2.100000 -25.278170  59.605584 178.933791
            2.200000 -25.631010  61.016488 184.298084
            2.300000 -25.949988  62.341526 189.170421
            2.400000 -25.267711  62.509291 192.331655
            2.500000 -25.051521  63.292963 196.474059
            2.600000 -24.968466  64.096328 200.398156
            2.700000 -24.982989  64.954476 204.178956
            2.800000 -25.051523  65.799115 207.747704
            2.900000 -24.604512  65.168521 206.497441
            3.000000 -24.720819  65.924056 209.505085
            3.100000 -24.878776  66.747302 212.644645
            3.200000 -25.069498  67.583448 215.767021
            3.300000 -25.256063  68.366160 218.670778
            3.400000 -25.447163  69.192963 221.647546
            3.500000 -25.647485  69.925427 224.353207
            3.600000 -25.823595  70.663397 226.954658
            3.700000 -26.022454  71.394017 229.558826
            3.800000 -26.208740  72.083828 232.012113
            3.900000 -25.477299  70.230298 226.270451
            4.000000 -25.578991  70.632352 227.732464
            4.100000 -25.724565  71.158722 229.599432
            4.200000 -25.916034  71.799369 231.832875
            4.300000 -26.094088  72.411140 233.949063
            4.400000 -26.286301  73.054809 236.154588
            4.500000 -26.465914  73.637701 238.165604
            4.600000 -26.632820  74.199615 240.102519
            4.700000 -26.814568  74.770371 242.077451
            4.800000 -26.989050  75.315361 243.957661
            4.900000 -26.115429  72.943836 236.394021
            5.000000 -26.141385  73.073335 236.883962
            5.100000 -26.288556  73.561875 238.546391
            5.200000 -26.449106  74.044202 240.163698
            5.300000 -26.596201  74.509340 241.743696
            5.400000 -26.744633  74.983847 243.407132
            5.500000 -26.867742  75.369122 244.738453
            5.600000 -27.014523  75.818105 246.249249
            5.700000 -27.241585  76.405058 248.144155
            5.800000 -27.448544  76.943327 249.902207
            5.900000 -27.041709  75.798336 246.214496
            6.000000 -27.240843  76.340118 247.939346
            6.100000 -27.436203  76.843325 249.564987
            6.200000 -27.623315  77.334871 251.126797
            6.300000 -27.807412  77.824673 252.721304
            6.400000 -28.000162  78.347370 254.395721
            6.500000 -28.183141  78.822339 255.937106
            6.600000 -28.364204  79.323349 257.555906
            6.700000 -28.552643  79.838632 259.217950
            6.800000 -28.730111  80.323780 260.823038
            6.900000 -28.745868  80.339224 260.876261
            7.000000 -28.906067  80.778677 262.285054
            7.100000 -28.995081  81.000749 262.993762
            7.200000 -29.142818  81.388385 264.234323
            7.300000 -29.307458  81.828694 265.648338
            7.400000 -29.483479  82.297763 267.175038
            7.500000 -29.644324  82.741333 268.612518
            7.600000 -29.807114  83.183186 270.048075
            7.700000 -29.976670  83.643358 271.546164
            7.800000 -30.136167  84.082831 272.965646
            7.900000 -29.627296  82.599336 268.138240
            8.000000 -29.711328  82.796081 268.762319
            8.100000 -29.864366  83.197927 270.066494
            8.200000 -30.007608  83.614430 271.403028
            8.300000 -30.130668  83.928645 272.417490
            8.400000 -30.277956  84.334975 273.731366
            8.500000 -30.419789  84.729794 275.013711
            8.600000 -30.567338  85.130758 276.309089
            8.700000 -30.728204  85.551261 277.663353
            8.800000 -30.876427  85.945504 278.930477
            8.900000 -30.117655  83.736785 271.727178
            9.000000 -30.164243  83.831959 272.002740
            9.100000 -30.238754  84.034696 272.651991
            9.200000 -30.374693  84.405749 273.859030
            9.300000 -30.504404  84.766659 275.027458
            9.400000 -30.649966  85.155024 276.288444
            9.500000 -30.795188  85.524248 277.449742
            9.600000 -30.918790  85.868026 278.569694
            9.700000 -31.058131  86.238442 279.767236
            9.800000 -31.441070  87.221685 282.900130
            9.900000 -30.650870  84.841589 275.035990
           10.000000 -30.629659  84.758395 274.718286
           10.100000 -30.693577  84.873380 275.066297
           10.200000 -30.798272  85.175033 276.021336
           10.300000 -30.920637  85.493987 277.046013
           10.400000 -31.040394  85.835481 278.149712
           10.500000 -31.388864  86.697558 280.903676
           10.600000 -31.717509  87.548322 283.585883
           10.700000 -32.060909  88.432477 286.408602
           10.800000 -32.380099  89.251416 289.017119
           10.900000 -31.199063  85.819246 277.759995
           11.000000 -31.331622  86.112769 278.612226
           11.100000 -31.596491  86.809107 280.825184
           11.200000 -31.872314  87.531579 283.134083
           11.300000 -32.130184  88.193970 285.229721
           11.400000 -32.383482  88.915119 287.619397
           11.500000 -32.570878  89.476286 289.480376
           11.600000 -32.788935  90.093709 291.508055
           11.700000 -32.856821  90.357897 292.453096
           11.800000 -32.906480  90.580152 293.252215
           11.900000 -31.640077  87.043302 281.857118
           12.000000 -31.654606  87.156477 282.303645
           12.100000 -31.662511  87.247502 282.664896
           12.200000 -31.558093  86.951790 281.700393
           12.300000 -31.598777  87.093636 282.229101
           12.400000 -31.653117  87.285917 282.897705
           12.500000 -31.719923  87.501957 283.681623
           12.600000 -31.784423  87.736343 284.476601
           12.700000 -31.857042  87.982187 285.305921
           12.800000 -31.925424  88.213288 286.163197
           12.900000 -30.359682  83.783774 271.745951
           13.000000 -30.199495  83.354054 270.332133
           13.100000 -30.137583  83.201029 269.858596
           13.200000 -30.103415  83.170596 269.810971
           13.300000 -30.139390  83.318512 270.327734
           13.400000 -30.187707  83.515937 271.005531
           13.500000 -30.265075  83.712791 271.673584
           13.600000 -30.297268  83.832847 272.077653
           13.700000 -30.332683  83.944342 272.447054
           13.800000 -30.361343  84.020598 272.694494
           13.900000 -28.765855  79.318935 257.155750
           14.000000 -28.633359  78.907108 255.775379
           14.100000 -28.654629  78.959785 255.939979
           14.200000 -28.696512  79.027347 256.178724
           14.300000 -28.749927  79.141117 256.529429
           14.400000 -28.767501  79.271984 256.932277
           14.500000 -28.747500  79.295483 257.017467
           14.600000 -28.758152  79.382751 257.346744
           14.700000 -28.775197  79.489068 257.729230
           14.800000 -28.776897  79.553792 257.976819
           14.900000 -26.725937  73.568691 238.211999
           15.000000 -26.459373  72.841787 235.773692
           15.100000 -26.388169  72.680410 235.226470
           15.200000 -26.327233  72.523625 234.696152
           15.300000 -26.347166  72.609745 234.992749
           15.400000 -26.376980  72.707822 235.297034
           15.500000 -26.389599  72.757198 235.494340
           15.600000 -26.406652  72.798566 235.722669
           15.700000 -26.425634  72.889826 236.052140
           15.800000 -26.440719  72.955495 236.289900
           15.900000 -24.530661  67.258963 217.415982
           16.000000 -24.342286  66.673889 215.507962
           16.100000 -24.288799  66.529579 215.032308
           16.200000 -24.256251  66.456288 214.846752
           16.300000 -24.277214  66.536636 215.207395
           16.400000 -24.283955  66.585973 215.550890
           16.500000 -24.302450  66.630925 215.930151
           16.600000 -24.292283  66.677261 216.281967
           16.700000 -24.288535  66.746765 216.710631
           16.800000 -24.266161  66.768014 216.986356
           16.900000 -24.334843  66.965663 217.842797
           17.000000 -24.358667  67.050681 218.229764
           17.100000 -24.326849  67.091169 218.605699
           17.200000 -24.352595  67.192357 219.102630
           17.300000 -24.331839  67.225216 219.502093
           17.400000 -24.310190  67.219511 219.680208
           17.500000 -24.240036  67.199897 219.952884
           17.600000 -24.113024  67.269478 220.166375
           17.700000 -23.980313  67.348115 220.360250
           17.800000 -23.912970  67.437332 220.685981
           17.900000 -36.262451 102.791030 344.131995
           18.000000 -36.217968 103.041615 345.338926
           18.100000 -36.378167 103.547023 347.198456
           18.200000 -36.788080 102.706544 345.710120
           18.300000 -36.807751 102.740499 345.935330
           18.400000 -37.134134 104.136154 350.812612
           18.500000 -37.239818 104.184468 351.252279
           18.600000 -37.251187 104.129507 351.381569
           18.700000 -38.058135 104.191217 351.073285
           18.800000 -38.079058 104.136717 351.102343
           18.900000 -47.731878 131.892876 444.862693
           19.000000 -47.901910 132.000092 445.807132
           19.100000 -48.021064 132.351204 447.334940
           19.200000 -48.406938 132.959524 446.110668
           19.300000 -48.502430 133.157755 446.891076
           19.400000 -48.360827 133.076496 444.418486
           19.500000 -48.368135 133.157499 444.729480
           19.600000 -48.517900 133.107282 444.626333
           19.700000 -48.064240 132.250620 442.156359
           19.800000 -48.226461 132.145770 441.900413
           19.900000 -51.562550 142.820805 478.425817
           20.000000 -51.929595 143.467675 481.032249
           20.100000 -52.011697 143.972596 483.005200
           20.200000 -52.074142 144.596241 485.647033
           20.300000 -52.099145 144.843500 486.784391
           20.400000 -52.428128 145.849222 489.470762
           20.500000 -52.350452 146.026552 490.092978
           20.600000 -52.445429 146.012040 490.227836
           20.700000 -52.393835 146.575163 492.040032
           20.800000 -52.477771 146.437968 491.893827
           20.900000 -55.794527 157.012564 527.886805
           21.000000 -56.173379 157.850738 531.180191
           21.100000 -56.251506 158.574445 533.707942
           21.200000 -56.719890 160.210125 539.104328
           21.300000 -56.666742 160.293335 539.375873
           21.400000 -57.091692 161.501109 543.380559
           21.500000 -56.915208 161.408528 542.892336
           21.600000 -56.895283 161.057817 541.951059
           21.700000 -57.097578 161.692678 543.572257
           21.800000 -57.169586 161.305402 542.538395
           21.900000 -59.334352 168.828389 567.849439
           22.000000 -59.905609 170.731604 574.546255
           22.100000 -59.958760 170.569065 574.315110
           22.200000 -60.059371 171.311732 576.600779
           22.300000 -59.990389 170.964583 575.672229
           22.400000 -60.097359 171.020625 575.840609
           22.500000 -59.991344 170.781851 575.081584
           22.600000 -59.889869 170.553611 574.376920
           22.700000 -60.218946 170.552847 574.385229
           22.800000 -60.077214 170.313876 573.771739
           22.900000 -63.831991 178.690531 601.671370
           23.000000 -63.937972 179.652404 605.248459
           23.100000 -64.774188 181.810328 612.689693
           23.200000 -65.955544 183.771781 618.527703
           23.300000 -66.000121 183.494201 617.578722
           23.400000 -67.140205 185.238246 623.084931
           23.500000 -67.045283 184.727201 621.320604
           23.600000 -67.040595 184.203133 619.439117
           23.700000 -67.708975 184.942005 621.287696
           23.800000 -67.699779 184.239737 618.765763
           23.900000 -70.025973 190.869456 641.705986
           24.000000 -71.103644 193.589830 650.814930
           24.100000 -71.159486 193.474974 650.453489
           24.200000 -71.841777 194.443437 653.207983
           24.300000 -71.771831 193.934810 651.476483
           24.400000 -72.116346 194.157879 651.806341
           24.500000 -72.122502 193.691776 649.978256
           24.600000 -71.923756 193.122768 648.277838
           24.700000 -72.233294 193.131900 648.177237
           24.800000 -72.064979 192.603774 646.647949
           24.900000 -75.224964 200.817167 674.086063
           25.000000 -75.373913 200.547512 672.863154
           25.100000 -75.198759 199.980486 671.035693
           25.200000 -75.502290 200.072392 670.975349
           25.300000 -75.446524 199.293357 668.090308
           25.400000 -75.422535 198.811904 666.407367
           25.500000 -75.444338 198.129681 663.625624
           25.600000 -75.181420 197.279560 660.960250
           25.700000 -75.145831 196.539538 658.237897
           25.800000 -74.862290 195.655826 655.435114
           25.900000 -76.036008 198.423426 664.512163
           26.000000 -75.964540 198.102347 663.538095
           26.100000 -76.140797 198.143306 663.437944
           26.200000 -76.330477 197.946962 662.304977
           26.300000 -76.097854 197.127516 659.735840
           26.400000 -76.232074 196.516857 657.092624
           26.500000 -75.871143 195.373164 653.479813
           26.600000 -75.768259 194.462529 650.089316
           26.700000 -75.807715 193.713836 647.119208
           26.800000 -75.686154 192.662967 643.240521
           26.900000 -75.524941 192.034197 641.351982
           27.000000 -75.526111 191.228452 638.372786
           27.100000 -75.233072 190.371371 635.533852
           27.200000 -75.364095 190.220112 634.977099
           27.300000 -75.196863 189.314111 631.864780
           27.400000 -75.353104 188.681204 629.354767
           27.500000 -74.997010 187.641426 625.942433
           27.600000 -74.964628 186.698569 622.369913
           27.700000 -74.727792 185.803693 619.782753
           27.800000 -74.762845 185.677090 619.476562
           27.900000 -75.017610 185.640644 619.398610
           28.000000 -74.998719 184.997962 616.958097
           28.100000 -74.736606 184.221114 614.624831
           28.200000 -74.147769 182.734820 609.667851
           28.300000 -73.922992 181.801902 606.543863
           28.400000 -73.401142 180.002074 600.448051
           28.500000 -73.127105 178.879779 596.622950
           28.600000 -72.875545 177.731147 592.739729
           28.700000 -72.435921 176.087245 587.224571
           28.800000 -72.159327 174.931144 583.437708
           28.900000 -68.969696 162.414970 540.648884
           29.000000 -68.721502 161.146393 536.508812
           29.100000 -68.456751 159.959397 532.524407
           29.200000 -68.471618 158.669298 528.395615
           29.300000 -68.222866 157.583508 524.749691
           29.400000 -67.922011 155.908855 519.492813
           29.500000 -67.871536 155.159340 516.896182
           29.600000 -67.743984 154.281297 513.904736
           29.700000 -67.827907 153.433746 511.394178
           29.800000 -67.668347 152.527283 508.485169
           29.900000 -64.075836 139.951124 466.025038
           30.000000 -63.868499 138.747362 462.031042
           30.100000 -63.634097 137.590864 458.209990
           30.200000 -63.029825 135.258189 450.680817
           30.300000 -62.792175 134.202139 447.266767
           30.400000 -62.401482 132.352241 441.139579
           30.500000 -62.163811 131.348229 438.160200
           30.600000 -61.953388 130.343116 435.055606
           30.700000 -61.629690 128.904137 430.532006
           30.800000 -61.399600 127.881101 427.434577
           30.900000 -58.663671 118.677363 396.574638
           31.000000 -58.452332 117.625194 393.324699
           31.100000 -58.227094 116.591562 390.158320
           31.200000 -57.749159 114.708236 384.267746
           31.300000 -57.528602 113.745139 381.430607
           31.400000 -57.056791 111.936250 375.763629
           31.500000 -56.758041 110.759937 372.153420
           31.600000 -56.427194 109.489562 368.289380
           31.700000 -55.863778 107.590072 362.294315
           31.800000 -55.473733 106.306821 358.446406
           31.900000 -51.911903  95.421448 321.907883
           32.000000 -51.462372  94.040150 318.009134
           32.100000 -51.033007  92.642463 313.818726
           32.200000 -50.164402  89.910274 304.934747
           32.300000 -49.695224  88.597872 301.233823
           32.400000 -48.695458  85.736137 292.184132
           32.500000 -48.381091  84.674551 288.693590
           32.600000 -47.933114  83.426019 285.132117
           32.700000 -47.114788  81.116926 277.846443
           32.800000 -46.711032  79.973698 274.436819
           32.900000 -43.696457  70.815592 243.544252
           33.000000 -43.237554  69.678792 240.291487
           33.100000 -42.831073  68.565793 236.920467
           33.200000 -41.870976  66.006288 228.736283
           33.300000 -41.351291  64.651525 224.478978
           33.400000 -40.192855  61.550774 214.516067
           33.500000 -39.707516  60.326125 210.586513
           33.600000 -39.156691  58.996312 206.326658
           33.700000 -38.198011  56.509454 198.197647
           33.800000 -37.651425  55.218123 194.105877
           33.900000 -35.178431  48.152162 170.384986
           34.000000 -34.642140  46.889375 166.329090
           34.100000 -34.060707  45.458275 161.660965
           34.200000 -32.904021  42.539638 152.083263
           34.300000 -32.387681  41.298637 148.015706
           34.400000 -31.061655  37.946108 137.067139
           34.500000 -30.562925  36.762139 133.311575
           34.600000 -30.089612  35.615725 129.572931
           34.700000 -29.072509  33.026740 121.134798
           34.800000 -28.631262  31.991229 117.790989
           34.900000 -27.039528  27.526614 102.924335
           35.000000 -26.678060  26.744327 100.411830
           35.100000 -26.308962  25.930820  97.795500
           35.200000 -25.504907  23.968291  91.451370
           35.300000 -25.173464  23.244061  89.088907
           35.400000 -24.101489  20.552181  80.356407
           35.500000 -23.811929  19.958005  78.479492
           35.600000 -23.581162  19.457389  76.620828
           35.700000 -22.981861  18.058947  72.398555
           35.800000 -22.725108  17.534889  70.765073
           35.900000 -22.040784  15.633854  64.352928
           36.000000 -21.843354  15.253587  63.202299
           36.100000 -21.625933  14.860210  61.985865
           36.200000 -21.251066  14.017694  59.302140
           36.300000 -21.066201  13.677093  58.177115
           36.400000 -20.736672  12.955483  55.873384
           36.500000 -20.558367  12.642917  54.939469
           36.600000 -20.437234  12.392200  53.932731
           36.700000 -20.130086  11.792746  52.328952
           36.800000 -19.973672  11.498957  51.463617
           36.900000 -19.632490  10.537775  48.257070
           37.000000 -19.466581  10.306113  47.618559
           37.100000 -19.360997  10.112684  46.816914
           37.200000 -19.079750   9.647476  45.688603
           37.300000 -18.942143   9.405614  45.013210
           37.400000 -18.809365   9.070532  43.792062
           37.500000 -18.607796   8.776297  43.191151
           37.600000 -18.544687   8.620185  42.552217
           37.700000 -18.291051   8.256445  41.685765
           37.800000 -18.220659   8.111887  41.074220
           37.900000 -17.893066   7.298681  38.533955
           38.000000 -17.776029   7.151623  38.167465
           38.100000 -17.643738   6.987657  37.735987
           38.200000 -17.504892   6.779150  37.138192
           38.300000 -17.441723   6.697157  36.659782
           38.400000 -17.247813   6.419027  36.052472
           38.500000 -17.189986   6.360395  35.591179
           38.600000 -17.005209   6.125302  35.184180
           38.700000 -16.940317   6.022519  34.628365
           38.800000 -16.734483   5.788445  34.212771
           38.900000 -16.497280   5.213293  31.489697
           39.000000 -16.379791   5.127508  31.292403
           39.100000 -16.269010   5.025008  31.016304
           39.200000 -16.099617   4.859339  30.420849
           39.300000 -16.000485   4.796660  30.271274
           39.400000 -15.872483   4.703639  29.915836
           39.500000 -15.796842   4.659814  29.792579
           39.600000 -15.798085   4.686102  29.625077
           39.700000 -15.626002   4.589826  29.546280
           39.800000 -15.532259   4.537147  29.424846
           39.900000 -15.483935   4.211234  27.847676
           40.000000 -15.297991   4.128440  27.883483
           40.100000 -15.197415   4.117823  27.871293
           40.200000 -15.110235   4.111264  27.829984
           40.300000 -15.033571   4.075741  27.738448
           40.400000 -14.972344   4.149098  28.049991
           40.500000 -14.929735   4.166422  27.927671
           40.600000 -14.727345   4.039501  27.864246
           40.700000 -14.662472   4.087059  27.837200
           40.800000 -14.472490   3.999160  27.818570
           40.900000 -13.565735  -7.565841 -12.440199
           41.000000 -13.386962  -7.515540 -11.840163
           41.100000 -13.271828  -7.537737 -11.677291
           41.200000 -12.992106  -7.661342 -12.270401
           41.300000 -12.865873  -7.683452 -12.137472
           41.400000 -12.578022  -7.813316 -12.523100
           41.500000 -12.407220  -7.876153 -12.411973
           41.600000 -12.251419  -7.935904 -12.565826
           41.700000 -11.998256  -8.046421 -12.696406
           41.800000 -11.869293  -8.106579 -12.779322
           41.900000 -11.664224  -8.201513 -12.722671
           42.000000 -11.509149  -8.071022 -11.971509
           42.100000 -11.354544  -8.094201 -11.807935
           42.200000 -11.267678  -8.006504 -11.405617
           42.300000 -11.085327  -8.081315 -11.427141
           42.400000 -10.997003  -8.078152 -11.400733
           42.500000 -10.780662  -8.149931 -11.466720
           42.600000 -10.703054  -8.209949 -11.577367
           42.700000 -10.501884  -8.293806 -11.677234
           42.800000 -10.453643  -8.343425 -11.727767
           42.900000 -10.268018  -8.329101 -11.339778
           43.000000 -10.159123  -8.337784 -11.109782
           43.100000 -10.032614  -8.415476 -11.154998
           43.200000  -9.963697  -8.452845 -11.162718
           43.300000  -9.806386  -8.544233 -11.191568
           43.400000  -9.740030  -8.616844 -11.365124
           43.500000  -9.518656  -8.728908 -11.451636
           43.600000  -9.388852  -8.798823 -11.546631
           43.700000  -9.186112  -8.940820 -11.702780
           43.800000  -9.084121  -8.987809 -11.736970
           43.900000  -8.904495  -9.010306 -11.301999
           44.000000  -8.752180  -9.000167 -10.948247
           44.100000  -8.570065  -9.063887 -10.879509
           44.200000  -8.457724  -9.081708 -10.890206
           44.300000  -8.276687  -9.185589 -10.881250
           44.400000  -8.195090  -9.241609 -11.076961
           44.500000  -7.963773  -9.347241 -11.109663
           44.600000  -7.824380  -9.384871 -11.155004
           44.700000  -7.756502  -9.400281 -11.311033
           44.800000  -7.588996  -9.466846 -11.268280
           44.900000  -7.564943  -9.337329 -10.687880
           45.000000  -7.340401  -9.369208 -10.574805
           45.100000  -7.206769  -9.338579 -10.314008
           45.200000  -7.130274  -9.343119 -10.333029
           45.300000  -6.923438  -9.407893 -10.252693
           45.400000  -6.784379  -9.430746 -10.252774
           45.500000  -6.665458  -9.412071 -10.211771
           45.600000  -6.433078  -9.462789 -10.147065
           45.700000  -6.337049  -9.449585 -10.137246
           45.800000  -6.136102  -9.497317 -10.010376
           45.900000 -6.057161 -9.160844 -8.525377
           46.000000 -5.850869 -9.123243 -8.083040
           46.100000 -5.694248 -9.043120 -7.527493
           46.200000 -5.538567 -8.973896 -7.007271
           46.300000 -5.394348 -8.999401 -6.877907
           46.400000 -5.264898 -8.952908 -6.571627
           46.500000 -5.151400 -8.949846 -6.508040
           46.600000 -4.938281 -9.008065 -6.419911
           46.700000 -4.864936 -8.958290 -6.186234
           46.800000 -4.675974 -9.028516 -6.063285
           46.900000 -4.658073 -8.887661 -5.449448
           47.000000 -4.426492 -8.965930 -5.326826
           47.100000 -4.349417 -8.972226 -5.251510
           47.200000 -4.146885 -9.012060 -5.036223
           47.300000 -4.021699 -9.004528 -4.837289
           47.400000 -3.892039 -8.992947 -4.648425
           47.500000 -3.809073 -8.999033 -4.584520
           47.600000 -3.597515 -9.038653 -4.501040
           47.700000 -3.516949 -9.031038 -4.368243
           47.800000 -3.350647 -9.078564 -4.254709
           47.900000 -3.348127 -8.825701 -3.702191
           48.000000 -3.109432 -8.954274 -3.488171
           48.100000 -2.975085 -8.985755 -3.327819
           48.200000 -2.920355 -9.011484 -3.169637
           48.300000 -2.750223 -9.086971 -3.060712
           48.400000 -2.708436 -9.112808 -2.977745
           48.500000 -2.509732 -9.189478 -2.919808
           48.600000 -2.426125 -9.227312 -2.887455
           48.700000 -2.289856 -9.332944 -2.820419
           48.800000 -2.249681 -9.389588 -2.738863
           48.900000 -2.126677 -8.957103 -1.459301
           49.000000 -2.025352 -9.047967 -1.336258
           49.100000 -1.926280 -9.145513 -1.309944
           49.200000 -1.884476 -9.257247 -1.248691
           49.300000 -1.767897 -9.353915 -1.174023
           49.400000 -1.727894 -9.495235 -1.274650
           49.500000 -1.584200 -9.640082 -1.239633
           49.600000 -1.503420 -9.709909 -1.214906
           49.700000 -1.354575 -9.958318 -1.330502
           49.800000  -1.289697 -10.027172  -1.278121
           49.900000  -1.234188 -10.017285  -0.651969
           50.000000 -1.294685 -9.973862 -0.593329
           50.100000  -1.098099 -10.266976  -0.458671
           50.200000  -1.047407 -10.467687  -0.505583
           50.300000  -1.052807 -10.611479  -0.448067
           50.400000  -0.963705 -10.764867  -0.401610
           50.500000  -0.913529 -10.892635  -0.316080
           50.600000  -0.893064 -11.018496  -0.300976
           50.700000  -0.816545 -11.149339  -0.234809
           50.800000  -0.826123 -11.273781  -0.189680
           50.900000  -0.824092 -11.229843   0.404163
           51.000000  -0.919109 -11.176769   0.441573
           51.100000  -0.788097 -11.484667   0.559038
           51.200000  -0.857200 -11.537498   0.561225
           51.300000  -0.784719 -11.733743   0.693472
           51.400000  -0.854707 -11.807300   0.763138
           51.500000  -0.755350 -12.004560   0.801133
           51.600000  -0.735812 -12.150844   0.827165
           51.700000  -0.723672 -12.316768   0.798092
           51.800000  -0.756391 -12.444325   0.805875
           51.900000  -0.654157 -12.406317   1.035871
           52.000000  -0.777838 -12.383257   1.062656
           52.100000  -0.663219 -12.682318   1.121805
           52.200000  -0.748808 -12.767772   1.144668
           52.300000  -0.704010 -12.995001   1.174579
           52.400000  -0.732915 -13.144895   1.205406
           52.500000  -0.734505 -13.294602   1.210803
           52.600000  -0.760357 -13.429255   1.189419
           52.700000  -0.762101 -13.644654   1.183483
           52.800000  -0.803379 -13.771453   1.195365
           52.900000  -0.829238 -13.988204   1.253353
           53.000000  -0.902549 -14.147256   1.271420
           53.100000  -0.865417 -14.287089   1.273678
           53.200000  -0.946537 -14.450564   1.275066
           53.300000  -0.928490 -14.598439   1.312172
           53.400000  -0.992166 -14.718690   1.364083
           53.500000  -0.963797 -14.884789   1.402968
           53.600000  -0.997803 -15.001621   1.398536
           53.700000  -0.970185 -15.190063   1.418404
           53.800000  -1.008980 -15.306648   1.428417
           53.900000  -1.016235 -15.468848   1.509051
           54.000000  -1.082436 -15.612644   1.547338
           54.100000  -1.059251 -15.775733   1.533988
           54.200000  -1.105730 -15.945622   1.564826
           54.300000  -1.142306 -16.082032   1.618543
           54.400000  -1.200877 -16.247186   1.712107
           54.500000  -1.252341 -16.396263   1.729804
           54.600000  -1.200572 -16.552808   1.725920
           54.700000  -1.232047 -16.694034   1.763570
           54.800000  -1.234501 -16.855204   1.802425
           54.900000  -1.300585 -16.996510   1.901369
           55.000000  -1.299483 -17.126859   1.950525
           55.100000  -1.338783 -17.290475   1.940174
           55.200000  -1.351829 -17.432074   1.957739
           55.300000  -1.380837 -17.562431   1.994487
           55.400000  -1.412244 -17.699826   2.035419
           55.500000  -1.457097 -17.830749   2.041963
           55.600000  -1.441324 -17.991725   2.064248
           55.700000  -1.472816 -18.132459   2.061083
           55.800000  -1.481991 -18.298489   2.104616
           55.900000  -1.562896 -18.919348   2.194464
           56.000000  -1.687913 -18.769233   2.094043
           56.100000  -1.680570 -18.959987   2.069327
           56.200000  -1.758784 -19.037099   2.190900
           56.300000  -1.799875 -19.176804   2.213500
           56.400000  -1.838524 -19.299942   2.288975
           56.500000  -1.849523 -19.442963   2.321188
           56.600000  -1.876572 -19.577036   2.293475
           56.700000  -1.855903 -19.761044   2.320305
           56.800000  -1.895086 -19.886844   2.321412
           56.900000  -1.873378 -20.001231   2.423588
           57.000000  -1.935569 -20.107098   2.441635
           57.100000  -1.927993 -20.284285   2.454424
           57.200000  -1.936783 -20.364679   2.459510
           57.300000  -1.944394 -20.537248   2.504898
           57.400000  -1.940820 -20.653811   2.514003
           57.500000  -2.001023 -20.774785   2.526526
           57.600000  -1.984981 -20.954268   2.544727
           57.700000  -2.024564 -21.098695   2.463024
           57.800000  -2.020048 -21.270271   2.504996
           57.900000  -2.084703 -21.398343   2.499672
           58.000000  -2.111487 -21.548722   2.528034
           58.100000  -2.185988 -21.676386   2.516771
           58.200000  -2.185894 -21.856111   2.477510
           58.300000  -2.270365 -21.987825   2.489713
           58.400000  -2.294794 -22.119928   2.588856
           58.500000  -2.375383 -22.243317   2.629988
           58.600000  -2.376056 -22.418032   2.603395
           58.700000  -2.442054 -22.555148   2.608840
           58.800000  -2.443634 -22.698998   2.612954
           58.900000  -2.528147 -22.813644   2.683997
           59.000000  -2.565473 -22.958895   2.691806
           59.100000  -2.654700 -23.097661   2.697833
           59.200000  -2.685996 -23.247448   2.659560
           59.300000  -2.758788 -23.376598   2.677140
           59.400000  -2.824145 -23.502132   2.714869
           59.500000  -2.912169 -23.614257   2.734125
           59.600000  -2.946455 -23.785369   2.728242
           59.700000  -3.036219 -23.900726   2.697593
           59.800000  -3.070760 -24.066731   2.698526
           59.900000  -3.169023 -24.159074   2.731761
           60.000000  -3.225814 -24.309907   2.727213
           60.100000  -3.322503 -24.418549   2.711192
           60.200000  -3.378232 -24.566870   2.690003
           60.300000  -3.484247 -24.687224   2.685282
           60.400000  -3.539769 -24.805983   2.725608
           60.500000  -3.642897 -24.916762   2.737005
           60.600000  -3.691826 -25.066651   2.713304
           60.700000  -3.771334 -25.210106   2.665658
           60.800000  -3.848860 -25.346303   2.698788
           60.900000  -3.960632 -25.457416   2.706007
           61.000000  -4.029596 -25.591304   2.739449
           61.100000  -4.122129 -25.698968   2.703928
           61.200000  -4.196204 -25.853186   2.706173
           61.300000  -4.281731 -25.982695   2.713608
           61.400000  -4.395796 -26.075626   2.712975
           61.500000  -4.434352 -26.230225   2.764262
           61.600000  -4.533319 -26.331107   2.730953
           61.700000  -4.577813 -26.507036   2.755918
           61.800000  -4.690001 -26.606744   2.740415
           61.900000  -4.741834 -26.754378   2.839011
           62.000000  -4.874329 -26.852267   2.814435
           62.100000  -4.908442 -27.027354   2.821500
           62.200000  -4.975860 -27.175249   2.758661
           62.300000  -5.055856 -27.307001   2.772786
           62.400000  -5.163543 -27.414813   2.774965
           62.500000  -5.206875 -27.576366   2.801762
           62.600000  -5.294780 -27.703552   2.749069
           62.700000  -5.354776 -27.864800   2.792878
           62.800000  -5.476615 -27.972789   2.790546
           62.900000  -5.534732 -28.106872   2.835748
           63.000000  -5.717896 -28.224438   2.818869
           63.100000  -5.701562 -28.384355   2.811344
           63.200000  -5.832573 -28.505297   2.779462
           63.300000  -5.872207 -28.642896   2.818072
           63.400000  -5.983499 -28.750927   2.833311
           63.500000  -6.024986 -28.905929   2.840973
           63.600000  -6.120692 -29.032545   2.808138
           63.700000  -6.177128 -29.184019   2.810255
           63.800000  -6.297505 -29.287680   2.824941
           63.900000  -6.381613 -29.409240   2.850564
           64.000000  -6.521687 -29.503450   2.832234
           64.100000  -6.567421 -29.656751   2.810719
           64.200000  -6.696585 -29.765051   2.804171
           64.300000  -6.785071 -29.893682   2.802754
           64.400000  -6.927316 -29.992874   2.838923
           64.500000  -6.995273 -30.123089   2.799313
           64.600000  -7.135473 -30.232776   2.771530
           64.700000  -7.205976 -30.364109   2.715317
           64.800000  -7.354773 -30.431876   2.720562
           64.900000  -7.473521 -30.536820   2.729423
           65.000000  -7.631475 -30.598264   2.687749
           65.100000  -7.730375 -30.718126   2.647184
           65.200000  -7.895267 -30.786243   2.614914
           65.300000  -8.004996 -30.863573   2.637234
           65.400000  -8.172571 -30.913146   2.620467
           65.500000  -8.275095 -31.022980   2.579608
           65.600000  -8.430296 -31.089239   2.511662
           65.700000  -8.541935 -31.167031   2.505942
           65.800000  -8.716525 -31.206590   2.482957
           65.900000  -8.843344 -31.256744   2.482014
           66.000000  -9.015017 -31.273264   2.413024
           66.100000  -9.131097 -31.334359   2.367585
           66.200000  -9.300815 -31.359298   2.306874
           66.300000  -9.435669 -31.390890   2.338809
           66.400000  -9.601157 -31.412510   2.304928
           66.500000  -9.704665 -31.472305   2.252037
           66.600000  -9.864307 -31.508734   2.194624
           66.700000  -9.985745 -31.551864   2.191253
           66.800000 -10.158673 -31.567852   2.168384
           66.900000 -10.281201 -31.601395   2.131817
           67.000000 -10.425235 -31.579541   2.046173
           67.100000 -10.582539 -31.670299   2.002284
           67.200000 -10.743841 -31.656992   1.953734
           67.300000 -10.911440 -31.725337   1.966618
           67.400000 -11.078082 -31.731235   1.910791
           67.500000 -11.188387 -31.819573   1.858114
           67.600000 -11.350742 -31.830722   1.792301
           67.700000 -11.492060 -31.875162   1.809544
           67.800000 -11.679368 -31.864588   1.782439
           67.900000 -11.771538 -31.919633   1.735798
           68.000000 -11.909660 -31.893176   1.648086
           68.100000 -12.082316 -31.947079   1.617627
           68.200000 -12.251849 -31.909390   1.576865
           68.300000 -12.391987 -31.961352   1.601805
           68.400000 -12.562163 -31.929856   1.589378
           68.500000 -12.695252 -32.001350   1.548086
           68.600000 -12.884605 -32.000212   1.477716
           68.700000 -13.011182 -32.048776   1.450635
           68.800000 -13.199344 -32.043614   1.397068
           68.900000 -13.297564 -32.075204   1.341197
           69.000000 -13.473154 -32.084520   1.276404
           69.100000 -13.629620 -32.098786   1.244842
           69.200000 -13.814595 -32.106635   1.226951
           69.300000 -13.932899 -32.133741   1.194360
           69.400000 -14.109112 -32.156030   1.117915
           69.500000 -14.226688 -32.213731   1.084762
           69.600000 -14.413443 -32.227684   1.052194
           69.700000 -14.533596 -32.260815   1.046359
           69.800000 -14.722871 -32.252664   0.993645
           69.900000 -14.825477 -32.309243   0.919053
           70.000000 -14.951340 -32.322546   0.827872
           70.100000 -15.138695 -32.353695   0.811536
           70.200000 -15.332939 -32.359486   0.766752
           70.300000 -15.468263 -32.424996   0.747224
           70.400000 -15.653305 -32.454160   0.672468
           70.500000 -15.764340 -32.505050   0.641125
           70.600000 -15.951059 -32.511677   0.616832
           70.700000 -16.083843 -32.536531   0.590853
           70.800000 -16.274880 -32.537978   0.510790
           70.900000 -16.409095 -32.547535   0.542924
           71.000000 -16.679606 -32.549188   0.507465
           71.100000 -16.742271 -32.566793   0.506605
           71.200000 -16.892557 -32.581156   0.450291
           71.300000 -17.039313 -32.604952   0.385361
           71.400000 -17.213507 -32.616912   0.351862
           71.500000 -17.374568 -32.625057   0.312428
           71.600000 -17.532299 -32.626494   0.283788
           71.700000 -17.691692 -32.617726   0.274534
           71.800000 -17.879403 -32.603874   0.180253
           71.900000 -18.005301 -32.623969   0.089205
           72.000000 -18.202878 -32.604582   0.034176
           72.100000 -18.357670 -32.612855   0.025319
           72.200000 -18.502710 -32.623109  -0.027196
           72.300000 -18.657750 -32.627256  -0.079827
           72.400000 -18.800248 -32.617321  -0.104342
           72.500000 -18.933561 -32.596634  -0.101069
           72.600000 -19.080113 -32.561649  -0.111341
           72.700000 -19.159239 -32.557323  -0.101242
           72.800000 -19.289429 -32.530604  -0.106165
           72.900000 -19.365045 -32.541077  -0.067664
           73.000000 -19.495657 -32.523625  -0.056094
           73.100000 -19.544659 -32.553446  -0.054182
           73.200000 -19.663510 -32.534400  -0.066661
           73.300000 -19.707292 -32.563154  -0.051158
           73.400000 -19.786671 -32.563637  -0.037202
           73.500000 -19.900358 -32.534137  -0.050108
           73.600000 -19.965127 -32.541030  -0.002380
           73.700000 -20.089581 -32.510526  -0.016184
           73.800000 -20.121191 -32.543114   0.006407
           73.900000 -20.193144 -32.554233   0.011034
           74.000000 -20.273615 -32.562736   0.031853
           74.100000 -20.362595 -32.557760   0.051240
           74.200000 -20.431455 -32.546161   0.053249
           74.300000 -20.504467 -32.531717   0.060162
           74.400000 -20.603889 -32.509251   0.082188
           74.500000 -20.721750 -32.480362   0.076118
           74.600000 -20.773333 -32.491632   0.101195
           74.700000 -20.877500 -32.486745   0.095095
           74.800000 -20.951061 -32.501493   0.121446
           74.900000 -21.051542 -32.493464   0.090652
           75.000000 -21.100699 -32.487455   0.143001
           75.100000 -21.181133 -32.460959   0.107854
           75.200000 -21.250631 -32.442656   0.165253
           75.300000 -21.337914 -32.418121   0.181238
           75.400000 -21.412955 -32.398496   0.173237
           75.500000 -21.519495 -32.363101   0.161928
           75.600000 -21.566007 -32.365400   0.167864
           75.700000 -21.671527 -32.331368   0.156309
           75.800000 -21.720898 -32.318803   0.193819
           75.900000 -21.794151 -32.284631   0.215509
           76.000000 -21.863865 -32.241576   0.226717
           76.100000 -21.943917 -32.210069   0.232481
           76.200000 -22.035329 -32.164132   0.245459
           76.300000 -22.107925 -32.139212   0.240435
           76.400000 -22.181603 -32.118941   0.249874
           76.500000 -22.261792 -32.102476   0.244159
           76.600000 -22.377484 -32.071237   0.236555
           76.700000 -22.419705 -32.059257   0.258825
           76.800000 -22.534008 -32.018374   0.263105
           76.900000 -22.556636 -32.025525   0.167505
           77.000000 -22.645081 -32.033856   0.149680
           77.100000 -22.735260 -32.013113   0.152106
           77.200000 -22.805116 -32.017508   0.137935
           77.300000 -22.894450 -32.037043   0.156630
           77.400000 -22.978836 -32.059796   0.116248
           77.500000 -23.099168 -32.054924   0.142505
           77.600000 -23.145433 -32.068623   0.149190
           77.700000 -23.271706 -32.044882   0.130580
           77.800000 -23.306578 -32.066448   0.144062
           77.900000 -23.397918 -32.090545   0.168276
           78.000000 -23.489820 -32.081161   0.192420
           78.100000 -23.551448 -32.132193   0.213359
           78.200000 -23.630484 -32.141372   0.221297
           78.300000 -23.708575 -32.184355   0.268298
           78.400000 -23.778567 -32.197786   0.301895
           78.500000 -23.858629 -32.224178   0.341281
           78.600000 -23.948325 -32.218098   0.343008
           78.700000 -23.991800 -32.251885   0.361407
           78.800000 -24.077760 -32.271139   0.388621
           78.900000 -24.157888 -32.291913   0.401498
           79.000000 -24.319035 -32.310767   0.427840
           79.100000 -24.306447 -32.331827   0.439096
           79.200000 -24.363260 -32.378810   0.421922
           79.300000 -24.442991 -32.419877   0.446608
           79.400000 -24.509894 -32.449931   0.457503
           79.500000 -24.572960 -32.480723   0.484821
           79.600000 -24.696540 -32.506059   0.489630
           79.700000 -24.743244 -32.512524   0.499193
           79.800000 -24.881630 -32.527695   0.487796
           79.900000 -24.965944 -32.540101   0.658606
           80.000000 -25.042742 -32.589143   0.619868
           80.100000 -25.112981 -32.633236   0.598997
           80.200000 -25.181468 -32.689236   0.599057
           80.300000 -25.262883 -32.765400   0.621299
           80.400000 -25.342940 -32.814230   0.657003
           80.500000 -25.427537 -32.853420   0.700897
           80.600000 -25.512443 -32.899418   0.729621
           80.700000 -25.594638 -32.950547   0.755940
           80.800000 -25.679284 -33.013686   0.747586
           80.900000 -25.457726 -33.371866  -0.923839
           81.000000 -25.535482 -33.427224  -0.934263
           81.100000 -25.607555 -33.504105  -0.946838
           81.200000 -25.616562 -33.631623  -1.209225
           81.300000 -25.667277 -33.748115  -1.250698
           81.400000 -25.701633 -33.903163  -1.485541
           81.500000 -25.759093 -33.997743  -1.440165
           81.600000 -25.828428 -34.125045  -1.416085
           81.700000 -25.997567 -34.073626  -0.998246
           81.800000 -26.066672 -34.177696  -0.996264
           81.900000 -26.196943 -34.244129  -0.731473
           82.000000 -26.341783 -34.350683  -0.636042
           82.100000 -26.314132 -34.494701  -0.691935
           82.200000 -26.380159 -34.628428  -0.688132
           82.300000 -26.458710 -34.753275  -0.690089
           82.400000 -26.485952 -34.903393  -0.645037
           82.500000 -26.538695 -35.037888  -0.608314
           82.600000 -26.622559 -35.149628  -0.590339
           82.700000 -26.676220 -35.267723  -0.503459
           82.800000 -26.716964 -35.421823  -0.505450
           82.900000 -26.769290 -35.569608  -0.489086
           83.000000 -26.878632 -35.749421  -0.468709
           83.100000 -26.843361 -35.846881  -0.387181
           83.200000 -26.962825 -35.978540  -0.188249
           83.300000 -26.897074 -36.078038  -0.209564
           83.400000 -26.922986 -36.203470  -0.115220
           83.500000 -26.947710 -36.340279  -0.061472
           83.600000 -26.972178 -36.469588  -0.009785
           83.700000 -27.001577 -36.589721   0.141290
           83.800000 -27.026125 -36.746071   0.148406
           83.900000 -27.178440 -37.742159  -2.586894
           84.000000 -27.228818 -37.864571  -2.424247
           84.100000 -27.255301 -37.988463  -2.301329
           84.200000 -27.275848 -38.077636  -1.933743
           84.300000 -27.251701 -38.228036  -1.907424
           84.400000 -27.245437 -38.314629  -1.661651
           84.500000 -27.243395 -38.474831  -1.553126
           84.600000 -27.240585 -38.607819  -1.478247
           84.700000 -27.246897 -38.706163  -1.324929
           84.800000 -27.225634 -38.892634  -1.284741
           84.900000 -27.150546 -39.611493  -3.296778
           85.000000 -27.140777 -39.732659  -3.175972
           85.100000 -27.130904 -39.853796  -3.034874
           85.200000 -27.078188 -39.969895  -2.906395
           85.300000 -27.048990 -40.106372  -2.796438
           85.400000 -27.021532 -40.214226  -2.624909
           85.500000 -27.018325 -40.326503  -2.467093
           85.600000 -27.037579 -40.433661  -2.336113
           85.700000 -27.004202 -40.556173  -2.189811
           85.800000 -26.998340 -40.697619  -2.114859
           85.900000 -26.944328 -41.982753  -6.225811
           86.000000 -26.913245 -42.127381  -6.181735
           86.100000 -26.895308 -42.254062  -6.095396
           86.200000 -26.800215 -42.439241  -6.239873
           86.300000 -26.778380 -42.581076  -6.155238
           86.400000 -26.735724 -42.765073  -6.243129
           86.500000 -26.742687 -42.878145  -6.119910
           86.600000 -26.752365 -43.001930  -6.019300
           86.700000 -26.724319 -43.186630  -6.155525
           86.800000 -26.738987 -43.317412  -6.079852
           86.900000 -26.701023 -43.581695  -6.503495
           87.000000 -26.702297 -43.714273  -6.454692
           87.100000 -26.684379 -43.869530  -6.430223
           87.200000 -26.653489 -44.127155  -6.765493
           87.300000 -26.654346 -44.261079  -6.676616
           87.400000 -26.676860 -44.422152  -6.726304
           87.500000 -26.672240 -44.534890  -6.638241
           87.600000 -26.705710 -44.681052  -6.583115
           87.700000 -26.753884 -44.837765  -6.578115
           87.800000 -26.736603 -45.000779  -6.521365
           87.900000 -26.625182 -45.232787  -7.236371
           88.000000 -26.642236 -45.366265  -7.228788
           88.100000 -26.623924 -45.515880  -7.155983
           88.200000 -26.595292 -45.660968  -7.275481
           88.300000 -26.589889 -45.796161  -7.242866
           88.400000 -26.632718 -45.885614  -7.122343
           88.500000 -26.653508 -46.020947  -7.050360
           88.600000 -26.688057 -46.160660  -7.021590
           88.700000 -26.720033 -46.261908  -6.923565
           88.800000 -26.728461 -46.394182  -6.870727
           88.900000 -26.640564 -46.530779  -7.648044
           89.000000 -26.666214 -46.662555  -7.535804
           89.100000 -26.637609 -46.819651  -7.646151
           89.200000 -26.692035 -46.862480  -7.671236
           89.300000 -26.693183 -46.990839  -7.639673
           89.400000 -26.737801 -47.066774  -7.635583
           89.500000 -26.773434 -47.211696  -7.604766
           89.600000 -26.770360 -47.355152  -7.560426
           89.700000 -26.770516 -47.482213  -7.659382
           89.800000 -26.805400 -47.631441  -7.634473
           89.900000 -27.396033 -47.296885  -3.994635
           90.000000 -27.443366 -47.410395  -3.709286
           90.100000 -27.444576 -47.566551  -3.654711
           90.200000 -27.500756 -47.647248  -3.330254
           90.300000 -27.511782 -47.779964  -3.203712
           90.400000 -27.571161 -47.760317  -2.495978
           90.500000 -27.585244 -47.869770  -2.305513
           90.600000 -27.598692 -47.994830  -2.182987
           90.700000 -27.676696 -48.015656  -1.842162
           90.800000 -27.662491 -48.194716  -1.792193
           90.900000 -28.360967 -47.365623   2.546785
           91.000000 -28.435353 -47.448147   2.876528
           91.100000 -28.461660 -47.572622   3.014706
           91.200000 -28.704958 -47.293328   4.335236
           91.300000 -28.735085 -47.396282   4.530089
           91.400000 -28.989515 -47.136706   5.571635
           91.500000 -29.007476 -47.259154   5.786608
           91.600000 -29.050520 -47.340063   6.002814
           91.700000 -29.181311 -47.538331   5.844344
           91.800000 -29.206002 -47.666001   5.959113
           91.900000 -30.444134 -46.231469  10.246262
           92.000000 -30.530681 -46.285311  10.556337
           92.100000 -30.559852 -46.406198  10.670992
           92.200000 -31.565221 -45.643655  11.982030
           92.300000 -31.595295 -45.763808  12.075891
           92.400000 -32.375560 -45.097685  12.988856
           92.500000 -32.396824 -45.252891  12.997080
           92.600000 -32.446174 -45.377525  12.975511
           92.700000 -32.944997 -45.150080  13.262954
           92.800000 -32.978561 -45.281415  13.318443
           92.900000 -33.687088 -44.244967  14.941127
           93.000000 -33.749864 -44.289284  15.145195
           93.100000 -33.802001 -44.354780  15.202106
           93.200000 -33.969486 -44.278771  15.431110
           93.300000 -34.033475 -44.356111  15.580970
           93.400000 -34.259439 -44.444686  15.378833
           93.500000 -34.292560 -44.580327  15.402857
           93.600000 -34.334826 -44.721949  15.435593
           93.700000 -34.635159 -44.580300  15.533836
           93.800000 -34.711772 -44.648248  15.521345
           93.900000 -35.339367 -43.025885  18.373961
           94.000000 -35.347755 -43.172428  18.391748
           94.100000 -35.370469 -43.286750  18.336258
           94.200000 -35.492553 -43.290924  18.451816
           94.300000 -35.534560 -43.404747  18.483934
           94.400000 -35.647144 -43.573799  18.346356
           94.500000 -35.656351 -43.748633  18.312052
           94.600000 -35.695735 -43.911573  18.298851
           94.700000 -35.926981 -43.772345  18.198867
           94.800000 -35.930722 -44.001285  18.236053
           94.900000 -36.253043 -42.926529  19.918556
           95.000000 -36.264509 -43.140495  20.005359
           95.100000 -36.270656 -43.302689  20.037757
           95.200000 -36.306999 -43.371181  20.108358
           95.300000 -36.340999 -43.498848  20.163872
           95.400000 -36.364200 -43.645238  20.208820
           95.500000 -36.387262 -43.815595  20.224562
           95.600000 -36.422099 -43.982741  20.234317
           95.700000 -36.455403 -44.123451  20.232714
           95.800000 -36.495001 -44.241864  20.312410
           95.900000 -36.450150 -44.453279  20.344442
           96.000000 -36.453015 -44.620874  20.393579
           96.100000 -36.448405 -44.785021  20.450710
           96.200000 -36.452820 -44.929752  20.496524
           96.300000 -36.485378 -45.053631  20.544477
           96.400000 -36.477855 -45.230551  20.580337
           96.500000 -36.469111 -45.422964  20.578943
           96.600000 -36.480084 -45.593696  20.595555
           96.700000 -36.480074 -45.761068  20.584730
           96.800000 -36.493584 -45.915951  20.572657
           96.900000 -36.385765 -46.230308  20.531713
           97.000000 -36.343390 -46.466404  20.474342
           97.100000 -36.319436 -46.669827  20.445820
           97.200000 -36.260100 -46.883029  20.449163
           97.300000 -36.248114 -47.052044  20.450005
           97.400000 -36.246747 -47.176011  20.402611
           97.500000 -36.218918 -47.413770  20.402928
           97.600000 -36.238715 -47.521913  20.332074
           97.700000 -36.230350 -47.727393  20.382640
           97.800000 -36.220153 -47.899035  20.389974
           97.900000 -36.344143 -43.801851  28.584503
           98.000000 -36.314275 -44.018432  28.556410
           98.100000 -36.298213 -44.217796  28.495987
           98.200000 -36.350147 -44.171121  28.537288
           98.300000 -36.368624 -44.321875  28.622113
           98.400000 -36.320040 -44.502373  28.706739
           98.500000 -36.316972 -44.720549  28.631370
           98.600000 -36.350058 -44.860425  28.508138
           98.700000 -36.329652 -45.061242  28.544481
           98.800000 -36.365114 -45.148916  28.454848
           98.900000 -36.257888 -42.644208  33.667932
           99.000000 -36.266367 -42.797594  33.483706
           99.100000 -36.291494 -43.029329  33.506155
           99.200000 -36.338549 -43.050981  33.454496
           99.300000 -36.371592 -43.226630  33.614001
           99.400000 -36.359497 -43.435628  33.669915
           99.500000 -36.378548 -43.538261  33.642506
           99.600000 -36.393585 -43.693894  33.724713
           99.700000 -36.401615 -43.872212  33.727682
           99.800000 -36.450103 -43.945279  33.688308
           99.900000 -36.442421 -44.271613  33.725590
          100.000000 -36.464600 -44.383940  33.667394
          100.100000 -36.469833 -44.569719  33.786502
          100.200000 -36.439551 -44.775943  33.871970
          100.300000 -36.449295 -44.918427  33.924885
          100.400000 -36.389459 -45.181892  34.055087
          100.500000 -36.405414 -45.336298  34.087282
          100.600000 -36.455090 -45.404152  34.090272
          100.700000 -36.426293 -45.631629  34.275179
          100.800000 -36.481877 -45.676605  34.315691
          100.900000 -36.482631 -45.619440  35.506745
          101.000000 -36.499397 -45.690856  35.335021
          101.100000 -36.532906 -45.926114  35.628230
          101.200000 -36.538463 -46.118798  35.714751
          101.300000 -36.573663 -46.234823  35.786237
          101.400000 -36.583917 -46.414856  35.834102
          101.500000 -36.617922 -46.547485  35.874148
          101.600000 -36.683525 -46.609528  35.848092
          101.700000 -36.696557 -46.805964  36.007598
          101.800000 -36.761560 -46.826301  35.998279
          101.900000 -36.242157 -44.268830  43.139600
          102.000000 -36.231397 -44.335563  42.973622
          102.100000 -36.267011 -44.507329  43.280737
          102.200000 -36.261414 -44.674941  43.330383
          102.300000 -36.279594 -44.804415  43.409060
          102.400000 -36.301051 -45.001482  43.388758
          102.500000 -36.360264 -45.077103  43.360403
          102.600000 -36.377286 -45.267136  43.465161
          102.700000 -36.459810 -45.291078  43.421426
          102.800000 -36.467633 -45.479874  43.576189
          102.900000 -36.369694 -46.443569  42.810318
          103.000000 -36.175161 -46.725981  43.106393
          103.100000 -36.200605 -46.886511  43.139040
          103.200000 -36.246685 -47.065978  43.236327
          103.300000 -36.291664 -47.160540  43.355264
          103.400000 -36.317823 -47.383570  43.223706
          103.500000 -36.343846 -47.511438  43.566965
          103.600000 -36.368084 -47.715435  43.462629
          103.700000 -36.433114 -47.815096  43.827289
          103.800000 -36.488425 -47.883195  43.782834
          103.900000 -36.507342 -48.141526  44.034762
          104.000000 -36.485791 -48.289679  43.964842
          104.100000 -36.533900 -48.448966  44.150576
          104.200000 -36.549092 -48.623843  44.214985
          104.300000 -36.610005 -48.683431  44.220158
          104.400000 -36.639502 -48.925319  44.301780
          104.500000 -36.689069 -48.986006  44.341025
          104.600000 -36.693511 -49.204089  44.483610
          104.700000 -36.749676 -49.272800  44.558076
          104.800000 -36.757832 -49.406839  44.717477
          104.900000 -36.782027 -49.476336  44.761881
          105.000000 -36.793588 -49.658867  44.901138
          105.100000 -36.817641 -49.717611  44.940614
          105.200000 -36.812762 -49.882345  45.123576
          105.300000 -36.871560 -49.909108  45.216423
          105.400000 -36.869617 -50.086700  45.321834
          105.500000 -36.922489 -50.144152  45.371759
          105.600000 -36.933007 -50.334674  45.486238
          105.700000 -37.023321 -50.370512  45.537940
          105.800000 -37.010562 -50.538079  45.718240
          105.900000 -37.330083 -50.616084  45.689964
          106.000000 -37.064286 -50.751864  45.891548
          106.100000 -37.098517 -50.815997  45.952682
          106.200000 -37.075894 -51.015117  46.118559
          106.300000 -37.132466 -51.040385  46.203890
          106.400000 -37.155300 -51.226868  46.358655
          106.500000 -37.180979 -51.376905  46.428126
          106.600000 -37.211111 -51.500795  46.551897
          106.700000 -37.285077 -51.528120  46.641132
          106.800000 -37.303479 -51.705155  46.793140
          106.900000 -37.368805 -51.732115  46.853157
          107.000000 -37.340607 -51.950504  46.994153
          107.100000 -37.354587 -52.058534  47.095115
          107.200000 -37.375161 -52.159309  47.220250
          107.300000 -37.427679 -52.242450  47.347809
          107.400000 -37.454850 -52.357007  47.441568
          107.500000 -37.487710 -52.485124  47.520460
          107.600000 -37.538938 -52.606769  47.620324
          107.700000 -37.588529 -52.706130  47.748255
          107.800000 -37.666897 -52.725108  47.826992
          107.900000 -37.650604 -52.910388  47.977953
          108.000000 -37.664798 -53.043465  48.063745
          108.100000 -37.677489 -53.177627  48.145786
          108.200000 -37.720362 -53.277505  48.272430
          108.300000 -37.772211 -53.368666  48.384758
          108.400000 -37.839761 -53.410260  48.435743
          108.500000 -37.841596 -53.604375  48.541640
          108.600000 -37.910787 -53.682267  48.574716
          108.700000 -37.938678 -53.833678  48.719068
          108.800000 -38.012324 -53.873696  48.806315
          108.900000 -38.004646 -54.037709  48.935704
          109.000000 -38.037003 -54.111710  48.996174
          109.100000 -38.029987 -54.304034  49.118194
          109.200000 -38.085767 -54.350049  49.212652
          109.300000 -38.104781 -54.494254  49.377638
          109.400000 -38.136425 -54.606148  49.467773
          109.500000 -38.185563 -54.679878  49.526610
          109.600000 -38.196467 -54.866518  49.648374
          109.700000 -38.268891 -54.896560  49.749589
          109.800000 -38.265893 -55.067271  49.888285
          109.900000 -38.305713 -55.109277  49.958466
          110.000000 -38.281966 -55.307710  50.102044
          110.100000 -38.319054 -55.364837  50.187272
          110.200000 -38.350681 -55.504717  50.361663
          110.300000 -38.387421 -55.602576  50.482529
          110.400000 -38.448413 -55.666540  50.538560
          110.500000 -38.434377 -55.885855  50.654205
          110.600000 -38.498059 -55.959159  50.718021
          110.700000 -38.518298 -56.095709  50.887503
          110.800000 -38.582135 -56.126202  50.964187
          110.900000 -38.538496 -56.324144  51.079977
          111.000000 -38.556074 -56.417262  51.124745
          111.100000 -38.567320 -56.560295  51.282683
          111.200000 -38.605017 -56.594981  51.393563
          111.300000 -38.615838 -56.759612  51.525657
          111.400000 -38.645046 -56.847894  51.585285
          111.500000 -38.649904 -57.047591  51.699225
          111.600000 -38.675916 -57.163313  51.803019
          111.700000 -38.721984 -57.201487  51.866251
          111.800000 -38.673796 -57.402012  52.017635
          111.900000 -38.660948 -57.509911  52.014381
          112.000000 -38.610214 -57.704989  52.167026
          112.100000 -38.629139 -57.734218  52.186581
          112.200000 -38.587392 -57.936789  52.398536
          112.300000 -38.620775 -57.968395  52.418738
          112.400000 -38.540496 -58.202567  52.595750
          112.500000 -38.519983 -58.351836  52.667472
          112.600000 -38.524450 -58.447008  52.757363
          112.700000 -38.479554 -58.601188  52.872754
          112.800000 -38.482788 -58.666566  52.914743
          112.900000 -38.367750 -58.924430  53.018877
          113.000000 -38.329252 -59.058334  53.118955
          113.100000 -38.310252 -59.150617  53.228166
          113.200000 -38.263643 -59.298674  53.352409
          113.300000 -38.232107 -59.416030  53.426171
          113.400000 -38.172437 -59.572358  53.524008
          113.500000 -38.139016 -59.689809  53.591943
          113.600000 -38.128622 -59.722011  53.638215
          113.700000 -38.048309 -59.871610  53.797958
          113.800000 -37.973673 -59.976885  53.878703
          113.900000 -37.881956 -60.040453  53.914700
          114.000000 -37.825682 -60.169506  54.065090
          114.100000 -37.792640 -60.169536  54.100903
          114.200000 -37.687056 -60.311230  54.294831
          114.300000 -37.608621 -60.418838  54.374909
          114.400000 -37.517349 -60.543204  54.446574
          114.500000 -37.464816 -60.594733  54.508648
          114.600000 -37.391150 -60.713935  54.654480
          114.700000 -37.330379 -60.727400  54.738562
          114.800000 -37.203281 -60.881954  54.829826
          114.900000 -37.097650 -60.830034  55.282094
          115.000000 -36.977327 -60.965408  55.406532
          115.100000 -36.902887 -60.952780  55.478110
          115.200000 -36.818655 -61.081176  55.617154
          115.300000 -36.724218 -61.176171  55.682226
          115.400000 -36.623997 -61.230319  55.725919
          115.500000 -36.520316 -61.357086  55.866854
          115.600000 -36.441246 -61.348838  55.941623
          115.700000 -36.310702 -61.456775  56.091815
          115.800000 -36.197461 -61.477084  56.126099
          115.900000 -35.888160 -61.464386  56.232786
          116.000000 -35.768649 -61.505388  56.328905
          116.100000 -35.673160 -61.485175  56.392920
          116.200000 -35.546064 -61.586987  56.533675
          116.300000 -35.459083 -61.614514  56.553931
          116.400000 -35.308498 -61.719847  56.664354
          116.500000 -35.181291 -61.765598  56.733137
          116.600000 -35.078938 -61.741072  56.755120
          116.700000 -34.876650 -61.820313  56.854231
          116.800000 -34.731742 -61.820421  56.831366
          116.900000 -34.299358 -61.515278  57.819443
          117.000000 -34.203388 -61.500015  57.787413
          117.100000 -34.028044 -61.549188  57.960740
          117.200000 -33.828394 -61.484597  58.004840
          117.300000 -33.639082 -61.602114  58.109558
          117.400000 -33.419927 -61.622494  58.146284
          117.500000 -33.310687 -61.625479  58.105927
          117.600000 -33.122155 -61.682701  58.247145
          117.700000 -33.015432 -61.592682  58.310005
          117.800000 -32.826361 -61.658622  58.286593
          117.900000 -33.375068 -59.747315  64.159659
          118.000000 -33.253500 -59.855872  64.093571
          118.100000 -33.151482 -59.764926  64.258506
          118.200000 -33.228454 -59.652269  64.053825
          118.300000 -33.092963 -59.692528  64.061147
          118.400000 -33.082057 -59.503096  64.101938
          118.500000 -32.933508 -59.511850  64.171525
          118.600000 -32.811287 -59.438377  64.192877
          118.700000 -32.638770 -59.471120  64.238249
          118.800000 -32.465715 -59.518991  64.266244
          118.900000 -31.867048 -59.191748  65.219428
          119.000000 -31.728458 -59.152268  65.171140
          119.100000 -31.536612 -59.253360  65.317649
          119.200000 -31.168564 -59.341977  65.388880
          119.300000 -30.989759 -59.407867  65.396833
          119.400000 -30.743746 -59.495842  65.448224
          119.500000 -30.598373 -59.462558  65.449514
          119.600000 -30.412281 -59.550989  65.542201
          119.700000 -30.196849 -59.624417  65.539001
          119.800000 -30.036392 -59.627001  65.490148
          119.900000 -29.286580 -59.818343  64.800069
          120.000000 -29.130129 -59.799348  64.716585
          120.100000 -28.924105 -59.882083  64.908298
          120.200000 -28.639875 -59.984048  64.937362
          120.300000 -28.448360 -60.022676  64.977345
          120.400000 -28.188248 -60.039382  64.982169
          120.500000 -28.013375 -60.118299  65.081326
          120.600000 -27.856707 -60.096391  65.037946
          120.700000 -27.580139 -60.237245  65.111413
          120.800000 -27.423932 -60.199292  65.095862
          120.900000 -26.776620 -60.450696  64.186097
          121.000000 -26.625012 -60.411271  64.090617
          121.100000 -26.419515 -60.534432  64.290850
          121.200000 -26.161322 -60.566506  64.214366
          121.300000 -25.974286 -60.655829  64.415588
          121.400000 -25.745563 -60.678328  64.346072
          121.500000 -25.534077 -60.780873  64.462677
          121.600000 -25.363531 -60.779958  64.398163
          121.700000 -25.115663 -60.911862  64.449922
          121.800000 -24.942812 -60.917717  64.422277
          121.900000 -24.468596 -61.616825  62.505046
          122.000000 -24.233641 -61.678036  62.554858
          122.100000 -24.074140 -61.669309  62.506252
          122.200000 -23.774004 -61.841217  62.620121
          122.300000 -23.624999 -61.807337  62.582439
          122.400000 -23.330333 -61.971836  62.679778
          122.500000 -23.164454 -62.015652  62.703552
          122.600000 -23.018755 -62.009976  62.669194
          122.700000 -22.773753 -62.139633  62.707887
          122.800000 -22.658707 -62.116980  62.709306
          122.900000 -21.885408 -63.066634  60.551180
          123.000000 -21.646243 -63.135585  60.595767
          123.100000 -21.494853 -63.121311  60.549125
          123.200000 -21.119818 -63.316452  60.686647
          123.300000 -20.943770 -63.339553  60.769868
          123.400000 -21.103518 -63.340084  60.490869
          123.500000 -20.973905 -63.302086  60.420083
          123.600000 -20.776238 -63.407277  60.537827
          123.700000 -20.392201 -63.570076  60.655856
          123.800000 -20.244427 -63.610423  60.712196
          123.900000 -19.347988 -64.204845  60.365376
          124.000000 -19.118472 -64.295397  60.559092
          124.100000 -18.944512 -64.254751  60.456886
          124.200000 -18.563942 -64.494394  60.669927
          124.300000 -18.362192 -64.535145  60.701871
          124.400000 -17.977087 -64.730646  60.681103
          124.500000 -17.813448 -64.726579  60.606485
          124.600000 -17.673910 -64.805017  60.672555
          124.700000 -17.363527 -64.961939  60.682347
          124.800000 -17.217007 -65.037464  60.689088
          124.900000 -16.377132 -65.607382  60.487771
          125.000000 -16.214081 -65.638909  60.378224
          125.100000 -16.023929 -65.723980  60.578631
          125.200000 -15.693146 -65.851794  60.466925
          125.300000 -15.504867 -65.971606  60.594463
          125.400000 -15.506767 -66.105935  60.300302
          125.500000 -15.356046 -66.118300  60.269270
          125.600000 -15.206239 -66.189944  60.367419
          125.700000 -14.847126 -66.466500  60.353804
          125.800000 -14.706535 -66.564093  60.405558
          125.900000 -14.174689 -66.921790  60.400643
          126.000000 -14.006106 -66.952010  60.347223
          126.100000 -13.832620 -67.030785  60.506719
          126.200000 -13.593186 -67.123132  60.403481
          126.300000 -13.421524 -67.230800  60.514090
          126.400000 -13.223834 -67.359444  60.470292
          126.500000 -13.087357 -67.347134  60.465905
          126.600000 -12.938653 -67.434483  60.565411
          126.700000 -12.829756 -67.504358  60.526743
          126.800000 -12.670879 -67.630732  60.548838
          126.900000 -12.421614 -67.777423  60.427864
          127.000000 -12.243520 -67.844916  60.608214
          127.100000 -12.079442 -67.837184  60.559536
          127.200000 -11.882304 -68.012023  60.653115
          127.300000 -11.724280 -68.041710  60.569583
          127.400000 -11.544297 -68.196102  60.639928
          127.500000 -11.396093 -68.220590  60.616356
          127.600000 -11.249042 -68.295170  60.732042
          127.700000 -11.091699 -68.452540  60.662053
          127.800000 -10.943717 -68.493463  60.635617
          127.900000 -10.802254 -68.629763  60.700349
          128.000000 -10.648784 -68.606840  60.742895
          128.100000 -10.499265 -68.701620  60.764284
          128.200000 -10.361043 -68.762399  60.651442
          128.300000 -10.231123 -68.853796  60.723489
          128.400000 -10.121404 -68.918460  60.711919
          128.500000  -9.965661 -68.968985  60.748362
          128.600000  -9.797197 -68.991311  60.728602
          128.700000  -9.699111 -69.131377  60.731554
          128.800000  -9.573765 -69.184385  60.762116
          128.900000  -8.943982 -69.623161  60.556004
          129.000000  -8.750169 -69.623680  60.427015
          129.100000  -8.593685 -69.758366  60.533062
          129.200000  -8.321743 -69.917681  60.441289
          129.300000  -8.132012 -69.876419  60.380280
          129.400000  -7.954723 -70.070711  60.469705
          129.500000  -7.804529 -70.153308  60.455548
          129.600000  -7.663505 -70.238946  60.440048
          129.700000  -7.471547 -70.404950  60.374444
          129.800000  -7.327999 -70.462805  60.379057
          129.900000  -7.145237 -70.727860  59.857044
          130.000000  -6.948725 -70.811661  59.970381
          130.100000  -6.727669 -70.904985  59.932891
          130.200000  -6.364148 -71.247136  59.712995
          130.300000  -6.254398 -71.341774  59.804303
          130.400000  -6.060586 -71.528755  59.772072
          130.500000  -5.937372 -71.611046  59.744661
          130.600000  -5.799278 -71.702095  59.715977
          130.700000  -5.669671 -71.812012  59.702226
          130.800000  -5.526569 -71.811727  59.714022
          130.900000  -5.355810 -71.999693  59.642991
          131.000000  -5.190806 -72.099460  59.539248
          131.100000  -5.054189 -72.203346  59.439999
          131.200000  -4.913491 -72.265395  59.333980
          131.300000  -4.783336 -72.357533  59.375775
          131.400000  -4.672574 -72.464316  59.323298
          131.500000  -4.555815 -72.571464  59.237855
          131.600000  -4.429247 -72.666401  59.228978
          131.700000  -4.293547 -72.727402  59.267253
          131.800000  -4.154588 -72.742370  59.286066
          131.900000  -4.028831 -72.906056  59.235725
          132.000000  -3.898383 -72.989578  59.220165
          132.100000  -3.767699 -73.016624  59.207354
          132.200000  -3.651298 -73.156970  59.215760
          132.300000  -3.539093 -73.260230  59.204762
          132.400000  -3.444368 -73.363693  59.201541
          132.500000  -3.340390 -73.502656  59.141499
          132.600000  -3.249906 -73.631850  59.117414
          132.700000  -3.143147 -73.727934  59.159280
          132.800000  -3.035112 -73.833381  59.204956
          132.900000  -2.930181 -73.932305  59.240086
          133.000000  -2.817740 -74.001223  59.230063
          133.100000  -2.733597 -74.159919  59.300626
          133.200000  -2.647181 -74.269776  59.342661
          133.300000  -2.579720 -74.383780  59.383670
          133.400000  -2.522008 -74.521350  59.411910
          133.500000  -2.462373 -74.666197  59.422857
          133.600000  -2.398269 -74.762708  59.434923
          133.700000  -2.354078 -74.908113  59.539042
          133.800000  -2.286853 -75.032293  59.568485
          133.900000  -2.218113 -75.164686  59.604984
          134.000000  -2.165262 -75.297894  59.641879
          134.100000  -2.118287 -75.414120  59.707083
          134.200000  -2.093529 -75.545559  59.732304
          134.300000  -2.084678 -75.711889  59.671932
          134.400000  -2.070660 -75.866873  59.653738
          134.500000  -2.063833 -75.968454  59.629686
          134.600000  -2.048642 -76.141887  59.675602
          134.700000  -2.034319 -76.292515  59.699207
          134.800000  -2.012790 -76.446491  59.705446
          134.900000  -1.975874 -76.614555  59.699944
          135.000000  -1.949147 -76.758102  59.719129
          135.100000  -1.946467 -76.837532  59.728217
          135.200000  -1.970101 -77.021808  59.784507
          135.300000  -1.983773 -77.208209  59.716544
          135.400000  -2.023697 -77.388473  59.641408
          135.500000  -2.055855 -77.559182  59.601719
          135.600000  -2.084700 -77.710791  59.589030
          135.700000  -2.098313 -77.879585  59.540877
          135.800000  -2.108707 -78.062588  59.486096
          135.900000  -2.105815 -78.237801  59.436620
          136.000000  -2.114799 -78.393603  59.427599
          136.100000  -2.136406 -78.544783  59.425703
          136.200000  -2.173171 -78.718065  59.397392
          136.300000  -2.204375 -78.895260  59.348197
          136.400000  -2.235529 -79.078282  59.276796
          136.500000  -2.267452 -79.233507  59.269589
          136.600000  -2.296682 -79.342640  59.255580
          136.700000  -2.298281 -79.557172  59.272708
          136.800000  -2.297414 -79.721304  59.261897
          136.900000  -2.287782 -79.862982  59.309595
          137.000000  -2.304433 -80.005150  59.354513
          137.100000  -2.330159 -80.128680  59.410782
          137.200000  -2.372486 -80.224766  59.416040
          137.300000  -2.385705 -80.458221  59.408719
          137.400000  -2.412835 -80.639058  59.367907
          137.500000  -2.445556 -80.791187  59.373193
          137.600000  -2.469202 -80.948049  59.360950
          137.700000  -2.486644 -81.123069  59.310411
          137.800000  -2.504429 -81.262010  59.255313
          137.900000  -2.524924 -81.469370  59.264176
          138.000000  -2.555497 -81.601325  59.288525
          138.100000  -2.599076 -81.701980  59.267805
          138.200000  -2.615656 -81.918644  59.263091
          138.300000  -2.643383 -82.090626  59.272196
          138.400000  -2.677211 -82.230974  59.292318
          138.500000  -2.706301 -82.366646  59.340609
          138.600000  -2.733639 -82.516240  59.357898
          138.700000  -2.744214 -82.688736  59.358981
          138.800000  -2.759957 -82.855859  59.361831
          138.900000  -2.773182 -82.949661  59.489990
          139.000000  -2.811712 -83.037411  59.538077
          139.100000  -2.841901 -83.223776  59.582162
          139.200000  -2.874656 -83.380068  59.612057
          139.300000  -2.910214 -83.520686  59.657460
          139.400000  -2.945694 -83.665227  59.699954
          139.500000  -2.970363 -83.805421  59.761166
          139.600000  -2.998568 -83.924783  59.759266
          139.700000  -3.020287 -84.114201  59.821877
          139.800000  -3.045218 -84.260831  59.856924
          139.900000  -3.091734 -84.345181  59.895356
          140.000000  -3.135825 -84.504334  59.980267
          140.100000  -3.191301 -84.610211  59.953263
          140.200000  -3.231439 -84.842237  59.979712
          140.300000  -3.277783 -84.968521  60.074710
          140.400000  -3.316317 -85.108094  60.146919
          140.500000  -3.359483 -85.245756  60.217374
          140.600000  -3.396857 -85.401463  60.272326
          140.700000  -3.433076 -85.553361  60.325721
          140.800000  -3.480437 -85.691941  60.430228
          140.900000  -3.534864 -85.783819  60.538197
          141.000000  -3.592054 -85.918664  60.591416
          141.100000  -3.651558 -86.023683  60.626850
          141.200000  -3.710288 -86.210575  60.692678
          141.300000  -3.772257 -86.347532  60.783289
          141.400000  -3.818837 -86.467713  60.865812
          141.500000  -3.854090 -86.559184  60.897473
          141.600000  -3.887184 -86.760359  60.949379
          141.700000  -3.936039 -86.908599  61.011149
          141.800000  -3.984508 -87.039989  61.101478
          141.900000  -4.044338 -87.128624  61.205319
          142.000000  -4.112670 -87.205864  61.228181
          142.100000  -4.171286 -87.415384  61.273997
          142.200000  -4.229129 -87.549732  61.344278
          142.300000  -4.285866 -87.634907  61.412934
          142.400000  -4.328601 -87.795452  61.510680
          142.500000  -4.371301 -87.948481  61.558921
          142.600000  -4.410708 -88.058471  61.596610
          142.700000  -4.458565 -88.223934  61.688602
          142.800000  -4.514831 -88.355070  61.784555
          142.900000  -4.583388 -88.445777  61.829119
          143.000000  -4.632873 -88.633734  61.871741
          143.100000  -4.702109 -88.768019  61.938094
          143.200000  -4.763318 -88.841219  62.027959
          143.300000  -4.805913 -89.021066  62.103021
          143.400000  -4.847411 -89.175848  62.152361
          143.500000  -4.895654 -89.332675  62.189906
          143.600000  -4.929241 -89.467442  62.239306
          143.700000  -4.980997 -89.603073  62.308937
          143.800000  -5.033470 -89.752043  62.387458
          143.900000  -5.091049 -89.888944  62.442048
          144.000000  -5.147744 -90.040463  62.469992
          144.100000  -5.203018 -90.140361  62.507132
          144.200000  -5.244626 -90.294037  62.644903
          144.300000  -5.282379 -90.434864  62.697040
          144.400000  -5.312080 -90.558487  62.711911
          144.500000  -5.346551 -90.730255  62.785967
          144.600000  -5.373158 -90.854495  62.875324
          144.700000  -5.412858 -90.949293  62.951021
          144.800000  -5.462169 -91.109715  63.018148
          144.900000  -5.507276 -91.275733  63.060658
          145.000000  -5.555983 -91.407693  63.072672
          145.100000  -5.590776 -91.567580  63.149121
          145.200000  -5.638022 -91.705874  63.204548
          145.300000  -5.668701 -91.844249  63.270678
          145.400000  -5.702476 -91.954854  63.291607
          145.500000  -5.723690 -92.146342  63.371658
          145.600000  -5.768884 -92.236107  63.418623
          145.700000  -5.816354 -92.406200  63.522003
          145.800000  -5.857957 -92.545241  63.572542
          145.900000  -5.907120 -92.701243  63.580119
          146.000000  -5.959153 -92.850839  63.603446
          146.100000  -6.007176 -92.963618  63.676929
          146.200000  -6.056928 -93.106274  63.743849
          146.300000  -6.087193 -93.257514  63.788642
          146.400000  -6.124012 -93.413621  63.819518
          146.500000  -6.161450 -93.557390  63.891481
          146.600000  -6.212814 -93.676863  63.979110
          146.700000  -6.264588 -93.811685  64.031316
          146.800000  -6.312821 -93.958389  64.073811
          146.900000  -6.327954 -94.087424  64.111159
          147.000000  -6.393180 -94.233122  64.180159
          147.100000  -6.448387 -94.357709  64.273399
          147.200000  -6.483694 -94.493220  64.335409
          147.300000  -6.515424 -94.633322  64.382251
          147.400000  -6.542846 -94.780351  64.407865
          147.500000  -6.585575 -94.864608  64.463203
          147.600000  -6.634405 -95.019266  64.576061
          147.700000  -6.687764 -95.153912  64.620431
          147.800000  -6.744798 -95.257271  64.603017
          147.900000  -6.798860 -95.460258  64.626842
          148.000000  -6.851143 -95.602770  64.685243
          148.100000  -6.896277 -95.735223  64.737795
          148.200000  -6.933493 -95.876940  64.771414
          148.300000  -6.964055 -95.995519  64.770639
          148.400000  -7.004076 -96.189075  64.794236
          148.500000  -7.055835 -96.337071  64.857661
          148.600000  -7.108607 -96.460864  64.908187
          148.700000  -7.154897 -96.559319  64.926660
          148.800000  -7.211510 -96.749424  64.940113
          148.900000  -7.338864 -96.817998  64.916535
          149.000000  -7.345494 -97.014473  65.053388
          149.100000  -7.391753 -97.149871  65.113787
          149.200000  -7.462656 -97.239984  65.086894
          149.300000  -7.461093 -97.451787  65.157229
          149.400000  -7.514468 -97.589155  65.198220
          149.500000  -7.550547 -97.702150  65.277600
          149.600000  -7.595647 -97.782270  65.294045
          149.700000  -7.638335 -97.968968  65.334429
          149.800000  -7.701408 -98.075734  65.326769
          149.900000  -7.760772 -98.288931  65.366541
          150.000000  -7.807187 -98.436592  65.381909
          150.100000  -7.837534 -98.585321  65.387012
          150.200000  -7.887332 -98.710223  65.315908
          150.300000  -7.913883 -98.918801  65.339680
          150.400000  -7.964925 -99.070703  65.340824
          150.500000  -8.027397 -99.164586  65.337631
          150.600000  -8.067273 -99.359927  65.336361
          150.700000  -8.137733 -99.494889  65.264943
          150.800000  -8.188994 -99.701679  65.276197
          150.900000  -8.286718 -99.793396  65.220714
          151.000000   -8.322688 -100.015413   65.309536
          151.100000   -8.403137 -100.112021   65.267358
          151.200000   -8.400569 -100.362601   65.248345
          151.300000   -8.457485 -100.516293   65.275939
          151.400000   -8.552634 -100.610075   65.247281
          151.500000   -8.580854 -100.828371   65.278874
          151.600000   -8.641108 -100.993106   65.259195
          151.700000   -8.720139 -101.116690   65.192971
          151.800000   -8.770736 -101.322649   65.242279
          151.900000   -8.859210 -101.476483   65.257816
          152.000000   -8.943348 -101.571379   65.213536
          152.100000   -8.954967 -101.803570   65.247907
          152.200000   -9.015446 -101.980822   65.227700
          152.300000   -9.067034 -102.123543   65.254270
          152.400000   -9.142055 -102.274599   65.248725
          152.500000   -9.212163 -102.378926   65.210898
          152.600000   -9.253732 -102.634330   65.124364
          152.700000   -9.312500 -102.824798   64.986895
          152.800000   -9.380081 -102.994873   64.927635
          152.900000   -9.474522 -103.202141   64.802770
          153.000000   -9.515600 -103.397797   64.700614
          153.100000   -9.561851 -103.592463   64.602490
          153.200000   -9.613556 -103.780543   64.490575
          153.300000   -9.666927 -103.901027   64.401521
          153.400000   -9.731531 -104.163193   64.290887
          153.500000   -9.791822 -104.309563   64.152489
          153.600000   -9.847676 -104.547610   64.093733
          153.700000   -9.906398 -104.725345   63.981947
          153.800000   -9.962615 -104.901110   63.928311
          153.900000  -10.063718 -105.080937   63.769299
          154.000000  -10.090274 -105.320575   63.704375
          154.100000  -10.161221 -105.476107   63.576136
          154.200000  -10.199712 -105.695700   63.540409
          154.300000  -10.274758 -105.826389   63.465784
          154.400000  -10.322113 -106.062276   63.365195
          154.500000  -10.400071 -106.215887   63.245305
          154.600000  -10.451863 -106.421319   63.228307
          154.700000  -10.517125 -106.571443   63.107221
          154.800000  -10.553581 -106.773612   63.097546
          154.900000  -10.609927 -106.931109   62.947757
          155.000000  -10.651744 -107.165909   62.900961
          155.100000  -10.700097 -107.299310   62.821602
          155.200000  -10.741641 -107.509461   62.825626
          155.300000  -10.806476 -107.630033   62.764288
          155.400000  -10.860310 -107.867116   62.657945
          155.500000  -10.931995 -108.013941   62.561000
          155.600000  -10.990373 -108.234937   62.551879
          155.700000  -11.049102 -108.416349   62.477432
          155.800000  -11.094191 -108.555679   62.425673
          155.900000  -11.129730 -108.770950   62.382169
          156.000000  -11.164835 -108.921966   62.283277
          156.100000  -11.201024 -109.123594   62.310754
          156.200000  -11.270203 -109.252463   62.233489
          156.300000  -11.296873 -109.445208   62.206662
          156.400000  -11.364078 -109.552729   62.147669
          156.500000  -11.411141 -109.764279   62.192817
          156.600000  -11.477432 -109.836176   62.219421
          156.700000  -11.516551 -110.025164   62.321127
          156.800000  -11.557821 -110.102545   62.350277
          156.900000  -11.579476 -110.352060   62.333004
          157.000000  -11.618033 -110.482921   62.368855
          157.100000  -11.659979 -110.608346   62.435717
          157.200000  -11.736652 -110.720616   62.519983
          157.300000  -11.783350 -110.837099   62.558491
          157.400000  -11.841169 -111.016938   62.520174
          157.500000  -11.901239 -111.114564   62.520566
          157.600000  -11.957231 -111.307246   62.613821
          157.700000  -12.021477 -111.376768   62.657146
          157.800000  -12.053964 -111.565712   62.719351
          157.900000  -12.118605 -111.652985   62.687551
          158.000000  -12.159900 -111.863696   62.762139
          158.100000  -12.235658 -111.987833   62.853060
          158.200000  -12.292170 -112.100513   62.905802
          158.300000  -12.360177 -112.237443   62.942400
          158.400000  -12.435906 -112.371315   62.816691
          158.500000  -12.503100 -112.581135   62.830371
          158.600000  -12.578114 -112.678358   62.824222
          158.700000  -12.628826 -112.882168   62.804997
          158.800000  -12.683921 -112.987033   62.768300
          158.900000  -12.747353 -113.236064   62.709714
          159.000000  -12.814187 -113.373842   62.734264
          159.100000  -12.881551 -113.496904   62.773834
          159.200000  -12.965883 -113.635985   62.738716
          159.300000  -13.040878 -113.732419   62.703409
          159.400000  -13.080542 -113.958008   62.638194
          159.500000  -13.158101 -114.048699   62.635542
          159.600000  -13.218330 -114.240856   62.698562
          159.700000  -13.291797 -114.367554   62.654919
          159.800000  -13.323663 -114.590471   62.651239
          159.900000  -13.395234 -114.722381   62.605070
          160.000000  -13.453556 -114.906219   62.681894
          160.100000  -13.530158 -114.993143   62.710214
          160.200000  -13.596910 -115.213813   62.676736
          160.300000  -13.682630 -115.329486   62.646103
          160.400000  -13.748701 -115.544763   62.655190
          160.500000  -13.820489 -115.678106   62.702646
          160.600000  -13.886936 -115.810471   62.743540
          160.700000  -13.932950 -115.983845   62.719142
          160.800000  -13.975336 -116.143952   62.724525
          160.900000  -14.077915 -116.204214   62.743063
          161.000000  -14.146735 -116.373116   62.850970
          161.100000  -14.221820 -116.454764   62.863566
          161.200000  -14.276750 -116.646765   62.888879
          161.300000  -14.351845 -116.740834   62.899419
          161.400000  -14.406863 -116.934068   62.924714
          161.500000  -14.485413 -117.009982   62.965664
          161.600000  -14.511432 -117.206937   63.021109
          161.700000  -14.570288 -117.329114   63.035427
          161.800000  -14.620283 -117.526867   63.085124
          161.900000  -14.697915 -117.620090   63.089580
          162.000000  -14.740748 -117.780831   63.169371
          162.100000  -14.818117 -117.867823   63.180363
          162.200000  -14.851799 -118.084273   63.181665
          162.300000  -14.910713 -118.164721   63.190887
          162.400000  -14.960272 -118.365028   63.215287
          162.500000  -15.026503 -118.428866   63.239847
          162.600000  -15.064166 -118.665344   63.290986
          162.700000  -15.120203 -118.774087   63.286428
          162.800000  -15.144529 -118.967591   63.361866
          162.900000  -15.218334 -119.010419   63.401705
          163.000000  -15.273688 -119.223917   63.490679
          163.100000  -15.349398 -119.351227   63.525436
          163.200000  -15.432925 -119.482517   63.564358
          163.300000  -15.498737 -119.594413   63.638135
          163.400000  -15.565102 -119.738951   63.684419
          163.500000  -15.606947 -119.826483   63.720309
          163.600000  -15.639199 -120.022093   63.774995
          163.700000  -15.677455 -120.121868   63.788638
          163.800000  -15.710294 -120.309610   63.883200
          163.900000  -15.807480 -120.351129   63.944941
          164.000000  -15.868609 -120.544621   64.019391
          164.100000  -15.948725 -120.706907   64.062619
          164.200000  -16.031951 -120.840302   64.118573
          164.300000  -16.091819 -120.963633   64.202664
          164.400000  -16.144108 -121.051513   64.241461
          164.500000  -16.182217 -121.236882   64.308511
          164.600000  -16.216110 -121.349253   64.327623
          164.700000  -16.253472 -121.535520   64.392887
          164.800000  -16.296611 -121.615423   64.458131
          164.900000  -16.401505 -121.755375   64.576189
          165.000000  -16.485282 -121.874991   64.636842
          165.100000  -16.558411 -121.983245   64.613476
          165.200000  -16.609096 -122.150414   64.694789
          165.300000  -16.680514 -122.226466   64.734161
          165.400000  -16.712070 -122.421756   64.774089
          165.500000  -16.755032 -122.518675   64.778098
          165.600000  -16.788162 -122.723007   64.819424
          165.700000  -16.830169 -122.815391   64.844667
          165.800000  -16.865014 -122.995327   64.928720
          165.900000  -16.951160 -123.058317   64.955952
          166.000000  -16.997872 -123.261813   64.994559
          166.100000  -17.069000 -123.402817   65.039489
          166.200000  -17.132825 -123.479389   65.082901
          166.300000  -17.175123 -123.655444   65.177347
          166.400000  -17.226626 -123.764074   65.183329
          166.500000  -17.253160 -123.966805   65.249974
          166.600000  -17.293503 -124.069431   65.275342
          166.700000  -17.331465 -124.231348   65.370310
          166.800000  -17.386990 -124.359259   65.449716
          166.900000  -17.549427 -124.426046   65.553508
          167.000000  -17.650997 -124.563093   65.612041
          167.100000  -17.724163 -124.653708   65.678072
          167.200000  -17.761575 -124.787207   65.797633
          167.300000  -17.806259 -124.860457   65.883720
          167.400000  -17.840029 -125.072091   65.906287
          167.500000  -17.889014 -125.181810   65.933179
          167.600000  -17.933975 -125.342749   66.027416
          167.700000  -17.990498 -125.401715   66.129905
          167.800000  -18.032723 -125.580654   66.183180
          167.900000  -18.110822 -125.656866   66.184778
          168.000000  -18.169748 -125.845373   66.277139
          168.100000  -18.239294 -125.889441   66.345569
          168.200000  -18.287505 -126.073176   66.440797
          168.300000  -18.355259 -126.184602   66.510778
          168.400000  -18.429795 -126.330291   66.547767
          168.500000  -18.483395 -126.444436   66.611500
          168.600000  -18.543170 -126.496838   66.693602
          168.700000  -18.609021 -126.673786   66.788621
          168.800000  -18.686372 -126.748950   66.824822
          168.900000  -18.763585 -126.939917   66.883371
          169.000000  -18.852803 -127.057207   66.965424
          169.100000  -18.923797 -127.173138   67.069497
          169.200000  -18.999051 -127.269845   67.188295
          169.300000  -19.051472 -127.417043   67.244181
          169.400000  -19.102698 -127.563799   67.281416
          169.500000  -19.164137 -127.633191   67.344556
          169.600000  -19.229761 -127.772027   67.479181
          169.700000  -19.326343 -127.845817   67.525115
          169.800000  -19.384496 -128.022402   67.567073
          169.900000  -19.513458 -128.066463   67.602303
          170.000000  -19.589916 -128.237764   67.729956
          170.100000  -19.694856 -128.329653   67.824203
          170.200000  -19.800402 -128.426702   67.909156
          170.300000  -19.882658 -128.564194   67.954278
          170.400000  -19.978601 -128.648380   67.988559
          170.500000  -20.076224 -128.777792   68.095455
          170.600000  -20.205235 -128.834864   68.146462
          170.700000  -20.293082 -128.976931   68.190252
          170.800000  -20.412598 -129.038018   68.195391
          170.900000  -20.541394 -129.151711   68.264525
          171.000000  -20.694966 -129.181144   68.308297
          171.100000  -20.791097 -129.316610   68.384748
          171.200000  -20.945516 -129.349650   68.440769
          171.300000  -21.020006 -129.506963   68.461651
          171.400000  -21.163440 -129.530552   68.484459
          171.500000  -21.272963 -129.638769   68.569259
          171.600000  -21.433583 -129.639203   68.594178
          171.700000  -21.533489 -129.762809   68.612557
          171.800000  -21.680820 -129.781625   68.591987
          171.900000  -21.810279 -129.866789   68.658831
          172.000000  -21.984716 -129.853851   68.688871
          172.100000  -22.081488 -129.950951   68.749674
          172.200000  -22.239420 -129.969075   68.756839
          172.300000  -22.349665 -130.093142   68.773672
          172.400000  -22.513851 -130.098481   68.792956
          172.500000  -22.636281 -130.145781   68.844581
          172.600000  -22.789925 -130.171338   68.842033
          172.700000  -22.936711 -130.210632   68.812293
          172.800000  -23.123516 -130.193575   68.758088
          172.900000  -23.266920 -130.223081   68.794895
          173.000000  -23.456350 -130.166419   68.789042
          173.100000  -23.582891 -130.227200   68.807701
          173.200000  -23.756048 -130.217714   68.768230
          173.300000  -23.900443 -130.294578   68.770169
          173.400000  -24.056734 -130.290013   68.795070
          173.500000  -24.245558 -130.222555   68.781382
          173.600000  -24.388123 -130.258035   68.774815
          173.700000  -24.578663 -130.200744   68.688820
          173.800000  -24.706616 -130.247526   68.692850
          173.900000  -24.900345 -130.162480   68.647736
          174.000000  -25.044014 -130.194222   68.694499
          174.100000  -25.232018 -130.126959   68.627087
          174.200000  -25.362483 -130.206880   68.635187
          174.300000  -25.544571 -130.131954   68.577038
          174.400000  -25.670739 -130.159254   68.620424
          174.500000  -25.836208 -130.116007   68.615298
          174.600000  -25.984089 -130.110322   68.560265
          174.700000  -26.167360 -130.035568   68.475251
          174.800000  -26.298663 -130.052743   68.506946
          174.900000  -26.461054 -130.005822   68.517727
          175.000000  -26.621705 -129.979493   68.491125
          175.100000  -26.805434 -129.915621   68.414166
          175.200000  -26.942810 -129.970821   68.408188
          175.300000  -27.111781 -129.948509   68.392756
          175.400000  -27.280907 -129.895607   68.407383
          175.500000  -27.437480 -129.864593   68.366393
          175.600000  -27.618619 -129.792310   68.282352
          175.700000  -27.760888 -129.820383   68.257999
          175.800000  -27.927186 -129.780531   68.245485
          175.900000  -28.109017 -129.750380   68.216821
          176.000000  -28.302521 -129.692910   68.146581
          176.100000  -28.442851 -129.732959   68.150008
          176.200000  -28.633834 -129.667188   68.110946
          176.300000  -28.782900 -129.678577   68.120407
          176.400000  -28.952616 -129.624405   68.126802
          176.500000  -29.113690 -129.610378   68.052413
          176.600000  -29.305204 -129.556917   67.970020
          176.700000  -29.447415 -129.564848   67.946622
          176.800000  -29.651382 -129.480471   67.937544
          176.900000  -29.782228 -129.503489   67.927625
          177.000000  -29.966901 -129.464165   67.875786
          177.100000  -30.095197 -129.503410   67.847257
          177.200000  -30.280198 -129.430271   67.824100
          177.300000  -30.422902 -129.446664   67.831978
          177.400000  -30.592235 -129.413679   67.784418
          177.500000  -30.772578 -129.349717   67.702588
          177.600000  -30.897245 -129.373047   67.671499
          177.700000  -31.084264 -129.262986   67.641754
          177.800000  -31.242165 -129.264698   67.656352
          177.900000  -31.451876 -129.196416   67.586067
          178.000000  -31.592570 -129.223696   67.535937
          178.100000  -31.783477 -129.158203   67.473023
          178.200000  -31.918126 -129.146962   67.509990
          178.300000  -32.107970 -129.050955   67.471671
          178.400000  -32.233277 -129.080616   67.402351
          178.500000  -32.391918 -129.047222   67.337652
          178.600000  -32.572549 -128.941565   67.267445
          178.700000  -32.734102 -128.942235   67.286323
          178.800000  -32.914502 -128.835569   67.218256
          178.900000  -33.066006 -128.877542   67.176138
          179.000000  -33.264849 -128.802560   67.062560
          179.100000  -33.404495 -128.813570   67.095585
          179.200000  -33.612268 -128.683072   67.025949
          179.300000  -33.723774 -128.693928   67.033563
          179.400000  -33.885673 -128.668806   66.971124
          179.500000  -34.055657 -128.637920   66.909321
          179.600000  -34.273872 -128.530834   66.848342
          179.700000  -34.384253 -128.536283   66.878145
          179.800000  -34.552548 -128.446763   66.807829
          179.900000  -34.719338 -128.527080   66.758099
          180.000000  -34.913957 -128.422743   66.659918
          180.100000  -35.088818 -128.434655   66.684345
          180.200000  -35.270945 -128.372325   66.655883
          180.300000  -35.454968 -128.313001   66.603595
          180.400000  -35.638472 -128.266373   66.552280
          180.500000  -35.798954 -128.220290   66.519077
          180.600000  -35.984654 -128.100274   66.445611
          180.700000  -36.112099 -128.119336   66.458171
          180.800000  -36.278271 -128.105131   66.400573
          180.900000  -36.413429 -128.077730   66.354595
          181.000000  -36.557153 -128.015278   66.339361
          181.100000  -36.721160 -127.967508   66.286303
          181.200000  -36.878724 -127.913199   66.239246
          181.300000  -37.038315 -127.875242   66.181353
          181.400000  -37.195094 -127.828320   66.130968
          181.500000  -37.373060 -127.720950   66.071354
          181.600000  -37.531703 -127.724894   66.054716
          181.700000  -37.740468 -127.629405   65.972562
          181.800000  -37.899460 -127.646910   65.929675
          181.900000  -38.080077 -127.549128   65.862853
          182.000000  -38.184413 -127.540559   65.856944
          182.100000  -38.328788 -127.495615   65.824708
          182.200000  -38.476550 -127.469163   65.773167
          182.300000  -38.633021 -127.437910   65.719167
          182.400000  -38.824296 -127.354010   65.676615
          182.500000  -38.942899 -127.366373   65.672738
          182.600000  -39.137965 -127.316132   65.647403
          182.700000  -39.251226 -127.360186   65.589746
          182.800000  -39.433825 -127.306873   65.544771
          182.900000  -39.543569 -127.327692   65.540450
          183.000000  -39.694428 -127.297539   65.524545
          183.100000  -39.841853 -127.264280   65.484280
          183.200000  -39.999447 -127.239612   65.411942
          183.300000  -40.175553 -127.162905   65.336946
          183.400000  -40.297099 -127.158107   65.323111
          183.500000  -40.452866 -127.105499   65.308811
          183.600000  -40.632756 -127.037161   65.248224
          183.700000  -40.779860 -127.053374   65.183433
          183.800000  -40.938805 -127.017870   65.142345
          183.900000  -41.124416 -126.925281   65.112025
          184.000000  -41.268661 -126.918907   65.079593
          184.100000  -41.432912 -126.885948   65.012126
          184.200000  -41.595669 -126.860308   64.935077
          184.300000  -41.785409 -126.758008   64.856003
          184.400000  -41.946867 -126.749085   64.875280
          184.500000  -42.107481 -126.711654   64.830053
          184.600000  -42.289029 -126.636259   64.718405
          184.700000  -42.444143 -126.694747   64.708137
          184.800000  -42.605742 -126.650626   64.668925
          184.900000  -42.795581 -126.531407   64.594666
          185.000000  -42.920393 -126.556945   64.565118
          185.100000  -43.087754 -126.542254   64.470644
          185.200000  -43.285460 -126.448943   64.364970
          185.300000  -43.425157 -126.447932   64.372800
          185.400000  -43.596206 -126.421923   64.318816
          185.500000  -43.752814 -126.403397   64.250851
          185.600000  -43.919084 -126.384067   64.187807
          185.700000  -44.089701 -126.333977   64.161780
          185.800000  -44.253700 -126.291730   64.126161
          185.900000  -44.407995 -126.253267   64.075657
          186.000000  -44.567620 -126.228388   64.000931
          186.100000  -44.729146 -126.207574   63.924987
          186.200000  -44.890170 -126.166072   63.891164
          186.300000  -45.066258 -126.113781   63.863355
          186.400000  -45.225866 -126.093906   63.796695
          186.500000  -45.399954 -126.088897   63.720020
          186.600000  -45.565001 -126.073356   63.661906
          186.700000  -45.730628 -126.029114   63.638603
          186.800000  -45.890615 -125.983500   63.615845
          186.900000  -46.035405 -125.958663   63.565039
          187.000000  -46.188408 -125.929817   63.496464
          187.100000  -46.368533 -125.826290   63.426263
          187.200000  -46.527394 -125.840063   63.393936
          187.300000  -46.691272 -125.811249   63.355517
          187.400000  -46.869938 -125.743419   63.278688
          187.500000  -47.008444 -125.780477   63.220349
          187.600000  -47.179348 -125.735523   63.189645
          187.700000  -47.379291 -125.637787   63.139291
          187.800000  -47.504038 -125.655850   63.075636
          187.900000  -47.652006 -125.627611   63.024168
          188.000000  -47.807094 -125.589093   62.977807
          188.100000  -47.984259 -125.539229   62.933242
          188.200000  -48.161778 -125.492871   62.896667
          188.300000  -48.319598 -125.480282   62.842887
          188.400000  -48.493667 -125.480270   62.771631
          188.500000  -48.669316 -125.472349   62.715884
          188.600000  -48.841532 -125.421129   62.687088
          188.700000  -48.995184 -125.383611   62.628518
          188.800000  -49.150334 -125.359830   62.556220
          188.900000  -49.296822 -125.321434   62.523538
          189.000000  -49.442865 -125.291759   62.456021
          189.100000  -49.615777 -125.204839   62.394624
          189.200000  -49.750821 -125.252082   62.315949
          189.300000  -49.899610 -125.256563   62.223447
          189.400000  -50.080521 -125.207925   62.132373
          189.500000  -50.203661 -125.222887   62.079277
          189.600000  -50.358546 -125.175047   62.026682
          189.700000  -50.483170 -125.155616   61.929991
          189.800000  -50.624365 -125.137579   61.818410
          189.900000  -50.746541 -125.091186   61.758208
          190.000000  -50.916927 -124.981455   61.678837
          190.100000  -51.052432 -124.998083   61.633841
          190.200000  -51.185926 -124.992541   61.535095
          190.300000  -51.329319 -124.987435   61.439061
          190.400000  -51.491097 -124.914155   61.332992
          190.500000  -51.618815 -124.911994   61.304793
          190.600000  -51.761053 -124.864829   61.235907
          190.700000  -51.883751 -124.836086   61.132366
          190.800000  -51.977783 -124.850421   60.924854
          190.900000  -52.102848 -124.782626   60.707775
          191.000000  -52.177567 -124.814712   60.588150
          191.100000  -52.276482 -124.815709   60.421221
          191.200000  -52.375117 -124.834354   60.222792
          191.300000  -52.477128 -124.842372   60.039902
          191.400000  -52.575314 -124.827353   59.868117
          191.500000  -52.678187 -124.802918   59.716357
          191.600000  -52.769181 -124.794622   59.533020
          191.700000  -52.863816 -124.793424   59.324402
          191.800000  -52.950210 -124.768625   59.147791
          191.900000  -53.036937 -124.730160   58.998864
          192.000000  -53.132981 -124.695455   58.850805
          192.100000  -53.230895 -124.682801   58.677750
          192.200000  -53.316584 -124.685940   58.481142
          192.300000  -53.413444 -124.647551   58.324994
          192.400000  -53.493169 -124.599293   58.162818
          192.500000  -53.569506 -124.547820   57.992779
          192.600000  -53.647351 -124.509357   57.801588
          192.700000  -53.763929 -124.389180   57.639439
          192.800000  -53.840923 -124.343813   57.576456
          192.900000  -53.945869 -124.235426   57.525245
          193.000000  -54.040377 -124.160890   57.435872
          193.100000  -54.106397 -124.120747   57.257287
          193.200000  -54.193111 -124.055709   57.142921
          193.300000  -54.246652 -123.987367   56.992165
          193.400000  -54.318032 -123.840780   56.819609
          193.500000  -54.344679 -123.814800   56.646106
          193.600000  -54.378848 -123.763689   56.454513
          193.700000  -54.402743 -123.693603   56.265411
          193.800000  -54.439508 -123.582437   56.110212
          193.900000  -54.481658 -123.419370   55.922970
          194.000000  -54.499266 -123.414619   55.748749
          194.100000  -54.525258 -123.331872   55.553774
          194.200000  -54.561316 -123.186026   55.346759
          194.300000  -54.538819 -123.121461   55.232568
          194.400000  -54.533242 -123.012379   55.052624
          194.500000  -54.526708 -122.937456   54.867299
          194.600000  -54.508184 -122.844411   54.691011
          194.700000  -54.482065 -122.740173   54.532860
          194.800000  -54.490249 -122.605948   54.442973
          194.900000  -54.495482 -122.443319   54.258187
          195.000000  -54.455059 -122.406192   54.096798
          195.100000  -54.452588 -122.249979   53.876746
          195.200000  -54.393915 -122.192774   53.769355
          195.300000  -54.352126 -122.063646   53.629195
          195.400000  -54.310287 -121.952546   53.492281
          195.500000  -54.283986 -121.792733   53.325765
          195.600000  -54.218367 -121.733502   53.206251
          195.700000  -54.166903 -121.536212   53.032049
          195.800000  -54.121260 -121.481793   52.944946
          195.900000  -54.079062 -121.322180   52.736856
          196.000000  -54.044779 -121.290836   52.602982
          196.100000  -54.014648 -121.103815   52.413620
          196.200000  -53.941700 -121.039687   52.375000
          196.300000  -53.881586 -120.916045   52.252881
          196.400000  -53.844834 -120.820963   52.112685
          196.500000  -53.803770 -120.708697   52.002064
          196.600000  -53.768674 -120.505784   51.875983
          196.700000  -53.726224 -120.437577   51.864847
          196.800000  -53.689235 -120.312622   51.767374
          196.900000  -53.658577 -120.199567   51.646030
          197.000000  -53.624958 -120.084746   51.549389
          197.100000  -53.580131 -119.965353   51.439935
          197.200000  -53.515713 -119.828580   51.344193
          197.300000  -53.450540 -119.714978   51.207828
          197.400000  -53.397210 -119.609992   51.069937
          197.500000  -53.342749 -119.428911   50.896634
          197.600000  -53.271569 -119.351191   50.838528
          197.700000  -53.213180 -119.216007   50.748642
          197.800000  -53.166395 -119.096745   50.622660
          197.900000  -53.113717 -118.984713   50.483272
          198.000000  -53.068266 -118.855559   50.373987
          198.100000  -53.025062 -118.706398   50.297275
          198.200000  -52.974742 -118.565370   50.216962
          198.300000  -52.924550 -118.453509   50.110162
          198.400000  -52.885135 -118.275468   49.973228
          198.500000  -52.827008 -118.199088   49.931018
          198.600000  -52.791961 -118.053468   49.858010
          198.700000  -52.752512 -117.915066   49.757469
          198.800000  -52.724655 -117.733905   49.607989
          198.900000  -52.670593 -117.678122   49.498461
          199.000000  -52.642101 -117.480928   49.386106
          199.100000  -52.585237 -117.388326   49.315827
          199.200000  -52.532382 -117.253109   49.226043
          199.300000  -52.486751 -117.118704   49.125325
          199.400000  -52.432015 -116.977908   49.047755
          199.500000  -52.395048 -116.841190   48.997416
          199.600000  -52.368601 -116.703737   48.937934
          199.700000  -52.334928 -116.572691   48.847872
          199.800000  -52.308054 -116.461228   48.762043
          199.900000  -52.270394 -116.348091   48.688407
          200.000000  -52.238231 -116.226258   48.616090
          200.100000  -52.191777 -116.085605   48.544889
          200.200000  -52.138685 -115.960763   48.418605
          200.300000  -52.095781 -115.774915   48.263827
          200.400000  -52.032077 -115.716351   48.198373
          200.500000  -51.985666 -115.578628   48.115982
          200.600000  -51.962893 -115.377429   47.988026
          200.700000  -51.906831 -115.305883   47.901284
          200.800000  -51.855684 -115.192315   47.771199
          200.900000  -51.804422 -115.020349   47.570627
          201.000000  -51.766281 -114.895057   47.488356
          201.100000  -51.725355 -114.720077   47.347594
          201.200000  -51.663252 -114.678279   47.234562
          201.300000  -51.611869 -114.582177   47.098192
          201.400000  -51.551428 -114.465047   46.990387
          201.500000  -51.500574 -114.339504   46.906704
          201.600000  -51.465592 -114.203084   46.795007
          201.700000  -51.431998 -114.000154   46.606768
          201.800000  -51.395343 -113.970131   46.501892
          201.900000  -51.355915 -113.794855   46.293117
          202.000000  -51.319787 -113.656931   46.213314
          202.100000  -51.283041 -113.452451   46.059034
          202.200000  -51.219602 -113.422412   45.943750
          202.300000  -51.172910 -113.318498   45.847273
          202.400000  -51.144248 -113.110867   45.726710
          202.500000  -51.092067 -113.019763   45.680983
          202.600000  -51.070524 -112.892848   45.559272
          202.700000  -51.045208 -112.763108   45.442091
          202.800000  -51.016191 -112.645128   45.324952
          202.900000  -50.982105 -112.461412   45.080308
          203.000000  -50.934920 -112.301186   45.005596
          203.100000  -50.883926 -112.168873   44.891231
          203.200000  -50.831301 -112.040782   44.769562
          203.300000  -50.790636 -111.904345   44.681278
          203.400000  -50.764765 -111.761677   44.609723
          203.500000  -50.761269 -111.552149   44.462960
          203.600000  -50.707382 -111.488771   44.366050
          203.700000  -50.687418 -111.347527   44.258328
          203.800000  -50.656537 -111.197572   44.151876
          203.900000  -50.625330 -110.926279   43.862681
          204.000000  -50.562433 -110.837317   43.810534
          204.100000  -50.520344 -110.701141   43.726108
          204.200000  -50.489155 -110.506647   43.618979
          204.300000  -50.436671 -110.423760   43.560086
          204.400000  -50.417390 -110.285749   43.479650
          204.500000  -50.409462 -110.099755   43.347325
          204.600000  -50.353953 -110.028069   43.240898
          204.700000  -50.321203 -109.892845   43.161426
          204.800000  -50.291522 -109.772555   43.070462
          204.900000  -50.248031 -109.539153   42.751122
          205.000000  -50.183454 -109.491398   42.636865
          205.100000  -50.141044 -109.362022   42.507936
          205.200000  -50.121039 -109.154166   42.383757
          205.300000  -50.062873 -109.073296   42.315088
          205.400000  -50.056936 -108.870258   42.191260
          205.500000  -49.986611 -108.812185   42.072173
          205.600000  -49.970188 -108.624008   41.920050
          205.700000  -49.913822 -108.539388   41.839667
          205.800000  -49.898767 -108.350924   41.715688
          205.900000  -49.810348 -108.245793   41.452594
          206.000000  -49.796814 -108.053638   41.305237
          206.100000  -49.743923 -107.991424   41.256090
          206.200000  -49.728986 -107.848733   41.168418
          206.300000  -49.725659 -107.706131   41.091193
          206.400000  -49.719773 -107.574271   40.985432
          206.500000  -49.729155 -107.386983   40.816598
          206.600000  -49.705536 -107.317485   40.749337
          206.700000  -49.710995 -107.107624   40.626940
          206.800000  -49.674739 -107.028966   40.580892
          206.900000  -49.649718 -106.786004   40.240137
          207.000000  -49.601088 -106.725689   40.155046
          207.100000  -49.576014 -106.586349   40.065371
          207.200000  -49.570124 -106.374217   39.934828
          207.300000  -49.527955 -106.300726   39.897004
          207.400000  -49.523433 -106.100239   39.739455
          207.500000  -49.473385 -106.038046   39.682867
          207.600000  -49.460464 -105.815544   39.545820
          207.700000  -49.402244 -105.761206   39.541439
          207.800000  -49.361098 -105.630546   39.411206
          207.900000  -49.249131 -105.472747   39.024888
          208.000000  -49.203190 -105.353700   38.915822
          208.100000  -49.165387 -105.218792   38.858352
          208.200000  -49.131910 -104.996002   38.719787
          208.300000  -49.071040 -104.927311   38.633800
          208.400000  -49.034356 -104.797343   38.518745
          208.500000  -48.990270 -104.662331   38.427685
          208.600000  -48.938560 -104.507691   38.366131
          208.700000  -48.875955 -104.368310   38.277786
          208.800000  -48.823774 -104.237931   38.136104
          208.900000  -48.695553 -104.063729   37.626420
          209.000000  -48.679962 -103.853332   37.496708
          209.100000  -48.615076 -103.778098   37.461228
          209.200000  -48.589854 -103.560145   37.314674
          209.300000  -48.532076 -103.514746   37.203514
          209.400000  -48.504842 -103.388404   37.098441
          209.500000  -48.476460 -103.249271   37.035820
          209.600000  -48.466589 -103.041073   36.946312
          209.700000  -48.393907 -102.982416   36.836608
          209.800000  -48.326057 -102.875794   36.665012
          209.900000  -48.172516 -102.648992   35.987910
          210.000000  -48.108710 -102.565454   35.943372
          210.100000  -48.065250 -102.417317   35.850334
          210.200000  -48.012814 -102.202309   35.700105
          210.300000  -47.979057 -102.146373   35.582134
          210.400000  -47.954931 -101.919216   35.461457
          210.500000  -47.886268 -101.827749   35.396679
          210.600000  -47.834667 -101.689755   35.308669
          210.700000  -47.770054 -101.587853   35.137781
          210.800000  -47.661535 -101.422872   34.809227
          210.900000  -46.996747 -101.242947   32.732095
          211.000000  -46.949788 -101.023167   32.599904
          211.100000  -46.896445 -100.964512   32.479862
          211.200000  -46.808861 -100.733083   32.225564
          211.300000  -46.764905 -100.676639   32.144212
          211.400000  -46.705034 -100.448446   32.026252
          211.500000  -46.635527 -100.375854   31.959619
          211.600000  -46.563781 -100.194877   31.777311
          211.700000  -46.417641 -100.144799   31.420172
          211.800000 -46.336931 -99.940543  31.236234
          211.900000 -45.969997 -99.757734  30.143146
          212.000000 -45.931266 -99.552447  30.021270
          212.100000 -45.889143 -99.501800  29.908491
          212.200000 -45.825010 -99.286121  29.701152
          212.300000 -45.777190 -99.189486  29.655364
          212.400000 -45.723514 -98.962582  29.535356
          212.500000 -45.664882 -98.910887  29.455954
          212.600000 -45.584421 -98.734751  29.170171
          212.700000 -45.509203 -98.687253  29.074327
          212.800000 -45.442081 -98.465609  28.925931
          212.900000 -44.891654 -98.298733  27.299039
          213.000000 -44.865303 -98.184818  27.183340
          213.100000 -44.844165 -97.995274  27.027581
          213.200000 -44.697091 -98.228492  26.513285
          213.300000 -44.643561 -98.075264  26.446611
          213.400000 -44.529430 -97.911857  26.346786
          213.500000 -44.455866 -97.882356  26.280473
          213.600000 -44.401582 -97.689686  26.141722
          213.700000 -44.339979 -97.603330  26.115601
          213.800000 -44.298185 -97.364860  26.003452
          213.900000 -44.278602 -97.300134  25.931407
          214.000000 -44.239303 -97.181767  25.813628
          214.100000 -44.195928 -96.978319  25.677421
          214.200000 -44.127670 -96.893092  25.655206
          214.300000 -44.061096 -96.766780  25.582223
          214.400000 -44.006321 -96.584240  25.434642
          214.500000 -43.960340 -96.531206  25.351048
          214.600000 -43.905017 -96.391567  25.257854
          214.700000 -43.855740 -96.173303  25.131568
          214.800000 -43.833778 -96.107929  25.082638
          214.900000 -43.828700 -95.959415  24.976524
          215.000000 -43.786800 -95.762478  24.843229
          215.100000 -43.753328 -95.668573  24.797914
          215.200000 -43.695527 -95.537788  24.716615
          215.300000 -43.643104 -95.418155  24.608157
          215.400000 -43.591090 -95.234465  24.441725
          215.500000 -43.541943 -95.169369  24.386747
          215.600000 -43.497036 -94.937781  24.283300
          215.700000 -43.480819 -94.850554  24.216874
          215.800000 -43.466992 -94.647415  24.079155
          215.900000 -43.471111 -94.570676  23.994242
          216.000000 -43.451019 -94.355790  23.886790
          216.100000 -43.433520 -94.236838  23.829261
          216.200000 -43.412678 -94.026413  23.701529
          216.300000 -43.384916 -93.981879  23.568451
          216.400000 -43.363538 -93.772727  23.410703
          216.500000 -43.341145 -93.680056  23.385598
          216.600000 -43.337803 -93.444262  23.271844
          216.700000 -43.343755 -93.384232  23.161907
          216.800000 -43.374122 -93.249074  23.031897
          216.900000 -43.397921 -93.036422  22.891328
          217.000000 -43.382306 -92.916495  22.857520
          217.100000 -43.376092 -92.686101  22.732111
          217.200000 -43.356863 -92.641193  22.642136
          217.300000 -43.348787 -92.448857  22.486946
          217.400000 -43.314267 -92.358928  22.403466
          217.500000 -43.309802 -92.124869  22.287299
          217.600000 -43.322209 -92.049728  22.233716
          217.700000 -43.345764 -91.863198  22.064687
          217.800000 -43.354813 -91.772496  21.985248
          217.900000 -43.453583 -91.592306  22.129893
          218.000000 -43.419939 -91.474611  22.105161
          218.100000 -43.396800 -91.291847  21.977247
          218.200000 -43.384247 -91.247535  21.906472
          218.300000 -43.363124 -91.107645  21.813475
          218.400000 -43.342561 -90.935130  21.769397
          218.500000 -43.328016 -90.791947  21.692211
          218.600000 -43.326770 -90.655739  21.579341
          218.700000 -43.332968 -90.446215  21.436911
          218.800000 -43.319741 -90.356943  21.393221
          218.900000 -43.412094 -90.149800  21.522590
          219.000000 -43.369614 -90.097109  21.437694
          219.100000 -43.360468 -89.978982  21.311050
          219.200000 -43.362830 -89.776504  21.190337
          219.300000 -43.340972 -89.671605  21.151552
          219.400000 -43.345555 -89.518040  21.080015
          219.500000 -43.370406 -89.377705  20.971603
          219.600000 -43.397608 -89.265535  20.863997
          219.700000 -43.435709 -89.059829  20.759545
          219.800000 -43.422613 -88.956731  20.752476
          219.900000 -43.431314 -88.768781  20.810583
          220.000000 -43.476150 -88.702582  20.752161
          220.100000 -43.473308 -88.579706  20.679381
          220.200000 -43.490477 -88.416787  20.644074
          220.300000 -43.513655 -88.257994  20.553758
          220.400000 -43.536421 -88.120517  20.452078
          220.500000 -43.565929 -87.995349  20.333199
          220.600000 -43.590858 -87.858139  20.274693
          220.700000 -43.618702 -87.635123  20.205443
          220.800000 -43.634478 -87.545152  20.144033
          220.900000 -43.672961 -87.345169  20.230576
          221.000000 -43.666399 -87.291840  20.107271
          221.100000 -43.654290 -87.148957  20.037428
          221.200000 -43.662422 -86.966611  19.982396
          221.300000 -43.670194 -86.754443  19.857033
          221.400000 -43.708217 -86.680326  19.766741
          221.500000 -43.704712 -86.543656  19.645272
          221.600000 -43.689552 -86.379315  19.578213
          221.700000 -43.654629 -86.126874  19.483368
          221.800000 -43.618130 -86.064885  19.426507
          221.900000 -43.447783 -85.634329  20.308475
          222.000000 -43.465627 -85.560218  20.241447
          222.100000 -43.450426 -85.328689  20.116296
          222.200000 -43.413853 -85.256027  20.056044
          222.300000 -43.389203 -85.059798  19.895011
          222.400000 -43.368660 -85.009082  19.782730
          222.500000 -43.348571 -84.864586  19.696191
          222.600000 -43.330395 -84.710303  19.616794
          222.700000 -43.294583 -84.565988  19.543271
          222.800000 -43.245809 -84.458291  19.409927
          222.900000 -43.256781 -84.281892  19.497241
          223.000000 -43.207926 -84.206485  19.436616
          223.100000 -43.161874 -83.975401  19.344730
          223.200000 -43.127561 -83.927617  19.282336
          223.300000 -43.105393 -83.728878  19.141024
          223.400000 -43.037016 -83.659436  19.089796
          223.500000 -43.000180 -83.416493  18.996729
          223.600000 -42.930330 -83.365856  18.954286
          223.700000 -42.879593 -83.266045  18.843634
          223.800000 -42.818080 -83.157547  18.727516
          223.900000 -42.818428 -83.040283  18.921841
          224.000000 -42.782298 -82.793572  18.812939
          224.100000 -42.702241 -82.736702  18.752248
          224.200000 -42.682737 -82.506987  18.633086
          224.300000 -42.620303 -82.461435  18.581515
          224.400000 -42.578829 -82.317541  18.526716
          224.500000 -42.518252 -82.160249  18.465733
          224.600000 -42.466188 -82.028999  18.352926
          224.700000 -42.437361 -81.820220  18.207076
          224.800000 -42.369553 -81.734561  18.179745
          224.900000 -42.441281 -81.473258  18.380861
          225.000000 -42.326937 -81.437032  18.383144
          225.100000 -42.284549 -81.308480  18.287997
          225.200000 -42.248208 -81.183496  18.237548
          225.300000 -42.224326 -81.062263  18.193033
          225.400000 -42.170968 -80.906436  18.131886
          225.500000 -42.122236 -80.788543  18.041200
          225.600000 -42.071264 -80.676976  17.950714
          225.700000 -42.035937 -80.495356  17.818211
          225.800000 -41.986318 -80.435666  17.793069
          225.900000 -42.012953 -80.214014  17.925437
          226.000000 -41.942513 -80.180916  17.863489
          226.100000 -41.894390 -80.083223  17.744979
          226.200000 -41.863059 -79.969727  17.667019
          226.300000 -41.823371 -79.821096  17.598914
          226.400000 -41.778442 -79.678327  17.526534
          226.500000 -41.729856 -79.571201  17.410313
          226.600000 -41.667646 -79.461913  17.286840
          226.700000 -41.606106 -79.282200  17.143231
          226.800000 -41.571662 -79.225975  17.091205
          226.900000 -41.442899 -79.160487  17.360006
          227.000000 -41.477238 -78.974743  17.242329
          227.100000 -41.438606 -78.793308  17.070499
          227.200000 -41.404771 -78.751385  16.990789
          227.300000 -41.350103 -78.576696  16.864728
          227.400000 -41.293055 -78.545146  16.830592
          227.500000 -41.229875 -78.386937  16.673844
          227.600000 -41.156356 -78.350934  16.573393
          227.700000 -41.086007 -78.167798  16.439333
          227.800000 -41.023725 -78.086938  16.397816
          227.900000 -40.930795 -78.010169  16.313574
          228.000000 -40.939979 -77.825626  16.215655
          228.100000 -40.890467 -77.639048  16.075407
          228.200000 -40.828899 -77.553012  16.020520
          228.300000 -40.771745 -77.349593  15.891407
          228.400000 -40.722539 -77.305024  15.825062
          228.500000 -40.666295 -77.147166  15.649589
          228.600000 -40.586614 -77.059066  15.580619
          228.700000 -40.517785 -76.860940  15.442811
          228.800000 -40.464103 -76.741753  15.391146
          228.900000 -40.332646 -76.512657  16.260879
          229.000000 -40.237731 -75.991638  16.538899
          229.100000 -40.173618 -75.584623  16.992328
          229.200000 -40.223784 -75.336490  16.876252
          229.300000 -40.194428 -74.941846  17.016879
          229.400000 -40.120701 -75.124096  16.582935
          229.500000 -40.091957 -74.933703  16.399992
          229.600000 -40.037353 -74.914606  16.258623
          229.700000 -39.981267 -74.722921  16.180996
          229.800000 -39.938876 -74.505783  16.041381
          229.900000 -39.833552 -74.246733  16.893771
          230.000000 -39.806019 -74.097826  16.778383
          230.100000 -39.728899 -73.906534  16.699827
          230.200000 -39.693183 -73.809366  16.596906
          230.300000 -39.652564 -73.633896  16.456708
          230.400000 -39.580491 -73.606123  16.328243
          230.500000 -39.523198 -73.461871  16.230211
          230.600000 -39.470999 -73.322190  16.149652
          230.700000 -39.444137 -73.169501  16.077776
          230.800000 -39.421905 -72.968599  15.945303
          230.900000 -39.349554 -72.910671  15.727424
          231.000000 -39.323248 -72.702973  15.653123
          231.100000 -39.264880 -72.604809  15.555551
          231.200000 -39.193918 -72.491786  15.453156
          231.300000 -39.149150 -72.388081  15.327351
          231.400000 -39.076614 -72.261634  15.236768
          231.500000 -39.026486 -72.123670  15.154418
          231.600000 -38.985311 -71.992632  15.064858
          231.700000 -38.967608 -71.816395  14.915539
          231.800000 -38.914208 -71.743198  14.792332
          231.900000 -38.822578 -71.588299  14.599452
          232.000000 -38.784283 -71.451937  14.446820
          232.100000 -38.739749 -71.346232  14.311865
          232.200000 -38.705011 -71.190260  14.162315
          232.300000 -38.647303 -71.115089  14.122267
          232.400000 -38.611376 -71.000689  14.029993
          232.500000 -38.581594 -70.809806  13.929294
          232.600000 -38.517345 -70.722523  13.833755
          232.700000 -38.473270 -70.635972  13.685824
          232.800000 -38.447375 -70.477625  13.511580
          232.900000 -38.371413 -70.372742  13.356387
          233.000000 -38.333467 -70.188810  13.263777
          233.100000 -38.292979 -70.120153  13.141199
          233.200000 -38.241231 -69.947195  12.981489
          233.300000 -38.180772 -69.891557  12.884182
          233.400000 -38.139864 -69.767074  12.766542
          233.500000 -38.095274 -69.577703  12.614243
          233.600000 -38.063221 -69.536423  12.518952
          233.700000 -38.026076 -69.446608  12.354412
          233.800000 -37.994620 -69.264279  12.183639
          233.900000 -37.934652 -69.144789  12.026513
          234.000000 -37.884555 -68.955730  11.936661
          234.100000 -37.837208 -68.931205  11.748272
          234.200000 -37.778412 -68.768349  11.608900
          234.300000 -37.732342 -68.678446  11.489631
          234.400000 -37.689835 -68.477509  11.352509
          234.500000 -37.658016 -68.433706  11.196859
          234.600000 -37.645062 -68.266747  11.008628
          234.700000 -37.579401 -68.231517  10.844150
          234.800000 -37.544487 -68.083040  10.722410
          234.900000 -37.511303 -67.893561  10.536614
          235.000000 -37.461529 -67.709270  10.431268
          235.100000 -37.418298 -67.655881  10.220082
          235.200000 -37.373242 -67.519473  10.094543
          235.300000 -37.325315 -67.278779   9.951846
          235.400000 -37.285430 -67.253692   9.766477
          235.500000 -37.262153 -67.159179   9.581907
          235.600000 -37.251927 -67.046323   9.429441
          235.700000 -37.223639 -66.825253   9.253205
          235.800000 -37.170457 -66.747243   9.135861
          235.900000 -38.004712 -66.608642   7.166838
          236.000000 -37.766585 -67.046754   6.483022
          236.100000 -37.694061 -67.174900   5.935823
          236.200000 -37.611516 -67.098700   5.742212
          236.300000 -37.511173 -67.010246   5.575586
          236.400000 -37.459327 -66.917137   5.480948
          236.500000 -37.426256 -66.772581   5.395868
          236.600000 -37.387462 -66.660149   5.322546
          236.700000 -37.342321 -66.458071   5.199941
          236.800000 -37.359613 -66.299179   5.076514
          236.900000 -37.628079 -66.075672   3.378895
          237.000000 -37.590465 -66.081135   2.874404
          237.100000 -37.587682 -65.953844   2.494643
          237.200000 -37.587303 -65.831971   2.330813
          237.300000 -37.556870 -65.704127   2.202220
          237.400000 -37.511357 -65.519533   2.034696
          237.500000 -37.476000 -65.433414   1.988253
          237.600000 -37.441862 -65.230326   1.879778
          237.700000 -37.395391 -65.137173   1.757135
          237.800000 -37.358177 -65.042802   1.630572
          237.900000 -37.341554 -64.839040   1.896748
          238.000000 -37.393518 -64.607222   1.710104
          238.100000 -37.201515 -64.561355   1.689495
          238.200000 -37.083033 -64.410488   1.554036
          238.300000 -37.074268 -64.369103   1.397203
          238.400000 -37.038941 -64.225276   1.268071
          238.500000 -37.009361 -64.136917   1.196940
          238.600000 -36.965575 -63.933515   1.070286
          238.700000 -36.943842 -63.865408   0.984679
          238.800000 -36.908953 -63.757527   0.825461
          238.900000 -36.720232 -63.303329   0.562208
          239.000000 -36.625469 -63.196155   0.476905
          239.100000 -36.568940 -63.006464   0.353968
          239.200000 -36.528434 -62.957965   0.379433
          239.300000 -36.493894 -62.780058   0.262036
          239.400000 -36.478974 -62.774255   0.083351
          239.500000 -36.455666 -62.635118  -0.014877
          239.600000 -36.419887 -62.501285  -0.092094
          239.700000 -36.442151 -62.471822  -0.183033
          239.800000 -36.390289 -62.341783  -0.469175
          239.900000 -36.486630 -62.259730  -1.057715
          240.000000 -36.344495 -62.124121  -1.068999
          240.100000 -36.258205 -62.001544  -1.224292
          240.200000 -36.239063 -61.875376  -1.096535
          240.300000 -36.209576 -61.729474  -1.182671
          240.400000 -36.170753 -61.562290  -1.270885
          240.500000 -36.131402 -61.507710  -1.313459
          240.600000 -36.087995 -61.375910  -1.383354
          240.700000 -36.018036 -61.310934  -1.468415
          240.800000 -35.953639 -61.200097  -1.534602
          240.900000 -36.001176 -60.982691  -1.589051
          241.000000 -36.084668 -60.735561  -1.865153
          241.100000 -35.769932 -60.725075  -1.644869
          241.200000 -35.729052 -60.662190  -1.697513
          241.300000 -35.705556 -60.534760  -1.810298
          241.400000 -35.658628 -60.390332  -1.869687
          241.500000 -35.601015 -60.228139  -1.917935
          241.600000 -35.526885 -60.111094  -2.004154
          241.700000 -35.488837 -60.003868  -2.102005
          241.800000 -35.446261 -59.879951  -2.183857
          241.900000 -35.392425 -59.734361  -2.253151
          242.000000 -35.349382 -59.605944  -2.324153
          242.100000 -35.328596 -59.471751  -2.426768
          242.200000 -35.316086 -59.347888  -2.524727
          242.300000 -35.278585 -59.188949  -2.576021
          242.400000 -35.239563 -59.040954  -2.628536
          242.500000 -35.194518 -58.920951  -2.701170
          242.600000 -35.154790 -58.796731  -2.811723
          242.700000 -35.138219 -58.683663  -2.904285
          242.800000 -35.121494 -58.564776  -2.962039
          242.900000 -35.082981 -58.408631  -3.040899
          243.000000 -35.056412 -58.280538  -3.129975
          243.100000 -35.038751 -58.095464  -3.273259
          243.200000 -35.020696 -58.014852  -3.355946
          243.300000 -34.991380 -57.869852  -3.429087
          243.400000 -34.960021 -57.700521  -3.488151
          243.500000 -34.925766 -57.506445  -3.590520
          243.600000 -34.893640 -57.462967  -3.672354
          243.700000 -34.865833 -57.277879  -3.790142
          243.800000 -34.831267 -57.176264  -3.792038
          243.900000 -34.805073 -57.028232  -3.891913
          244.000000 -34.776229 -56.909933  -3.993386
          244.100000 -34.762302 -56.731651  -4.127368
          244.200000 -34.729691 -56.646640  -4.159713
          244.300000 -34.693927 -56.436798  -4.241612
          244.400000 -34.638093 -56.345165  -4.280866
          244.500000 -34.622027 -56.221840  -4.372743
          244.600000 -34.601793 -56.029220  -4.499958
          244.700000 -34.561095 -55.926380  -4.537127
          244.800000 -34.534112 -55.714816  -4.634030
          244.900000 -34.515773 -55.646916  -4.686265
          245.000000 -34.502460 -55.476201  -4.797134
          245.100000 -34.489195 -55.370285  -4.836972
          245.200000 -34.469159 -55.165411  -4.900144
          245.300000 -34.413213 -55.066065  -4.949883
          245.400000 -34.384889 -54.896313  -5.066662
          245.500000 -34.356793 -54.837372  -5.114221
          245.600000 -34.329839 -54.651720  -5.222534
          245.700000 -34.286834 -54.531532  -5.244829
          245.800000 -34.270714 -54.345522  -5.356641
          245.900000 -34.258618 -54.250943  -5.445672
          246.000000 -34.247452 -54.124289  -5.503747
          246.100000 -34.232256 -53.954982  -5.568599
          246.200000 -34.187845 -53.819081  -5.640216
          246.300000 -34.147184 -53.700554  -5.714408
          246.400000 -34.124427 -53.518621  -5.844163
          246.500000 -34.089616 -53.458046  -5.906362
          246.600000 -34.071053 -53.309302  -5.972960
          246.700000 -34.036728 -53.171860  -6.039381
          246.800000 -34.008287 -52.981232  -6.154014
          246.900000 -34.001295 -52.925928  -6.216888
          247.000000 -33.980676 -52.712584  -6.321259
          247.100000 -33.932617 -52.622823  -6.350745
          247.200000 -33.895759 -52.486204  -6.416258
          247.300000 -33.865232 -52.383764  -6.519842
          247.400000 -33.831325 -52.257879  -6.624222
          247.500000 -33.791751 -52.137759  -6.693338
          247.600000 -33.756770 -51.969877  -6.768115
          247.700000 -33.730948 -51.825395  -6.846527
          247.800000 -33.708724 -51.712974  -6.957063
          247.900000 -33.683446 -51.577884  -7.053326
          248.000000 -33.654242 -51.432122  -7.132470
          248.100000 -33.625990 -51.275604  -7.194717
          248.200000 -33.590199 -51.147600  -7.296592
          248.300000 -33.569091 -51.021827  -7.410323
          248.400000 -33.545518 -50.897796  -7.502070
          248.500000 -33.513664 -50.732552  -7.570280
          248.600000 -33.496770 -50.574118  -7.656630
          248.700000 -33.504178 -50.442037  -7.749466
          248.800000 -33.495822 -50.309421  -7.858863
          248.900000 -33.484841 -50.108391  -7.946848
          249.000000 -33.470278 -49.993819  -8.010944
          249.100000 -33.446954 -49.792606  -8.115056
          249.200000 -33.445938 -49.725246  -8.196760
          249.300000 -33.434210 -49.537664  -8.316484
          249.400000 -33.395098 -49.427497  -8.374201
          249.500000 -33.379045 -49.208236  -8.461320
          249.600000 -33.389562 -49.132719  -8.540708
          249.700000 -33.409925 -48.943523  -8.673141
          249.800000 -33.399419 -48.849758  -8.745380
          249.900000 -33.400057 -48.640708  -8.794278
          250.000000 -33.376136 -48.533974  -8.878858
          250.100000 -33.374839 -48.356470  -8.996618
          250.200000 -33.366508 -48.289406  -9.075911
          250.300000 -33.373693 -48.090605  -9.176387
          250.400000 -33.333362 -47.976661  -9.220745
          250.500000 -33.331198 -47.772018  -9.318946
          250.600000 -33.325227 -47.694034  -9.398770
          250.700000 -33.336300 -47.509754  -9.517613
          250.800000 -33.299258 -47.403826  -9.579500
          250.900000 -33.276468 -47.186939  -9.629195
          251.000000 -33.263878 -47.103815  -9.718807
          251.100000 -33.245733 -46.934424  -9.829103
          251.200000 -33.207380 -46.841940  -9.930111
          251.300000 -33.181105 -46.664261  -9.994372
          251.400000 -33.164228 -46.520754 -10.057778
          251.500000 -33.158577 -46.322398 -10.169712
          251.600000 -33.152285 -46.264652 -10.252579
          251.700000 -33.141450 -46.058424 -10.350754
          251.800000 -33.091875 -45.955927 -10.406274
          251.900000 -33.067766 -45.744232 -10.405691
          252.000000 -33.045467 -45.703585 -10.539967
          252.100000 -33.022913 -45.567690 -10.628982
          252.200000 -33.007540 -45.364691 -10.693320
          252.300000 -32.958131 -45.264693 -10.760285
          252.400000 -32.935866 -45.148364 -10.846131
          252.500000 -32.925187 -45.024567 -10.960874
          252.600000 -32.896425 -44.894147 -11.038915
          252.700000 -32.877139 -44.734821 -11.084573
          252.800000 -32.848525 -44.524985 -11.173450
          252.900000 -32.804438 -44.473802 -11.215509
          253.000000 -32.778723 -44.358179 -11.335613
          253.100000 -32.745529 -44.210249 -11.417578
          253.200000 -32.714337 -44.053632 -11.473943
          253.300000 -32.695845 -43.914271 -11.560926
          253.400000 -32.678391 -43.790117 -11.663537
          253.500000 -32.664935 -43.661024 -11.750020
          253.600000 -32.637097 -43.503386 -11.807581
          253.700000 -32.596283 -43.363874 -11.872440
          253.800000 -32.570629 -43.240400 -11.963209
          253.900000 -32.545260 -43.127639 -11.989828
          254.000000 -32.512609 -42.998070 -12.080401
          254.100000 -32.475488 -42.837458 -12.142708
          254.200000 -32.450688 -42.692074 -12.204252
          254.300000 -32.438245 -42.565544 -12.303888
          254.400000 -32.419275 -42.440403 -12.394800
          254.500000 -32.397609 -42.302884 -12.461294
          254.600000 -32.360032 -42.141471 -12.503002
          254.700000 -32.325653 -42.021770 -12.586285
          254.800000 -32.295441 -41.903372 -12.685123
          254.900000 -32.275840 -41.779927 -12.715328
          255.000000 -32.255137 -41.577389 -12.773203
          255.100000 -32.207012 -41.479175 -12.849063
          255.200000 -32.185689 -41.340432 -12.926420
          255.300000 -32.166541 -41.157568 -13.035430
          255.400000 -32.131884 -41.080237 -13.114469
          255.500000 -32.096019 -40.931822 -13.167055
          255.600000 -32.054184 -40.794644 -13.243714
          255.700000 -32.010133 -40.620858 -13.363030
          255.800000 -31.979470 -40.556573 -13.451079
          255.900000 -31.940998 -40.326740 -13.426392
          256.000000 -31.905915 -40.269630 -13.555583
          256.100000 -31.868764 -40.139281 -13.645470
          256.200000 -31.835620 -39.965878 -13.778281
          256.300000 -31.808611 -39.881683 -13.859922
          256.400000 -31.769689 -39.684992 -13.939340
          256.500000 -31.720765 -39.586284 -13.995624
          256.600000 -31.681345 -39.411110 -14.086423
          256.700000 -31.639050 -39.335147 -14.183679
          256.800000 -31.595278 -39.146993 -14.292255
          256.900000 -31.555581 -39.036384 -14.298054
          257.000000 -31.518368 -38.840203 -14.356237
          257.100000 -31.493702 -38.782370 -14.474472
          257.200000 -31.464212 -38.653472 -14.566756
          257.300000 -31.441713 -38.500958 -14.638801
          257.400000 -31.392788 -38.359572 -14.689596
          257.500000 -31.353070 -38.170597 -14.771117
          257.600000 -31.296776 -38.103696 -14.849801
          257.700000 -31.250950 -37.930151 -14.964414
          257.800000 -31.206566 -37.842835 -15.012250
          257.900000 -31.191306 -37.607058 -14.901015
          258.000000 -31.157985 -37.569610 -15.081313
          258.100000 -31.123246 -37.447371 -15.212884
          258.200000 -31.089252 -37.319481 -15.282867
          258.300000 -31.052627 -37.175493 -15.329609
          258.400000 -30.989876 -37.037233 -15.404906
          258.500000 -30.948169 -36.925604 -15.498379
          258.600000 -30.888321 -36.809959 -15.619547
          258.700000 -30.838182 -36.685095 -15.693403
          258.800000 -30.774573 -36.527207 -15.756646
          258.900000 -30.725193 -36.390543 -15.838782
          259.000000 -30.684228 -36.265823 -15.934925
          259.100000 -30.651563 -36.142597 -16.029098
          259.200000 -30.604627 -36.001594 -16.093716
          259.300000 -30.554380 -35.850385 -16.160515
          259.400000 -30.502105 -35.716763 -16.233960
          259.500000 -30.448641 -35.610349 -16.328200
          259.600000 -30.393286 -35.485083 -16.434783
          259.700000 -30.344942 -35.341794 -16.497707
          259.800000 -30.303395 -35.138930 -16.592876
          259.900000 -30.267924 -35.044187 -16.600410
          260.000000 -30.239603 -34.930531 -16.719117
          260.100000 -30.198292 -34.795368 -16.800609
          260.200000 -30.150231 -34.641311 -16.876701
          260.300000 -30.089042 -34.442681 -16.980900
          260.400000 -30.030740 -34.370860 -17.038050
          260.500000 -29.983146 -34.257962 -17.134345
          260.600000 -29.932118 -34.114250 -17.190735
          260.700000 -29.887523 -33.962383 -17.240055
          260.800000 -29.858481 -33.821456 -17.298587
          260.900000 -29.879385 -33.692047 -17.098020
          261.000000 -29.862534 -33.571187 -17.203013
          261.100000 -29.829526 -33.439320 -17.272852
          261.200000 -29.785211 -33.284396 -17.341156
          261.300000 -29.741165 -33.100144 -17.410304
          261.400000 -29.701965 -33.040446 -17.519987
          261.500000 -29.646874 -32.919245 -17.611059
          261.600000 -29.608439 -32.767082 -17.672755
          261.700000 -29.589515 -32.615842 -17.740760
          261.800000 -29.564476 -32.495360 -17.833872
          261.900000 -29.561004 -32.288953 -17.757133
          262.000000 -29.574912 -32.236102 -17.941886
          262.100000 -29.564801 -32.038653 -18.020213
          262.200000 -29.512781 -31.925682 -18.089112
          262.300000 -29.498969 -31.797187 -18.173129
          262.400000 -29.480151 -31.674612 -18.293441
          262.500000 -29.465485 -31.492370 -18.396462
          262.600000 -29.454151 -31.377911 -18.438474
          262.700000 -29.445618 -31.176125 -18.520438
          262.800000 -29.464326 -31.089786 -18.610382
          262.900000 -29.479295 -30.902530 -18.714733
          263.000000 -29.478043 -30.802806 -18.749718
          263.100000 -29.486792 -30.646262 -18.813906
          263.200000 -29.471652 -30.442395 -18.899585
          263.300000 -29.460597 -30.359233 -18.980016
          263.400000 -29.443027 -30.164865 -19.095922
          263.500000 -29.454535 -30.055626 -19.127669
          263.600000 -29.464969 -29.892528 -19.197129
          263.700000 -29.473686 -29.706099 -19.319664
          263.800000 -29.498241 -29.612969 -19.405244
          263.900000 -29.514103 -29.458483 -19.491339
          264.000000 -29.530199 -29.299162 -19.533350
          264.100000 -29.528784 -29.153780 -19.579514
          264.200000 -29.522373 -28.968919 -19.678816
          264.300000 -29.529893 -28.885041 -19.747564
          264.400000 -29.533327 -28.676954 -19.849812
          264.500000 -29.540410 -28.580584 -19.871413
          264.600000 -29.552764 -28.368164 -19.968110
          264.700000 -29.586863 -28.296291 -20.028793
          264.800000 -29.613111 -28.109750 -20.160302
          264.900000 -29.614039 -28.036952 -20.181976
          265.000000 -29.632822 -27.871566 -20.232351
          265.100000 -29.646949 -27.674315 -20.328334
          265.200000 -29.634745 -27.596585 -20.417033
          265.300000 -29.633568 -27.461812 -20.496906
          265.400000 -29.639058 -27.302166 -20.558154
          265.500000 -29.641624 -27.145204 -20.611838
          265.600000 -29.650638 -26.955051 -20.720221
          265.700000 -29.644565 -26.890069 -20.789038
          265.800000 -29.649563 -26.754770 -20.868103
          265.900000 -29.646485 -26.595260 -20.909907
          266.000000 -29.627043 -26.430159 -20.975770
          266.100000 -29.604013 -26.238584 -21.092454
          266.200000 -29.576186 -26.147167 -21.163766
          266.300000 -29.548784 -25.962065 -21.257896
          266.400000 -29.526413 -25.883273 -21.279290
          266.500000 -29.503590 -25.741511 -21.350212
          266.600000 -29.487257 -25.562312 -21.457100
          266.700000 -29.482321 -25.495519 -21.521937
          266.800000 -29.468442 -25.299442 -21.604067
          266.900000 -29.449746 -25.239913 -21.809762
          267.000000 -29.403980 -25.112528 -21.875635
          267.100000 -29.361506 -24.944282 -21.991180
          267.200000 -29.331840 -24.840508 -22.044048
          267.300000 -29.293535 -24.640240 -22.136444
          267.400000 -29.273806 -24.524110 -22.146234
          267.500000 -29.249821 -24.330155 -22.239337
          267.600000 -29.226583 -24.263041 -22.332329
          267.700000 -29.208314 -24.074360 -22.433771
          267.800000 -29.172158 -23.958870 -22.469653
          267.900000 -29.232273 -23.817948 -22.660532
          268.000000 -29.086226 -23.715778 -22.746765
          268.100000 -29.042163 -23.580120 -22.866645
          268.200000 -28.995321 -23.384875 -22.981100
          268.300000 -28.952469 -23.266078 -23.014167
          268.400000 -28.907479 -23.123134 -23.055180
          268.500000 -28.867861 -23.000286 -23.138628
          268.600000 -28.840585 -22.873402 -23.222987
          268.700000 -28.787537 -22.708404 -23.291306
          268.800000 -28.735373 -22.514009 -23.366053
          268.900000 -28.701559 -22.444675 -23.454739
          269.000000 -28.622845 -22.331832 -23.546015
          269.100000 -28.566292 -22.184299 -23.629530
          269.200000 -28.508183 -22.028769 -23.676875
          269.300000 -28.454861 -21.886483 -23.735636
          269.400000 -28.401798 -21.752547 -23.820416
          269.500000 -28.353033 -21.562261 -23.947120
          269.600000 -28.307279 -21.485020 -23.988591
          269.700000 -28.247946 -21.264092 -24.080018
          269.800000 -28.181743 -21.178127 -24.106950
          269.900000 -28.143328 -21.114112 -24.247665
          270.000000 -28.070772 -20.991622 -24.347398
          270.100000 -28.007752 -20.797314 -24.437659
          270.200000 -27.931053 -20.681721 -24.484485
          270.300000 -27.878366 -20.554307 -24.558664
          270.400000 -27.822212 -20.433221 -24.657571
          270.500000 -27.768429 -20.294172 -24.734278
          270.600000 -27.710734 -20.141898 -24.798768
          270.700000 -27.643551 -19.993613 -24.844578
          270.800000 -27.584427 -19.814328 -24.951132
          270.900000 -27.527868 -19.757410 -25.078063
          271.000000 -27.485972 -19.559426 -25.159471
          271.100000 -27.389516 -19.451748 -25.217799
          271.200000 -27.343083 -19.325576 -25.296948
          271.300000 -27.299696 -19.151970 -25.422084
          271.400000 -27.239144 -19.066062 -25.450862
          271.500000 -27.184918 -18.862015 -25.529047
          271.600000 -27.127610 -18.779173 -25.563162
          271.700000 -27.065214 -18.604051 -25.672090
          271.800000 -27.007813 -18.541570 -25.765614
          271.900000 -27.019955 -18.390904 -25.848409
          272.000000 -26.884176 -18.265838 -25.928035
          272.100000 -26.826074 -18.128124 -26.012039
          272.200000 -26.763839 -17.939779 -26.122849
          272.300000 -26.736771 -17.877674 -26.193220
          272.400000 -26.684070 -17.733019 -26.253243
          272.500000 -26.627093 -17.522799 -26.326530
          272.600000 -26.581789 -17.447902 -26.410931
          272.700000 -26.529302 -17.271548 -26.529998
          272.800000 -26.477717 -17.203308 -26.602403
          272.900000 -26.451771 -17.079256 -26.708088
          273.000000 -26.361742 -16.899921 -26.781551
          273.100000 -26.312483 -16.710761 -26.901537
          273.200000 -26.277868 -16.641349 -26.979792
          273.300000 -26.227628 -16.454801 -27.088567
          273.400000 -26.164703 -16.338602 -27.109638
          273.500000 -26.105422 -16.142503 -27.183394
          273.600000 -26.055663 -16.097342 -27.293305
          273.700000 -26.002279 -15.973964 -27.407682
          273.800000 -25.943366 -15.794187 -27.513218
          273.900000 -25.880153 -15.706157 -27.643342
          274.000000 -25.827517 -15.535361 -27.748984
          274.100000 -25.778452 -15.435559 -27.831666
          274.200000 -25.722804 -15.253779 -27.974136
          274.300000 -25.676631 -15.129272 -27.986079
          274.400000 -25.625471 -14.994957 -28.072539
          274.500000 -25.555053 -14.829680 -28.196143
          274.600000 -25.505349 -14.755325 -28.274538
          274.700000 -25.439332 -14.611834 -28.368962
          274.800000 -25.376217 -14.453953 -28.420410
          274.900000 -25.339464 -14.359125 -28.558622
          275.000000 -25.292637 -14.225880 -28.674285
          275.100000 -25.240018 -14.091076 -28.765702
          275.200000 -25.169834 -13.939082 -28.824044
          275.300000 -25.117278 -13.804308 -28.893823
          275.400000 -25.056549 -13.622749 -29.010261
          275.500000 -24.982474 -13.577708 -29.082230
          275.600000 -24.917795 -13.458428 -29.144896
          275.700000 -24.848016 -13.253503 -29.239236
          275.800000 -24.788406 -13.163337 -29.288720
          275.900000 -24.751705 -13.097425 -29.539346
          276.000000 -24.702520 -12.978052 -29.635033
          276.100000 -24.643878 -12.824063 -29.709198
          276.200000 -24.564898 -12.675223 -29.752551
          276.300000 -24.500154 -12.554635 -29.840125
          276.400000 -24.440552 -12.433738 -29.953990
          276.500000 -24.359756 -12.317795 -30.065529
          276.600000 -24.290579 -12.172989 -30.135540
          276.700000 -24.224694 -12.029839 -30.218929
          276.800000 -24.173421 -11.910991 -30.344846
          276.900000 -24.118043 -11.833750 -30.628863
          277.000000 -24.086484 -11.659930 -30.730372
          277.100000 -24.027349 -11.532458 -30.779665
          277.200000 -23.966907 -11.383918 -30.863575
          277.300000 -23.925142 -11.266152 -30.973887
          277.400000 -23.873858 -11.143497 -31.089642
          277.500000 -23.816228 -10.952028 -31.192129
          277.600000 -23.771699 -10.846485 -31.230008
          277.700000 -23.741473 -10.713840 -31.305432
          277.800000 -23.716998 -10.595653 -31.408329
          277.900000 -23.724665 -10.524635 -31.637596
          278.000000 -23.686055 -10.343113 -31.718735
          278.100000 -23.627806 -10.218714 -31.782058
          278.200000 -23.580434 -10.035402 -31.830748
          278.300000 -23.532310  -9.976160 -31.911162
          278.400000 -23.479046  -9.835681 -31.957763
          278.500000 -23.419613  -9.646438 -32.042209
          278.600000 -23.377638  -9.561919 -32.085225
          278.700000 -23.339299  -9.395035 -32.170708
          278.800000 -23.292426  -9.321497 -32.242189
          278.900000 -23.256036  -9.173762 -32.328843
          279.000000 -23.180686  -9.048984 -32.378611
          279.100000 -23.108697  -8.879805 -32.474963
          279.200000 -23.040977  -8.818355 -32.526449
          279.300000 -22.954404  -8.653963 -32.636890
          279.400000 -22.876756  -8.574553 -32.654193
          279.500000 -22.789987  -8.395349 -32.727452
          279.600000 -22.728943  -8.324916 -32.788859
          279.700000 -22.672309  -8.174745 -32.913553
          279.800000 -22.628492  -8.080216 -32.947289
          279.900000 -22.551722  -7.969682 -33.138454
          280.000000 -22.506683  -7.781002 -33.083065
          280.100000 -22.449093  -7.609248 -33.217119
          280.200000 -22.400372  -7.558451 -33.288167
          280.300000 -22.347592  -7.367077 -33.430860
          280.400000 -22.290811  -7.257295 -33.425355
          280.500000 -22.240745  -7.058932 -33.575468
          280.600000 -22.225805  -7.005592 -33.605445
          280.700000 -22.200762  -6.816282 -33.767964
          280.800000 -22.174030  -6.729753 -33.735381
          280.900000 -22.209425  -6.491516 -33.456617
          281.000000 -22.160007  -6.345980 -33.515189
          281.100000 -22.099967  -6.170144 -33.668520
          281.200000 -22.039177  -6.127331 -33.741519
          281.300000 -21.971760  -5.925547 -33.870323
          281.400000 -21.914535  -5.854683 -33.868220
          281.500000 -21.860380  -5.681005 -33.998219
          281.600000 -21.772251  -5.608414 -34.039004
          281.700000 -21.710563  -5.483102 -34.100063
          281.800000 -21.631603  -5.339447 -34.155035
          281.900000 -20.876096  -5.216245 -33.820334
          282.000000 -20.800681  -5.110585 -33.903195
          282.100000 -20.708254  -5.011626 -34.002136
          282.200000 -20.605717  -4.897996 -34.069615
          282.300000 -20.510496  -4.765007 -34.112047
          282.400000 -20.453395  -4.609037 -33.997634
          282.500000 -20.376676  -4.498594 -34.090996
          282.600000 -20.312463  -4.399871 -34.182936
          282.700000 -20.228428  -4.279134 -34.272406
          282.800000 -20.139016  -4.136194 -34.305627
          282.900000 -20.024492  -4.023229 -34.318927
          283.000000 -19.939936  -3.933111 -34.411061
          283.100000 -19.851213  -3.790226 -34.532183
          283.200000 -19.779508  -3.716843 -34.538059
          283.300000 -19.690662  -3.591997 -34.594380
          283.400000 -19.633605  -3.474356 -34.617332
          283.500000 -19.584739  -3.362313 -34.697492
          283.600000 -19.531499  -3.242943 -34.754365
          283.700000 -19.463699  -3.100450 -34.790513
          283.800000 -19.409975  -2.946150 -34.768788
          283.900000 -19.491394  -2.710330 -34.551970
          284.000000 -19.411132  -2.612214 -34.625387
          284.100000 -19.329252  -2.492096 -34.675510
          284.200000 -19.233484  -2.310815 -34.776842
          284.300000 -19.169051  -2.222756 -34.765997
          284.400000 -19.089598  -2.128165 -34.849689
          284.500000 -19.005370  -1.977824 -34.967623
          284.600000 -18.970783  -1.896520 -34.926944
          284.700000 -18.889460  -1.764742 -34.935414
          284.800000 -18.788336  -1.597073 -35.012824
          284.900000 -18.836670  -1.433173 -34.683027
          285.000000 -18.754440  -1.324495 -34.711082
          285.100000 -18.655639  -1.159529 -34.758870
          285.200000 -18.579109  -1.032950 -34.472281
          285.300000 -18.481111  -0.920397 -34.506329
          285.400000 -18.408439  -0.759102 -34.430168
          285.500000 -18.330540  -0.676832 -34.399164
          285.600000 -18.221492  -0.542664 -34.471736
          285.700000 -18.111186  -0.502759 -34.384444
          285.800000 -18.053501  -0.329150 -34.291100
          285.900000 -18.340212   0.049013 -33.358787
          286.000000 -18.219966   0.186183 -33.327930
          286.100000 -18.091712   0.241309 -33.282849
          286.200000 -17.991128   0.508789 -32.651768
          286.300000 -17.873546   0.518331 -32.659953
          286.400000 -17.762349   0.690879 -32.469015
          286.500000 -17.616229   0.690608 -32.500243
          286.600000 -17.455539   0.768055 -32.495265
          286.700000 -17.348957   0.966050 -32.297811
          286.800000 -17.233025   0.940545 -32.317117
          286.900000 -17.248922   1.199968 -31.676996
          287.000000 -17.093529   1.266575 -31.679398
          287.100000 -16.932993   1.340837 -31.645175
          287.200000 -16.764145   1.476914 -31.259834
          287.300000 -16.630445   1.517404 -31.320424
          287.400000 -16.463848   1.562083 -31.243464
          287.500000 -16.311464   1.616543 -31.263455
          287.600000 -16.151387   1.671871 -31.235755
          287.700000 -15.998470   1.696764 -31.221308
          287.800000 -15.837263   1.709200 -31.260404
          287.900000 -15.721295   1.786789 -31.146709
          288.000000 -15.557451   1.828165 -31.157184
          288.100000 -15.393232   1.866030 -31.182117
          288.200000 -15.243906   1.928623 -31.060492
          288.300000 -15.097792   1.969039 -31.091796
          288.400000 -14.943271   2.038935 -31.011866
          288.500000 -14.785740   2.098820 -30.973228
          288.600000 -14.639955   2.124745 -30.990962
          288.700000 -14.484206   2.190152 -30.999682
          288.800000 -14.365488   2.206744 -30.904604
          288.900000 -14.269237   2.320305 -30.670146
          289.000000 -14.092709   2.408309 -30.665998
          289.100000 -13.945713   2.384568 -30.699036
          289.200000 -13.880890   2.233515 -31.801888
          289.300000 -13.705144   2.198143 -31.833539
          289.400000 -13.535288   2.302059 -31.737333
          289.500000 -13.367782   2.290525 -31.746381
          289.600000 -13.198821   2.348493 -31.800956
          289.700000 -13.019312   2.283193 -31.861238
          289.800000 -12.843105   2.343310 -31.918263
          289.900000 -12.799812   2.070793 -32.739278
          290.000000 -12.636876   2.151620 -32.762655
          290.100000 -12.473558   2.123578 -32.820091
          290.200000 -12.303831   2.124695 -32.928734
          290.300000 -12.135254   2.162157 -32.929443
          290.400000 -11.948634   2.247489 -32.916039
          290.500000 -11.787191   2.208124 -32.940675
          290.600000 -11.616492   2.241716 -33.069800
          290.700000 -11.433859   2.208085 -33.055076
          290.800000 -11.257772   2.270718 -33.102029
          290.900000 -11.245017   1.947830 -34.099341
          291.000000 -11.072473   1.965442 -34.134238
          291.100000 -10.911758   2.034137 -34.181640
          291.200000 -10.725727   1.965173 -34.340920
          291.300000 -10.555816   1.976349 -34.342055
          291.400000 -10.388235   1.976405 -34.391912
          291.500000 -10.207742   2.003517 -34.477837
          291.600000 -10.053610   1.974046 -34.487107
          291.700000  -9.866697   1.992905 -34.482082
          291.800000  -9.683577   1.981502 -34.566666
          291.900000  -9.747036   1.609825 -35.885623
          292.000000  -9.584556   1.629241 -35.924808
          292.100000  -9.427118   1.660576 -35.921029
          292.200000  -9.249458   1.633763 -36.120622
          292.300000  -9.075740   1.647553 -36.140350
          292.400000  -8.916218   1.628623 -36.235869
          292.500000  -8.740542   1.621395 -36.289390
          292.600000  -8.556246   1.645124 -36.288182
          292.700000  -8.359055   1.672557 -36.326872
          292.800000  -8.185746   1.665781 -36.459562
          292.900000  -8.306788   1.187372 -38.201387
          293.000000  -8.140621   1.223309 -38.224141
          293.100000  -7.971250   1.267534 -38.218146
          293.200000  -7.824338   1.228285 -38.494630
          293.300000  -7.652580   1.242986 -38.562866
          293.400000  -7.473783   1.241176 -38.683707
          293.500000  -7.288688   1.272903 -38.717498
          293.600000  -7.107726   1.304218 -38.756979
          293.700000  -6.945633   1.314030 -38.892670
          293.800000  -6.774990   1.345030 -38.975160
          293.900000  -6.966358   0.918774 -39.565326
          294.000000  -6.774989   0.944597 -39.657072
          294.100000  -6.608155   0.973979 -39.682119
          294.200000  -6.434299   0.893710 -39.898783
          294.300000  -6.282018   0.940672 -39.976632
          294.400000  -6.108307   0.927101 -40.055030
          294.500000  -5.931645   0.981955 -40.086771
          294.600000  -5.767207   1.010444 -40.166567
          294.700000  -5.606768   1.024675 -40.323199
          294.800000  -5.452443   1.064821 -40.405900
          294.900000  -5.693108   1.025896 -40.230657
          295.000000  -5.391305   0.882343 -40.743206
          295.100000  -5.207641   0.952371 -40.865079
          295.200000  -5.036167   0.753231 -41.278972
          295.300000  -4.886548   0.798160 -41.421712
          295.400000  -4.676806   0.804948 -41.445055
          295.500000  -4.524625   0.917045 -41.487967
          295.600000  -4.349461   0.930204 -41.534024
          295.700000  -4.052519   0.932047 -41.483209
          295.800000  -3.888491   0.982112 -41.562428
          295.900000  -4.197909   0.892833 -41.753383
          296.000000  -3.895846   0.788837 -42.155767
          296.100000  -3.718077   0.878984 -42.227003
          296.200000  -3.469842   0.718806 -42.605279
          296.300000  -3.311144   0.733424 -42.680010
          296.400000  -3.053249   0.737683 -42.757135
          296.500000  -2.876315   0.804976 -42.787098
          296.600000  -2.705082   0.838900 -42.862616
          296.700000  -2.510619   0.917165 -42.940970
          296.800000  -2.364769   0.909970 -42.949852
          296.900000  -2.540454   0.896424 -42.746151
          297.000000  -2.304884   0.996892 -42.801089
          297.100000  -2.154610   1.203514 -42.636794
          297.200000  -1.919787   1.131474 -42.865026
          297.300000  -1.741808   1.234767 -42.924053
          297.400000  -1.522918   1.215093 -42.963206
          297.500000  -1.344064   1.235476 -43.048979
          297.600000  -1.173464   1.262055 -43.093695
          297.700000  -1.019843   1.316414 -43.071477
          297.800000  -0.825460   1.314386 -43.146260
          297.900000  -0.928455   1.037433 -43.691306
          298.000000  -0.864634   1.185916 -43.516725
          298.100000  -0.591905   1.065320 -43.873168
          298.200000  -0.399006   0.993822 -44.091392
          298.300000  -0.255005   1.066046 -44.150143
          298.400000  -0.067259   1.016791 -44.239378
          298.500000   0.107290   0.998685 -44.345450
          298.600000   0.262675   0.991156 -44.426128
          298.700000   0.433059   0.977110 -44.523217
          298.800000   0.597425   0.951726 -44.602153
          298.900000   0.510586   0.659553 -44.989832
          299.000000   0.692250   0.665480 -45.088573
          299.100000   0.878977   0.653570 -45.187073
          299.200000   1.082937   0.583780 -45.342893
          299.300000   1.231103   0.662974 -45.376001
          299.400000   1.354531   0.704025 -45.152986
          299.500000   1.509103   0.733090 -45.175094
          299.600000   1.686696   0.758465 -45.197574
          299.700000   1.887999   0.755258 -45.265364
          299.800000   2.052824   0.782398 -45.287925
          299.900000   2.251478   0.832569 -45.274983
          300.000000   2.371125   0.902079 -45.228631
          300.100000   2.474420   1.001806 -45.210878
          300.200000   2.691293   0.910497 -45.325791
          300.300000   2.843931   0.962368 -45.383989
          300.400000   3.006586   0.931132 -45.331191
          300.500000   3.161724   0.938412 -45.344290
          300.600000   3.317844   0.989470 -45.353518
          300.700000   3.499167   0.935905 -45.401084
          300.800000   3.648360   0.945077 -45.398882
          300.900000   3.749476   1.102166 -45.050923
          301.000000   3.921531   1.054692 -45.184234
          301.100000   4.072856   1.060434 -45.211334
          301.200000   4.239686   1.058656 -45.279286
          301.300000   4.382122   1.087019 -45.317047
          301.400000   4.505794   1.129105 -45.268442
          301.500000   4.632337   1.215703 -45.288422
          301.600000   4.809366   1.214848 -45.313921
          301.700000   4.975800   1.313432 -45.314443
          301.800000   5.150578   1.304981 -45.345439
          301.900000   5.308877   1.384427 -45.303678
          302.000000   5.453114   1.485764 -45.291348
          302.100000   5.634797   1.506434 -45.334442
          302.200000   5.795873   1.614576 -45.337167
          302.300000   5.988977   1.639158 -45.424171
          302.400000   6.143026   1.772080 -45.412081
          302.500000   6.296053   1.798533 -45.385034
          302.600000   6.440186   1.924122 -45.393145
          302.700000   6.606536   1.936685 -45.431854
          302.800000   6.746904   2.036643 -45.494566
          302.900000   6.886373   2.073766 -45.447588
          303.000000   7.012482   2.189462 -45.444771
          303.100000   7.199631   2.199476 -45.543449
          303.200000   7.339660   2.302008 -45.625912
          303.300000   7.502650   2.302850 -45.664643
          303.400000   7.659004   2.376388 -45.653098
          303.500000   7.807819   2.445376 -45.659346
          303.600000   7.979559   2.506608 -45.668781
          303.700000   8.142731   2.563365 -45.697197
          303.800000   8.309331   2.605431 -45.751972
          303.900000   8.407987   2.734469 -45.602471
          304.000000   8.596778   2.775309 -45.742237
          304.100000   8.723146   2.897808 -45.749581
          304.200000   8.922656   2.896309 -45.869488
          304.300000   9.064817   3.001942 -45.907796
          304.400000   9.211510   3.052375 -45.935368
          304.500000   9.339187   3.123028 -45.956522
          304.600000   9.470866   3.173438 -46.000152
          304.700000   9.561057   3.281125 -45.928973
          304.800000   9.702212   3.333036 -45.958551
          304.900000   9.679435   3.628057 -44.253328
          305.000000   9.765765   3.760064 -44.139402
          305.100000   9.994669   3.750235 -44.370439
          305.200000  10.103530   3.831768 -44.342866
          305.300000  10.261766   3.891540 -44.400211
          305.400000  10.453284   3.935028 -44.328327
          305.500000  10.598987   3.998112 -44.316903
          305.600000  10.740360   4.032247 -44.347665
          305.700000  10.984470   4.039500 -44.383826
          305.800000  11.155205   4.143113 -44.407344
          305.900000  11.301429   4.145310 -44.366431
          306.000000  11.413297   4.250144 -44.395802
          306.100000  11.610240   4.299641 -44.447186
          306.200000  11.808100   4.419534 -44.550350
          306.300000  11.970995   4.457640 -44.506448
          306.400000  12.124055   4.549246 -44.368636
          306.500000  12.280673   4.594139 -44.400601
          306.600000  12.445510   4.677435 -44.464146
          306.700000  12.632861   4.684021 -44.448015
          306.800000  12.785848   4.808635 -44.447489
          306.900000  12.893475   4.818558 -44.717202
          307.000000  12.986473   4.927158 -44.750888
          307.100000  13.210917   4.971614 -44.837692
          307.200000  13.358555   5.102353 -44.722600
          307.300000  13.519420   5.128571 -44.723342
          307.400000  13.720477   5.207393 -44.772157
          307.500000  13.870999   5.215421 -44.807681
          307.600000  14.015166   5.305751 -44.861293
          307.700000  14.192753   5.390410 -44.682548
          307.800000  14.351329   5.517549 -44.698467
          307.900000  14.468060   5.502454 -44.736689
          308.000000  14.577787   5.603093 -44.788632
          308.100000  14.799400   5.648204 -44.833697
          308.200000  14.969594   5.769444 -44.819892
          308.300000  15.118913   5.801741 -44.816430
          308.400000  15.277884   5.848342 -44.866735
          308.500000  15.415211   5.930787 -44.932952
          308.600000  15.584229   5.969186 -44.892732
          308.700000  15.732195   6.049362 -44.822773
          308.800000  15.881860   6.129832 -44.868870
          308.900000  15.950140   6.118265 -45.107244
          309.000000  16.152035   6.185348 -45.164809
          309.100000  16.328048   6.260790 -45.160635
          309.200000  16.536362   6.282359 -45.202101
          309.300000  16.688306   6.308830 -45.227772
          309.400000  16.839044   6.383754 -45.102595
          309.500000  17.006983   6.426346 -45.125484
          309.600000  17.173599   6.511419 -45.170053
          309.700000  17.373670   6.481315 -45.160820
          309.800000  17.528536   6.546862 -45.258552
          309.900000  17.652737   6.493914 -45.398229
          310.000000  17.849618   6.559595 -45.418093
          310.100000  18.010055   6.670541 -45.416900
          310.200000  18.206052   6.619807 -45.501113
          310.300000  18.366350   6.635454 -45.561128
          310.400000  18.515250   6.727875 -45.465066
          310.500000  18.682864   6.779886 -45.432817
          310.600000  18.848724   6.841425 -45.415992
          310.700000  19.006704   6.889239 -45.447842
          310.800000  19.161134   6.877985 -45.470226
          310.900000  19.012418   6.935531 -45.531080
          311.000000  19.418221   7.017099 -45.602534
          311.100000  19.593384   7.039170 -45.616115
          311.200000  19.789284   6.989973 -45.712612
          311.300000  19.948070   7.004030 -45.730930
          311.400000  20.101148   7.061809 -45.535874
          311.500000  20.262717   7.125915 -45.530363
          311.600000  20.435322   7.111253 -45.530869
          311.700000  20.627885   7.133133 -45.536736
          311.800000  20.796923   7.110654 -45.503713
          311.900000  20.908477   7.063286 -45.764873
          312.000000  21.154977   7.042134 -45.900735
          312.100000  21.330328   7.024454 -45.961186
          312.200000  21.494912   7.015123 -45.991253
          312.300000  21.656657   7.017060 -45.964501
          312.400000  21.830990   7.040726 -45.889139
          312.500000  21.983949   7.092585 -45.887628
          312.600000  22.142264   7.031985 -45.915750
          312.700000  22.294279   7.003671 -45.971592
          312.800000  22.448138   7.053658 -45.971262
          312.900000  22.658236   6.893985 -46.321221
          313.000000  22.811276   6.914650 -46.310469
          313.100000  22.966498   6.868538 -46.312348
          313.200000  23.123031   6.854482 -46.407526
          313.300000  23.282947   6.820708 -46.338889
          313.400000  23.440185   6.849053 -46.279413
          313.500000  23.603250   6.846602 -46.288239
          313.600000  23.772324   6.882000 -46.330725
          313.700000  23.931636   6.804259 -46.347675
          313.800000  24.086882   6.848098 -46.334815
          313.900000  24.002838   6.508103 -46.825425
          314.000000  24.117782   6.518437 -46.865952
          314.100000  24.356042   6.476412 -46.865386
          314.200000  24.555970   6.375753 -46.980119
          314.300000  24.717564   6.378723 -46.949446
          314.400000  24.851851   6.420276 -46.748470
          314.500000  25.007729   6.438346 -46.793678
          314.600000  25.182892   6.394706 -46.774433
          314.700000  25.347701   6.360520 -46.810550
          314.800000  25.516625   6.332198 -46.739492
          314.900000  25.473943   6.011729 -46.844928
          315.000000  25.629593   5.989370 -46.832485
          315.100000  25.780188   6.018620 -46.829924
          315.200000  25.923498   6.009023 -46.719870
          315.300000  26.089071   5.992533 -46.729457
          315.400000  26.238321   5.941752 -46.736988
          315.500000  26.387072   5.968473 -46.782111
          315.600000  26.569211   5.928659 -46.692092
          315.700000  26.672869   6.054387 -46.384524
          315.800000  26.827919   6.026004 -46.378704
          315.900000  27.103519   5.906493 -46.515963
          316.000000  27.267657   5.881865 -46.485310
          316.100000  27.423204   5.868752 -46.445710
          316.200000  27.597953   5.852616 -46.400269
          316.300000  27.752517   5.829004 -46.403477
          316.400000  27.910906   5.845485 -46.428433
          316.500000  28.075900   5.794871 -46.353287
          316.600000  28.245690   5.776555 -46.309660
          316.700000  28.415663   5.751642 -46.289818
          316.800000  28.576335   5.708693 -46.299506
          316.900000  28.779292   5.652227 -46.470811
          317.000000  28.965599   5.632240 -46.401216
          317.100000  29.144289   5.612849 -46.371465
          317.200000  29.315992   5.578842 -46.414559
          317.300000  29.485603   5.561032 -46.431368
          317.400000  29.659137   5.547531 -46.444999
          317.500000  29.838970   5.528306 -46.445722
          317.600000  30.002503   5.508047 -46.427702
          317.700000  30.157818   5.515184 -46.456241
          317.800000  30.349183   5.437028 -46.437965
          317.900000  30.387140   5.610683 -44.924459
          318.000000  30.568291   5.615823 -44.913223
          318.100000  30.733662   5.655133 -44.941852
          318.200000  30.919695   5.615417 -44.852797
          318.300000  31.083691   5.621151 -44.854311
          318.400000  31.265854   5.625137 -44.852009
          318.500000  31.432563   5.682294 -44.826275
          318.600000  31.603023   5.627189 -44.836912
          318.700000  31.772492   5.614437 -44.854520
          318.800000  31.950883   5.657189 -44.825001
          318.900000  32.115283   5.669599 -44.371272
          319.000000  32.274826   5.690825 -44.392629
          319.100000  32.428641   5.755172 -44.447221
          319.200000  32.602828   5.712239 -44.403518
          319.300000  32.758880   5.783281 -44.428340
          319.400000  32.937884   5.773443 -44.413304
          319.500000  33.100191   5.793171 -44.431130
          319.600000  33.271555   5.796783 -44.480388
          319.700000  33.429361   5.855176 -44.514750
          319.800000  33.604377   5.857969 -44.463298
          319.900000  33.765736   5.935498 -44.468213
          320.000000  33.929477   5.939489 -44.509998
          320.100000  34.075762   6.016779 -44.594830
          320.200000  34.266044   6.030574 -44.605881
          320.300000  34.427125   6.130317 -44.635021
          320.400000  34.589156   6.152509 -44.638614
          320.500000  34.732670   6.237322 -44.706688
          320.600000  34.899335   6.248875 -44.729089
          320.700000  35.034583   6.361159 -44.772053
          320.800000  35.211337   6.407127 -44.744253
          320.900000  35.361879   6.488120 -44.788639
          321.000000  35.494399   6.606380 -44.889526
          321.100000  35.640176   6.639974 -44.888234
          321.200000  35.770999   6.779877 -44.923206
          321.300000  35.940779   6.822601 -44.898363
          321.400000  36.073031   6.892651 -44.948951
          321.500000  36.197701   6.997861 -45.033969
          321.600000  36.361183   7.027226 -45.014167
          321.700000  36.509378   7.126508 -45.005221
          321.800000  36.638389   7.214621 -45.040042
          321.900000  36.767240   7.302256 -45.079910
          322.000000  36.881593   7.435296 -45.167270
          322.100000  37.023525   7.508030 -45.164561
          322.200000  37.151646   7.607853 -45.167822
          322.300000  37.279785   7.684441 -45.203270
          322.400000  37.391228   7.794281 -45.265020
          322.500000  37.535657   7.861418 -45.261943
          322.600000  37.674201   7.966230 -45.284896
          322.700000  37.805371   8.084378 -45.306000
          322.800000  37.929851   8.174926 -45.359284
          322.900000  38.050241   8.294707 -45.456047
          323.000000  38.166244   8.382190 -45.465170
          323.100000  38.293011   8.503274 -45.483191
          323.200000  38.400898   8.653955 -45.498668
          323.300000  38.533283   8.705925 -45.557754
          323.400000  38.647354   8.826746 -45.640550
          323.500000  38.781269   8.910007 -45.640827
          323.600000  38.881722   9.076811 -45.663567
          323.700000  38.996608   9.146735 -45.702254
          323.800000  39.093959   9.295857 -45.783037
          323.900000  39.214949   9.359870 -45.792111
          324.000000  39.303450   9.534577 -45.831424
          324.100000  39.438116   9.616420 -45.846014
          324.200000  39.534088   9.775562 -45.918045
          324.300000  39.667172   9.824269 -45.971084
          324.400000  39.777875   9.969544 -46.041031
          324.500000  39.900473  10.068577 -46.032887
          324.600000  39.992168  10.235211 -46.091902
          324.700000  40.098228  10.327949 -46.139783
          324.800000  40.192562  10.442251 -46.210718
          324.900000  40.295729  10.575656 -46.212267
          325.000000  40.398132  10.702714 -46.222554
          325.100000  40.495920  10.847206 -46.301633
          325.200000  40.615396  10.918113 -46.349816
          325.300000  40.725490  11.031020 -46.399284
          325.400000  40.842879  11.176187 -46.463042
          325.500000  40.964816  11.282371 -46.469236
          325.600000  41.063988  11.426392 -46.540691
          325.700000  41.171005  11.499754 -46.605540
          325.800000  41.284122  11.607482 -46.630380
          325.900000  41.425413  11.705143 -46.664234
          326.000000  41.546599  11.800762 -46.698647
          326.100000  41.679709  11.879413 -46.763481
          326.200000  41.811015  11.962132 -46.791744
          326.300000  41.946824  12.059628 -46.806870
          326.400000  42.085286  12.212350 -46.856241
          326.500000  42.226411  12.259330 -46.863594
          326.600000  42.358568  12.392957 -46.944735
          326.700000  42.509599  12.415156 -46.947407
          326.800000  42.655991  12.497510 -46.937627
          326.900000  42.809443  12.544137 -46.969162
          327.000000  42.962647  12.590983 -46.999201
          327.100000  43.123237  12.637807 -47.039419
          327.200000  43.280290  12.707551 -47.018433
          327.300000  43.434796  12.774410 -46.992982
          327.400000  43.582440  12.858914 -47.046206
          327.500000  43.751563  12.848556 -47.060291
          327.600000  43.903846  12.896260 -47.092967
          327.700000  44.062333  12.971993 -47.031450
          327.800000  44.222357  13.011283 -47.014593
          327.900000  44.385060  13.028467 -47.037952
          328.000000  44.560678  13.040971 -47.061057
          328.100000  44.721425  13.064156 -47.051805
          328.200000  44.890926  13.101398 -47.009035
          328.300000  45.042580  13.172084 -47.023240
          328.400000  45.229870  13.138005 -47.041741
          328.500000  45.394885  13.164151 -47.059201
          328.600000  45.542233  13.231941 -47.068083
          328.700000  45.722094  13.238853 -46.970810
          328.800000  45.877655  13.237293 -46.968851
          328.900000  46.032104  13.237969 -47.041567
          329.000000  46.219409  13.214130 -47.014066
          329.100000  46.380312  13.264292 -47.004968
          329.200000  46.543180  13.250384 -46.902580
          329.300000  46.695061  13.290731 -46.920518
          329.400000  46.887456  13.264897 -46.944483
          329.500000  47.041843  13.316422 -46.964059
          329.600000  47.213118  13.300584 -46.885533
          329.700000  47.378767  13.346649 -46.900061
          329.800000  47.552513  13.289918 -46.881374
          329.900000  47.725742  13.271695 -46.877161
          330.000000  47.883284  13.306479 -46.876746
          330.100000  48.069361  13.284702 -46.813575
          330.200000  48.228638  13.323738 -46.808343
          330.300000  48.408983  13.282221 -46.789463
          330.400000  48.576012  13.253486 -46.804896
          330.500000  48.736217  13.285191 -46.797243
          330.600000  48.908791  13.255963 -46.724431
          330.700000  49.060366  13.282870 -46.719603
          330.800000  49.237619  13.227483 -46.688018
          330.900000  49.400606  13.222610 -46.729328
          331.000000  49.584173  13.187614 -46.642454
          331.100000  49.744502  13.218487 -46.634772
          331.200000  49.908936  13.165130 -46.585992
          331.300000  50.065163  13.191937 -46.586591
          331.400000  50.264190  13.144717 -46.539710
          331.500000  50.415788  13.173755 -46.502235
          331.600000  50.589996  13.097761 -46.484274
          331.700000  50.745136  13.117328 -46.467087
          331.800000  50.907671  13.033525 -46.434003
          331.900000  51.074668  13.050434 -46.395855
          332.000000  51.241459  12.982567 -46.369734
          332.100000  51.391216  13.013490 -46.385167
          332.200000  51.557422  12.937729 -46.338707
          332.300000  51.708568  12.975792 -46.314338
          332.400000  51.909400  12.904875 -46.228965
          332.500000  52.050196  12.922381 -46.243125
          332.600000  52.232565  12.826914 -46.191782
          332.700000  52.385624  12.807125 -46.128655
          332.800000  52.559279  12.786791 -46.076209
          332.900000  52.725607  12.759639 -46.054278
          333.000000  52.889151  12.737755 -46.060955
          333.100000  53.056899  12.702813 -46.055752
          333.200000  53.201071  12.742311 -46.017503
          333.300000  53.371234  12.698420 -45.902542
          333.400000  53.531853  12.655673 -45.898596
          333.500000  53.690817  12.622301 -45.881639
          333.600000  53.842972  12.582511 -45.854544
          333.700000  53.991030  12.572591 -45.792309
          333.800000  54.161595  12.566075 -45.723591
          333.900000  54.319101  12.563111 -45.764893
          334.000000  54.480576  12.495664 -45.759987
          334.100000  54.622284  12.523652 -45.787663
          334.200000  54.801874  12.513829 -45.622362
          334.300000  54.951874  12.536831 -45.608096
          334.400000  55.122320  12.430893 -45.621905
          334.500000  55.269803  12.428097 -45.648744
          334.600000  55.466372  12.385467 -45.549519
          334.700000  55.614488  12.398975 -45.450786
          334.800000  55.760245  12.424611 -45.427752
          334.900000  55.944234  12.346899 -45.450117
          335.000000  56.102016  12.329163 -45.429986
          335.100000  56.259082  12.324953 -45.381954
          335.200000  56.407916  12.376168 -45.328717
          335.300000  56.565882  12.321678 -45.269346
          335.400000  56.747599  12.248022 -45.331676
          335.500000  56.903981  12.217209 -45.279452
          335.600000  57.065397  12.199034 -45.223292
          335.700000  57.208886  12.211604 -45.132892
          335.800000  57.374885  12.187297 -45.118549
          335.900000  57.548579  12.152857 -45.201037
          336.000000  57.711082  12.125168 -45.113235
          336.100000  57.878898  12.107632 -45.045962
          336.200000  58.022993  12.115372 -44.967661
          336.300000  58.181362  12.067193 -44.964831
          336.400000  58.346971  12.023428 -45.036845
          336.500000  58.518409  11.977345 -44.937449
          336.600000  58.684355  11.955638 -44.893344
          336.700000  58.828001  11.991747 -44.848622
          336.800000  58.993649  11.921514 -44.836576
          336.900000  59.162669  11.896157 -44.817396
          337.000000  59.330810  11.874639 -44.761932
          337.100000  59.491883  11.853809 -44.732653
          337.200000  59.631690  11.813925 -44.690526
          337.300000  59.799425  11.764831 -44.706010
          337.400000  59.989271  11.731661 -44.664391
          337.500000  60.155296  11.722634 -44.608430
          337.600000  60.304087  11.761593 -44.602080
          337.700000  60.476949  11.693119 -44.559734
          337.800000  60.634283  11.684663 -44.539542
          337.900000  60.808025  11.684877 -44.501644
          338.000000  60.980970  11.663599 -44.476226
          338.100000  61.125142  11.648495 -44.451241
          338.200000  61.290187  11.625837 -44.420338
          338.300000  61.471643  11.608879 -44.374195
          338.400000  61.650552  11.566496 -44.343957
          338.500000  61.806237  11.558818 -44.309225
          338.600000  61.969460  11.522350 -44.323931
          338.700000  62.119257  11.538903 -44.269868
          338.800000  62.288470  11.521169 -44.230393
          338.900000  62.463911  11.496863 -44.294803
          339.000000  62.611910  11.411859 -44.204043
          339.100000  62.754871  11.410674 -44.239934
          339.200000  62.897299  11.352504 -44.110732
          339.300000  63.049131  11.324300 -44.054220
          339.400000  63.213810  11.292881 -44.015686
          339.500000  63.373867  11.256954 -44.008695
          339.600000  63.529414  11.232241 -43.995577
          339.700000  63.677250  11.242112 -43.910140
          339.800000  63.828862  11.269974 -43.867490
          339.900000  63.993404  11.158436 -43.849672
          340.000000  64.126170  11.128392 -43.900011
          340.100000  64.289529  11.063738 -43.811018
          340.200000  64.416788  11.097869 -43.772039
          340.300000  64.603125  11.025053 -43.687740
          340.400000  64.766333  10.984786 -43.739502
          340.500000  64.935598  10.925778 -43.696886
          340.600000  65.091912  10.924375 -43.695920
          340.700000  65.233113  10.894936 -43.555392
          340.800000  65.384162  10.857905 -43.511741
          340.900000  65.547758  10.781515 -43.582444
          341.000000  65.710613  10.727665 -43.567789
          341.100000  65.872605  10.697354 -43.517297
          341.200000  66.012107  10.707383 -43.457482
          341.300000  66.163778  10.645824 -43.404658
          341.400000  66.328238  10.647184 -43.434097
          341.500000  66.493302  10.580729 -43.384205
          341.600000  66.651337  10.589632 -43.353042
          341.700000  66.798483  10.544318 -43.254953
          341.800000  66.937355  10.538347 -43.247355
          341.900000  67.095894  10.426383 -43.249908
          342.000000  67.242444  10.391753 -43.213118
          342.100000  67.398589  10.360839 -43.150281
          342.200000  67.534939  10.404479 -43.060887
          342.300000  67.681397  10.325630 -43.026104
          342.400000  67.859352  10.296838 -43.087088
          342.500000  68.005129  10.210053 -43.034720
          342.600000  68.138801  10.230108 -42.985004
          342.700000  68.280280  10.172154 -42.884676
          342.800000  68.415041  10.172765 -42.885727
          342.900000  68.596425  10.037552 -42.860277
          343.000000  68.747801   9.998362 -42.816422
          343.100000  68.893415  10.018232 -42.776474
          343.200000  69.048946   9.968579 -42.698218
          343.300000  69.187826   9.995740 -42.719775
          343.400000  69.373199   9.894783 -42.687425
          343.500000  69.512779   9.929193 -42.658229
          343.600000  69.689349   9.823106 -42.585375
          343.700000  69.803591   9.874226 -42.526118
          343.800000  69.975682   9.771905 -42.509398
          343.900000  70.121448   9.764106 -42.535481
          344.000000  70.312935   9.686211 -42.432634
          344.100000  70.451911   9.714673 -42.423142
          344.200000  70.608797   9.672268 -42.329325
          344.300000  70.766249   9.644354 -42.328105
          344.400000  70.926367   9.644112 -42.360979
          344.500000  71.112614   9.578560 -42.254491
          344.600000  71.266697   9.533026 -42.240704
          344.700000  71.403155   9.519875 -42.177373
          344.800000  71.544894   9.523034 -42.188347
          344.900000  71.703810   9.468608 -42.145133
          345.000000  71.867566   9.445618 -42.092914
          345.100000  72.024082   9.418506 -42.090147
          345.200000  72.175518   9.419336 -42.049174
          345.300000  72.333157   9.435250 -42.049980
          345.400000  72.531471   9.370969 -42.009978
          345.500000  72.680047   9.331773 -41.980924
          345.600000  72.813956   9.319473 -41.998917
          345.700000  72.954043   9.289207 -41.899168
          345.800000  73.114818   9.266864 -41.845247
          345.900000  73.284000   9.230972 -41.823205
          346.000000  73.438939   9.205487 -41.808848
          346.100000  73.598801   9.181390 -41.812271
          346.200000  73.739859   9.200264 -41.768082
          346.300000  73.887826   9.213636 -41.755548
          346.400000  74.057553   9.160483 -41.667487
          346.500000  74.210949   9.171310 -41.658101
          346.600000  74.378081   9.091085 -41.647961
          346.700000  74.522530   9.075299 -41.591593
          346.800000  74.685806   9.071710 -41.533849
          346.900000  74.848807   9.071710 -41.516610
          347.000000  75.012830   9.050999 -41.525733
          347.100000  75.178702   9.039952 -41.525909
          347.200000  75.316363   9.054283 -41.441246
          347.300000  75.478410   9.042686 -41.392033
          347.400000  75.639245   9.045052 -41.425714
          347.500000  75.806402   8.989299 -41.399940
          347.600000  75.967917   8.958743 -41.386733
          347.700000  76.100617   9.019362 -41.308551
          347.800000  76.269184   9.008959 -41.223815
          347.900000  76.412673   9.016219 -41.250960
          348.000000  76.568165   9.039893 -41.270036
          348.100000  76.750001   9.004402 -41.221153
          348.200000  76.907600   9.045127 -41.110256
          348.300000  77.055103   9.076053 -41.069313
          348.400000  77.232837   8.972356 -41.056988
          348.500000  77.381563   8.956552 -41.032017
          348.600000  77.532440   8.989736 -40.996484
          348.700000  77.706054   8.964802 -40.871303
          348.800000  77.858592   9.012591 -40.851213
          348.900000  78.035991   8.938773 -40.863258
          349.000000  78.201752   8.910331 -40.857792
          349.100000  78.362494   8.902957 -40.794074
          349.200000  78.485691   8.997194 -40.669825
          349.300000  78.652903   8.899699 -40.639473
          349.400000  78.802541   8.888189 -40.672104
          349.500000  78.970977   8.795070 -40.630802
          349.600000  79.097584   8.815715 -40.590658
          349.700000  79.243325   8.787641 -40.389921
          349.800000  79.383567   8.735668 -40.358919
          349.900000  79.514022   8.733092 -40.414422
          350.000000  79.655392   8.642134 -40.322793
          350.100000  79.785858   8.592152 -40.224008
          350.200000  79.884203   8.549789 -40.095720
          350.300000  79.974969   8.512879 -40.078735
          350.400000  80.095965   8.354271 -40.003363
          350.500000  80.176611   8.307518 -39.956159
          350.600000  80.260254   8.168886 -39.802150
          350.700000  80.323105   8.170209 -39.683652
          350.800000  80.411607   8.011106 -39.572760
          350.900000  80.486145   7.929957 -39.558722
          351.000000  80.525029   7.767173 -39.393593
          351.100000  80.552617   7.654556 -39.281647
          351.200000  80.560839   7.554906 -39.141946
          351.300000  80.560886   7.461137 -39.099307
          351.400000  80.562813   7.285484 -38.959215
          351.500000  80.528763   7.215807 -38.857574
          351.600000  80.514001   7.061399 -38.704498
          351.700000  80.479470   7.019669 -38.573035
          351.800000  80.471827   6.826575 -38.501185
          351.900000  80.448349   6.746235 -38.443175
          352.000000  80.393166   6.607686 -38.269210
          352.100000  80.329865   6.499285 -38.154779
          352.200000  80.262160   6.413811 -38.010451
          352.300000  80.199698   6.336443 -37.951463
          352.400000  80.129879   6.168286 -37.818157
          352.500000  80.054907   6.119346 -37.696969
          352.600000  79.990225   5.963698 -37.576073
          352.700000  79.923313   5.927924 -37.408605
          352.800000  79.847280   5.753498 -37.293449
          352.900000  79.771394   5.650347 -37.173958
          353.000000  79.694450   5.548540 -37.028088
          353.100000  79.611215   5.451000 -36.918956
          353.200000  79.518580   5.436943 -36.779178
          353.300000  79.439608   5.284662 -36.634169
          353.400000  79.361137   5.219302 -36.505695
          353.500000  79.295318   5.079858 -36.330255
          353.600000  79.226874   4.986788 -36.287598
          353.700000  79.159411   4.850741 -36.129717
          353.800000  79.078222   4.779597 -36.083777
          353.900000  79.040002   4.602663 -35.938509
          354.000000  78.949518   4.536814 -35.850860
          354.100000  78.887915   4.341178 -35.780644
          354.200000  78.771223   4.275854 -35.698437
          354.300000  78.726870   4.090804 -35.579844
          354.400000  78.660030   4.001167 -35.526344
          354.500000  78.601994   3.808355 -35.411281
          354.600000  78.523812   3.714066 -35.372749
          354.700000  78.453968   3.544117 -35.263525
          354.800000  78.380855   3.485990 -35.228861
          354.900000  78.326292   3.295979 -35.161599
          355.000000  78.227910   3.245326 -35.125976
          355.100000  78.142239   3.061990 -35.073406
          355.200000  78.041766   2.970541 -35.004435
          355.300000  77.948237   2.870982 -34.953004
          355.400000  77.851532   2.820785 -34.924833
          355.500000  77.767963   2.675307 -34.864444
          355.600000  77.658051   2.635847 -34.880634
          355.700000  77.548380   2.518495 -34.789488
          355.800000  77.428957   2.495521 -34.781349
          355.900000  77.327540   2.399313 -34.690755
          356.000000  77.206975   2.337869 -34.686057
          356.100000  77.076380   2.290514 -34.701013
          356.200000  76.944245   2.281670 -34.662648
          356.300000  76.801977   2.265834 -34.644586
          356.400000  76.667050   2.260432 -34.681223
          356.500000  76.524058   2.195946 -34.652485
          356.600000  76.371998   2.167808 -34.667215
          356.700000  76.203079   2.208160 -34.643769
          356.800000  76.046875   2.198196 -34.565854
          356.900000  75.894484   2.209804 -34.573577
          357.000000  75.726882   2.261626 -34.625988
          357.100000  75.566916   2.229967 -34.626344
          357.200000  75.403017   2.281514 -34.588345
          357.300000  75.241162   2.351108 -34.600340
          357.400000  75.088377   2.304187 -34.612242
          357.500000  74.931327   2.314483 -34.655467
          357.600000  74.775911   2.323202 -34.688192
          357.700000  74.621118   2.385611 -34.677981
          357.800000  74.486194   2.453909 -34.716876
          357.900000  74.357778   2.429819 -34.740867
          358.000000  74.225323   2.471793 -34.793102
          358.100000  74.097177   2.560078 -34.868608
          358.200000  73.945312   2.613300 -34.820734
          358.300000  73.797959   2.679420 -34.830679
          358.400000  73.659359   2.738061 -34.889722
          358.500000  73.506456   2.735631 -34.912852
          358.600000  73.360864   2.783613 -34.939256
          358.700000  73.218577   2.918302 -34.927849
          358.800000  73.069319   2.964656 -34.919362
          358.900000  72.952098   3.009831 -34.966818
          359.000000  72.812427   3.097679 -35.048576
          359.100000  72.674769   3.138315 -35.048122
          359.200000  72.541117   3.283050 -35.055490
          359.300000  72.381531   3.312010 -35.045615
          359.400000  72.253258   3.344309 -35.098919
          359.500000  72.103580   3.430358 -35.170677
          359.600000  71.941175   3.458657 -35.169725
          359.700000  71.781110   3.562703 -35.129201
          359.800000  71.637543   3.682058 -35.162683
          359.900000  71.510943   3.671739 -35.236650
          360.000000  71.360441   3.785908 -35.299476
          360.100000  71.212825   3.805070 -35.296343
          360.200000  71.060058   3.946922 -35.279926
          360.300000  70.896576   3.939479 -35.308528
          360.400000  70.765749   4.015353 -35.373992
          360.500000  70.603456   4.025304 -35.376780
          360.600000  70.455272   4.153131 -35.390009
          360.700000  70.291022   4.199907 -35.346652
          360.800000  70.134383   4.264400 -35.377272
          360.900000  69.996330   4.311959 -35.446193
          361.000000  69.851136   4.391397 -35.459347
          361.100000  69.703833   4.525867 -35.476372
          361.200000  69.536614   4.562409 -35.441736
          361.300000  69.386894   4.675941 -35.501209
          361.400000  69.271130   4.681654 -35.548765
          361.500000  69.136515   4.805215 -35.592281
          361.600000  69.009267   4.856370 -35.574454
          361.700000  68.871739   4.958849 -35.569090
          361.800000  68.742710   5.044494 -35.615728
          361.900000  68.633903   5.111331 -35.677821
          362.000000  68.491240   5.190148 -35.695675
          362.100000  68.342506   5.305054 -35.740728
          362.200000  68.186106   5.368586 -35.720788
          362.300000  68.038873   5.467600 -35.814776
          362.400000  67.897810   5.477906 -35.809191
          362.500000  67.757224   5.591584 -35.859966
          362.600000  67.610453   5.628102 -35.859044
          362.700000  67.459902   5.725345 -35.891412
          362.800000  67.320054   5.821558 -35.961650
          362.900000  67.178574   5.833476 -35.961373
          363.000000  67.037215   5.938242 -35.985753
          363.100000  66.881965   5.947252 -35.988000
          363.200000  66.728225   6.042530 -36.023772
          363.300000  66.577638   6.046179 -36.034695
          363.400000  66.438178   6.123477 -36.087542
          363.500000  66.294827   6.144536 -36.089136
          363.600000  66.154619   6.235895 -36.165777
          363.700000  66.037085   6.269085 -36.160514
          363.800000  65.904345   6.367191 -36.220088
          363.900000  65.759858   6.391766 -36.206565
          364.000000  65.611773   6.488504 -36.256591
          364.100000  65.455951   6.506918 -36.286694
          364.200000  65.309759   6.623703 -36.307731
          364.300000  65.152479   6.667863 -36.289245
          364.400000  65.029420   6.760849 -36.368313
          364.500000  64.889417   6.798719 -36.394601
          364.600000  64.745895   6.894916 -36.487672
          364.700000  64.579751   6.952734 -36.452218
          364.800000  64.434054   7.067298 -36.467458
          364.900000  64.297573   7.077770 -36.533628
          365.000000  64.148644   7.178869 -36.567046
          365.100000  64.009614   7.171941 -36.641239
          365.200000  63.855549   7.308503 -36.620612
          365.300000  63.702614   7.362599 -36.610887
          365.400000  63.592851   7.471590 -36.652031
          365.500000  63.450685   7.475175 -36.721655
          365.600000  63.313002   7.601648 -36.796998
          365.700000  63.163195   7.663607 -36.731732
          365.800000  63.026178   7.804354 -36.757560
          365.900000  62.838149   7.789775 -36.795702
          366.000000  62.657412   7.849072 -36.868173
          366.100000  62.566971   7.963824 -36.884414
          366.200000  62.422827   8.077855 -36.847188
          366.300000  62.297342   8.159693 -36.874412
          366.400000  62.189036   8.196828 -36.959320
          366.500000  62.043349   8.325626 -37.035235
          366.600000  61.934293   8.363613 -37.028902
          366.700000  61.781231   8.547873 -37.003054
          366.800000  61.632045   8.560283 -37.029886
          366.900000  61.450428   8.648805 -37.055537
          367.000000  61.324749   8.737107 -37.105286
          367.100000  61.183913   8.843537 -37.102058
          367.200000  61.042243   8.950365 -37.100151
          367.300000  60.913602   9.018971 -37.150563
          367.400000  60.800805   9.063677 -37.250065
          367.500000  60.666774   9.147257 -37.283839
          367.600000  60.522091   9.250462 -37.283074
          367.700000  60.379409   9.349869 -37.262121
          367.800000  60.237546   9.421135 -37.311772
          367.900000  60.009287   9.721969 -36.518812
          368.000000  59.871060   9.823183 -36.520088
          368.100000  59.738416   9.927531 -36.520267
          368.200000  59.594457   9.981445 -36.664799
          368.300000  59.457764  10.092073 -36.769770
          368.400000  59.333382  10.118967 -36.803329
          368.500000  59.186621  10.220700 -36.799020
          368.600000  59.047305  10.342265 -36.849865
          368.700000  58.899948  10.409317 -36.725182
          368.800000  58.766151  10.471279 -36.770485
          368.900000  58.580919  10.638146 -36.414822
          369.000000  58.435557  10.760164 -36.433978
          369.100000  58.302624  10.846067 -36.470324
          369.200000  58.095207  10.853765 -36.841696
          369.300000  57.957938  10.925665 -36.897550
          369.400000  57.821328  11.008498 -37.002531
          369.500000  57.667948  11.086263 -37.033783
          369.600000  57.530246  11.143229 -37.095627
          369.700000  57.387805  11.216316 -37.253594
          369.800000  57.229121  11.273715 -37.241096
          369.900000  57.054106  11.336920 -37.014635
          370.000000  56.925603  11.464116 -37.078967
          370.100000  56.783585  11.572945 -37.172104
          370.200000  56.655811  11.480109 -37.606662
          370.300000  56.505144  11.591188 -37.665012
          370.400000  56.349371  11.622028 -37.796686
          370.500000  56.197609  11.683543 -37.836221
          370.600000  56.043074  11.746854 -37.883089
          370.700000  55.982289  11.899432 -37.645445
          370.800000  55.819507  11.948562 -37.646469
          370.900000  55.727539  12.030795 -37.371150
          371.000000  55.615575  12.139588 -37.488659
          371.100000  55.480033  12.254471 -37.546520
          371.200000  55.359848  12.324086 -37.484135
          371.300000  55.199305  12.465885 -37.507966
          371.400000  55.060679  12.491762 -37.498971
          371.500000  54.917151  12.598919 -37.556953
          371.600000  54.751642  12.626119 -37.592482
          371.700000  54.601158  12.728378 -37.543506
          371.800000  54.455867  12.855388 -37.582219
          371.900000  54.318904  12.894291 -37.568564
          372.000000  54.179452  12.991044 -37.619511
          372.100000  54.037568  13.075208 -37.662259
          372.200000  53.878008  13.238962 -37.664143
          372.300000  53.744759  13.239227 -37.698936
          372.400000  53.593699  13.280361 -37.739546
          372.500000  53.436821  13.358586 -37.771333
          372.600000  53.300528  13.448463 -37.785026
          372.700000  53.159294  13.540904 -37.800346
          372.800000  53.019741  13.627863 -37.845818
          372.900000  52.833001  13.701112 -37.833055
          373.000000  52.711956  13.823637 -37.917702
          373.100000  52.549089  13.968441 -37.959461
          373.200000  52.425645  13.966859 -37.985660
          373.300000  52.269708  14.065154 -38.078515
          373.400000  52.130673  14.097188 -38.079231
          373.500000  51.976555  14.184066 -38.115608
          373.600000  51.835145  14.277199 -38.152630
          373.700000  51.690663  14.374903 -38.180607
          373.800000  51.549088  14.495634 -38.264218
          373.900000  51.421351  14.534103 -38.324263
          374.000000  51.266544  14.621422 -38.347368
          374.100000  51.118308  14.725283 -38.417882
          374.200000  50.967616  14.778573 -38.439949
          374.300000  50.818826  14.897501 -38.509519
          374.400000  50.666101  14.969410 -38.484907
          374.500000  50.534710  15.109069 -38.529608
          374.600000  50.390830  15.137571 -38.570011
          374.700000  50.250218  15.256347 -38.619759
          374.800000  50.092630  15.319685 -38.619260
          374.900000  49.950173  15.427760 -38.681014
          375.000000  49.780285  15.452325 -38.715117
          375.100000  49.624706  15.539579 -38.806868
          375.200000  49.480162  15.600042 -38.790881
          375.300000  49.328695  15.727028 -38.824649
          375.400000  49.171284  15.768379 -38.808441
          375.500000  49.034480  15.857827 -38.885652
          375.600000  48.882177  15.898219 -38.885269
          375.700000  48.737554  16.007364 -38.911594
          375.800000  48.572490  16.059148 -38.890168
          375.900000  48.418719  16.125670 -38.956711
          376.000000  48.257141  16.142867 -38.975957
          376.100000  48.108502  16.229966 -39.014884
          376.200000  47.935010  16.292234 -38.969672
          376.300000  47.777529  16.388245 -39.015098
          376.400000  47.633640  16.409448 -39.035803
          376.500000  47.489494  16.505645 -39.082721
          376.600000  47.318859  16.535538 -39.096222
          376.700000  47.164900  16.632284 -39.116570
          376.800000  47.009955  16.645294 -39.126997
          376.900000  46.840433  16.683539 -39.132782
          377.000000  46.669837  16.781202 -39.158880
          377.100000  46.506074  16.809778 -39.148383
          377.200000  46.351866  16.882108 -39.133769
          377.300000  46.206579  16.981129 -39.183345
          377.400000  46.060051  16.976169 -39.216522
          377.500000  45.884024  17.041407 -39.221779
          377.600000  45.707386  17.160883 -39.246851
          377.700000  45.553184  17.174808 -39.209788
          377.800000  45.379394  17.203888 -39.241874
          377.900000  45.214332  17.283247 -39.283685
          378.000000  45.040056  17.307594 -39.274969
          378.100000  44.872914  17.416783 -39.304677
          378.200000  44.714862  17.416310 -39.276534
          378.300000  44.550389  17.456129 -39.319720
          378.400000  44.383188  17.502059 -39.335500
          378.500000  44.199507  17.600603 -39.362106
          378.600000  44.053672  17.606522 -39.340585
          378.700000  43.874087  17.624724 -39.367380
          378.800000  43.696028  17.692930 -39.419213
          378.900000  43.549451  17.713272 -39.363232
          379.000000  43.389081  17.809052 -39.384464
          379.100000  43.227056  17.796448 -39.404824
          379.200000  43.059443  17.836094 -39.409051
          379.300000  42.886539  17.886095 -39.399867
          379.400000  42.718278  17.921372 -39.393353
          379.500000  42.551379  17.943323 -39.404658
          379.600000  42.390978  17.957231 -39.432794
          379.700000  42.230087  18.026318 -39.446527
          379.800000  42.044153  18.036549 -39.417036
          379.900000  41.890881  18.081502 -39.390503
          380.000000  41.732633  18.107884 -39.419196
          380.100000  41.576130  18.143495 -39.442573
          380.200000  41.408956  18.208819 -39.428536
          380.300000  41.238666  18.249076 -39.417598
          380.400000  41.080239  18.264979 -39.441233
          380.500000  40.909793  18.288944 -39.469369
          380.600000  40.750802  18.318643 -39.474360
          380.700000  40.573209  18.369995 -39.456944
          380.800000  40.408625  18.467776 -39.466501
          380.900000  40.258200  18.471470 -39.465793
          381.000000  40.095496  18.506622 -39.503452
          381.100000  39.929388  18.598522 -39.510611
          381.200000  39.749177  18.602749 -39.490104
          381.300000  39.584814  18.669424 -39.514378
          381.400000  39.419045  18.628122 -39.535387
          381.500000  39.259416  18.641896 -39.550309
          381.600000  39.086827  18.709373 -39.560426
          381.700000  38.920323  18.723862 -39.492265
          381.800000  38.760211  18.787727 -39.520658
          381.900000  38.589530  18.780568 -39.517733
          382.000000  38.426780  18.819253 -39.503491
          382.100000  38.248467  18.884140 -39.511849
          382.200000  38.073700  18.874294 -39.477334
          382.300000  37.908638  18.902297 -39.532634
          382.400000  37.740511  18.873600 -39.533806
          382.500000  37.572916  18.912365 -39.552732
          382.600000  37.397020  18.923402 -39.489329
          382.700000  37.236633  18.939234 -39.506638
          382.800000  37.070362  18.966085 -39.578105
          382.900000  36.877744  18.953832 -39.516237
          383.000000  36.688619  18.995757 -39.531595
          383.100000  36.521982  18.954549 -39.482919
          383.200000  36.350251  18.952785 -39.483717
          383.300000  36.185436  18.919796 -39.486904
          383.400000  36.015383  18.895728 -39.482607
          383.500000  35.836867  18.923221 -39.487091
          383.600000  35.681270  18.864848 -39.433657
          383.700000  35.516081  18.880691 -39.451969
          383.800000  35.366327  18.798160 -39.387492
          383.900000  35.186646  18.753019 -39.361649
          384.000000  35.022021  18.701726 -39.311904
          384.100000  34.872680  18.635299 -39.295022
          384.200000  34.709675  18.588489 -39.245354
          384.300000  34.561492  18.537047 -39.170658
          384.400000  34.394288  18.469422 -39.149296
          384.500000  34.246294  18.403486 -39.122035
          384.600000  34.089331  18.325652 -39.106560
          384.700000  33.921647  18.271390 -39.032111
          384.800000  33.765920  18.211693 -38.962283
          384.900000  33.616964  18.128458 -38.907804
          385.000000  33.476741  18.034459 -38.883915
          385.100000  33.337224  17.978014 -38.882536
          385.200000  33.182628  17.877882 -38.760598
          385.300000  33.022781  17.803965 -38.679329
          385.400000  32.878505  17.734296 -38.656761
          385.500000  32.735158  17.687246 -38.660427
          385.600000  32.582574  17.577487 -38.594054
          385.700000  32.426464  17.554353 -38.525169
          385.800000  32.277160  17.427253 -38.424509
          385.900000  32.123290  17.388773 -38.382093
          386.000000  31.996731  17.227827 -38.351996
          386.100000  31.847390  17.206411 -38.303783
          386.200000  31.690059  17.097740 -38.175242
          386.300000  31.543643  17.089993 -38.130613
          386.400000  31.408893  16.915710 -38.135819
          386.500000  31.269836  16.889264 -38.102234
          386.600000  31.117784  16.776075 -38.009657
          386.700000  30.952622  16.759897 -37.942145
          386.800000  30.815632  16.595860 -37.917254
          386.900000  30.676206  16.547830 -37.885338
          387.000000  30.549968  16.432802 -37.821875
          387.100000  30.397062  16.397838 -37.779107
          387.200000  30.240106  16.283948 -37.681734
          387.300000  30.093870  16.196374 -37.671909
          387.400000  29.939249  16.128343 -37.637981
          387.500000  29.784692  16.099949 -37.606895
          387.600000  29.630579  15.968453 -37.527495
          387.700000  29.495838  15.920567 -37.519561
          387.800000  29.355816  15.781329 -37.466658
          387.900000  29.194757  15.708025 -37.371031
          388.000000  29.040796  15.678368 -37.351099
          388.100000  28.885712  15.576207 -37.260652
          388.200000  28.742200  15.544540 -37.241340
          388.300000  28.592777  15.437317 -37.171455
          388.400000  28.445060  15.383561 -37.191199
          388.500000  28.283140  15.285379 -37.057025
          388.600000  28.143181  15.201928 -37.032666
          388.700000  27.981276  15.121357 -36.920958
          388.800000  27.819295  15.045644 -36.838340
          388.900000  27.666600  14.977914 -36.781109
          389.000000  27.514978  14.951892 -36.762676
          389.100000  27.382848  14.827548 -36.680993
          389.200000  27.217946  14.741072 -36.582032
          389.300000  27.053915  14.707644 -36.536275
          389.400000  26.903913  14.586346 -36.414738
          389.500000  26.763996  14.477666 -36.369470
          389.600000  26.619311  14.385118 -36.296180
          389.700000  26.468512  14.335498 -36.149765
          389.800000  26.310291  14.264902 -36.049464
          389.900000  26.166884  14.178981 -35.964387
          390.000000  26.016909  14.080320 -35.920106
          390.100000  25.854089  14.003719 -35.830618
          390.200000  25.684555  13.936575 -35.649008
          390.300000  25.539409  13.848181 -35.555585
          390.400000  25.409068  13.762309 -35.460708
          390.500000  25.280361  13.651609 -35.422000
          390.600000  25.141979  13.561948 -35.343194
          390.700000  24.994008  13.479198 -35.254366
          390.800000  24.856258  13.393345 -35.201053
          390.900000  24.728506  13.291014 -35.144109
          391.000000  24.583381  13.240826 -35.117835
          391.100000  24.438154  13.134399 -34.993294
          391.200000  24.310094  13.056498 -34.906899
          391.300000  24.185964  12.950496 -34.859614
          391.400000  24.065228  12.836776 -34.815460
          391.500000  23.934492  12.782816 -34.765172
          391.600000  23.775357  12.674992 -34.655498
          391.700000  23.629136  12.595457 -34.575616
          391.800000  23.493726  12.502181 -34.550669
          391.900000  23.361819  12.485481 -34.507123
          392.000000  23.198423  12.362000 -34.437396
          392.100000  23.042805  12.275528 -34.361381
          392.200000  22.902859  12.227063 -34.301669
          392.300000  22.760612  12.069656 -34.283721
          392.400000  22.606505  11.985010 -34.230412
          392.500000  22.447076  11.963725 -34.167748
          392.600000  22.278851  11.853484 -34.097455
          392.700000  22.130918  11.779900 -34.052683
          392.800000  21.980789  11.689673 -34.042380
          392.900000  21.816037  11.616146 -33.967831
          393.000000  21.652615  11.581505 -33.914635
          393.100000  21.514892  11.453245 -33.857688
          393.200000  21.359450  11.350173 -33.785200
          393.300000  21.206875  11.282733 -33.780237
          393.400000  21.067572  11.196760 -33.678866
          393.500000  20.906447  11.128065 -33.634501
          393.600000  20.751327  11.080546 -33.650473
          393.700000  20.624087  10.972565 -33.600572
          393.800000  20.469657  10.942788 -33.606013
          393.900000  20.314665  10.825818 -33.517788
          394.000000  20.165373  10.777689 -33.505069
          394.100000  20.024899  10.627109 -33.479259
          394.200000  19.870941  10.568977 -33.496298
          394.300000  19.720794  10.460428 -33.415132
          394.400000  19.566807  10.429993 -33.423188
          394.500000  19.425782  10.298871 -33.359404
          394.600000  19.271021  10.266934 -33.384980
          394.700000  19.105929  10.132033 -33.307363
          394.800000  18.933999  10.104034 -33.287479
          394.900000  18.792958   9.949547 -33.235609
          395.000000  18.649903   9.913992 -33.253429
          395.100000  18.504095   9.744903 -33.168627
          395.200000  18.342795   9.656934 -33.103915
          395.300000  18.194143   9.591197 -33.058997
          395.400000  18.062060   9.523680 -33.050722
          395.500000  17.927412   9.436325 -33.049875
          395.600000  17.791707   9.411431 -33.045132
          395.700000  17.613752   9.291002 -32.946549
          395.800000  17.470072   9.205750 -32.895924
          395.900000  17.338390   9.161214 -32.916938
          396.000000  17.183924   9.020237 -32.898769
          396.100000  17.025856   8.940681 -32.840018
          396.200000  16.866471   8.879094 -32.752162
          396.300000  16.716003   8.795019 -32.719771
          396.400000  16.579344   8.706016 -32.756862
          396.500000  16.431771   8.675024 -32.762134
          396.600000  16.266422   8.549177 -32.691673
          396.700000  16.113826   8.482793 -32.679604
          396.800000  15.969953   8.349972 -32.656223
          396.900000  15.817678   8.320512 -32.618322
          397.000000  15.647903   8.198451 -32.534331
          397.100000  15.499457   8.126605 -32.473761
          397.200000  15.355716   8.047299 -32.451848
          397.300000  15.210802   7.991324 -32.461353
          397.400000  15.053108   7.879436 -32.382561
          397.500000  14.896782   7.829115 -32.339994
          397.600000  14.753973   7.708424 -32.282409
          397.700000  14.624855   7.633100 -32.275503
          397.800000  14.471245   7.497750 -32.218921
          397.900000  14.304326   7.447076 -32.179127
          398.000000  14.157468   7.341192 -32.101789
          398.100000  13.999200   7.287979 -32.091900
          398.200000  13.855859   7.155312 -32.085781
          398.300000  13.698750   7.103381 -32.082432
          398.400000  13.540421   6.992642 -32.006801
          398.500000  13.408168   6.897121 -31.953139
          398.600000  13.280737   6.822986 -31.949281
          398.700000  13.127865   6.671411 -31.886719
          398.800000  12.977474   6.607810 -31.848387
          398.900000  12.831015   6.507481 -31.764532
          399.000000  12.695675   6.454531 -31.759749
          399.100000  12.557013   6.289524 -31.707696
          399.200000  12.428122   6.215642 -31.710556
          399.300000  12.272828   6.091492 -31.607595
          399.400000  12.131184   6.024666 -31.575408
          399.500000  12.045268   5.853781 -31.487459
          399.600000  11.932047   5.722912 -31.453601
          399.700000  11.789530   5.659318 -31.370347
          399.800000  11.664673   5.513961 -31.252198
          399.900000  11.545154   5.471841 -31.233340
          400.000000  11.226580   4.083252 -31.356090
          400.100000  11.105122   3.965573 -31.342290
          400.200000  10.890191   3.626406 -31.949240
          400.300000  10.756415   3.545321 -31.930347
          400.400000  10.627007   3.321872 -32.076013
          400.500000  10.528651   3.180818 -32.047960
          400.600000  10.411884   3.104149 -32.030357
          400.700000  10.277717   2.942730 -31.971763
          400.800000  10.172645   2.826111 -31.927708
          400.900000  10.049075   2.682872 -31.964821
          401.000000   9.938379   2.559479 -31.937145
          401.100000   9.815734   2.434369 -31.877763
          401.200000   9.692296   2.313258 -31.794026
          401.300000   9.591031   2.185060 -31.752556
          401.400000   9.473113   2.048464 -31.744774
          401.500000   9.341676   1.967333 -31.726813
          401.600000   9.220788   1.835222 -31.617319
          401.700000   9.098586   1.728726 -31.589819
          401.800000   8.968665   1.618266 -31.576318
          401.900000   8.856495   1.510492 -31.570922
          402.000000   8.734195   1.408657 -31.523315
          402.100000   8.618284   1.304741 -31.470521
          402.200000   8.497256   1.186584 -31.407939
          402.300000   8.378696   1.097313 -31.416397
          402.400000   8.251647   0.937235 -31.346217
          402.500000   8.133069   0.827173 -31.274239
          402.600000   8.015108   0.719077 -31.229302
          402.700000   7.906583   0.643327 -31.247362
          402.800000   7.769988   0.472260 -31.209171
          402.900000   7.647001   0.368065 -31.102881
          403.000000   7.530335   0.255327 -31.023190
          403.100000   7.403833   0.119106 -30.967659
          403.200000   7.287187  -0.009276 -30.921372
          403.300000   7.165589  -0.145166 -30.879404
          403.400000   7.060184  -0.281319 -30.833186
          403.500000   6.942197  -0.364404 -30.794278
          403.600000   6.820774  -0.519671 -30.750813
          403.700000   6.695163  -0.665050 -30.702132
          403.800000   6.563144  -0.758172 -30.668957
          403.900000   6.460032  -0.904646 -30.599706
          404.000000   6.341733  -1.039882 -30.565628
          404.100000   6.227752  -1.190653 -30.539784
          404.200000   6.123267  -1.335869 -30.480411
          404.300000   6.000566  -1.470256 -30.424049
          404.400000   5.871554  -1.541103 -30.378818
          404.500000   5.742853  -1.709698 -30.310734
          404.600000   5.628413  -1.861696 -30.290285
          404.700000   5.513881  -2.002465 -30.223778
          404.800000   5.391106  -2.138349 -30.162071
          404.900000   5.314462  -2.262913 -30.139433
          405.000000   5.200679  -2.374805 -30.060613
          405.100000   5.085128  -2.499263 -30.010017
          405.200000   4.983513  -2.639226 -29.953638
          405.300000   4.865897  -2.743777 -29.905897
          405.400000   4.767599  -2.861885 -29.856400
          405.500000   4.644252  -2.987853 -29.837622
          405.600000   4.539098  -3.121751 -29.795270
          405.700000   4.436689  -3.271958 -29.752157
          405.800000   4.333817  -3.407947 -29.717521
          405.900000   4.233757  -3.535452 -29.694305
          406.000000   4.114000  -3.608747 -29.692289
          406.100000   3.984895  -3.791415 -29.631405
          406.200000   3.851032  -3.894601 -29.562557
          406.300000   3.700498  -3.970610 -29.555823
          406.400000   3.590062  -4.125683 -29.560255
          406.500000   3.447769  -4.239045 -29.535490
          406.600000   3.335675  -4.336944 -29.498262
          406.700000   3.214510  -4.461765 -29.446036
          406.800000   3.095166  -4.572360 -29.406694
          406.900000   2.978787  -4.681514 -29.357674
          407.000000   2.866066  -4.778854 -29.305482
          407.100000   2.735873  -4.834338 -29.263636
          407.200000   2.626330  -4.974827 -29.195292
          407.300000   2.510256  -5.041635 -29.180570
          407.400000   2.409557  -5.190936 -29.145274
          407.500000   2.300268  -5.301638 -29.090076
          407.600000   2.216202  -5.411900 -29.033683
          407.700000   2.136000  -5.517765 -29.016152
          407.800000   2.045910  -5.637440 -28.996734
          407.900000   1.950774  -5.678445 -28.994865
          408.000000   1.839545  -5.842004 -28.917580
          408.100000   1.744121  -5.890904 -28.917938
          408.200000   1.668828  -6.054705 -28.865188
          408.300000   1.583829  -6.099295 -28.912664
          408.400000   1.551038  -6.236450 -28.870488
          408.500000   1.439594  -6.344975 -28.850706
          408.600000   1.357296  -6.388316 -28.865065
          408.700000   1.289532  -6.499914 -28.862853
          408.800000   1.208710  -6.511618 -28.895911
          408.900000   1.163034  -6.627562 -28.913298
          409.000000   1.093032  -6.688755 -28.929288
          409.100000   1.059248  -6.738083 -28.967002
          409.200000   1.023519  -6.781839 -29.020631
          409.300000   0.986405  -6.792926 -29.089696
          409.400000   0.980714  -6.861481 -29.089301
          409.500000   0.973237  -6.899744 -29.131846
          409.600000   0.983373  -6.936988 -29.184098
          409.700000   0.979802  -6.964935 -29.188644
          409.800000   0.969095  -6.944827 -29.222388
          409.900000   0.968505  -6.986453 -29.250629
          410.000000   0.984818  -6.984747 -29.261988
          410.100000   0.979882  -6.999547 -29.254394
          410.200000   0.977154  -7.014902 -29.247043
          410.300000   0.988752  -7.031527 -29.239235
          410.400000   0.995936  -7.024516 -29.245518
          410.500000   0.998759  -7.034082 -29.241970
          410.600000   1.020076  -7.037225 -29.230876
          410.700000   1.014261  -7.044048 -29.212876
          410.800000   1.011300  -7.053329 -29.217266
          410.900000   0.991929  -6.987687 -29.254973
          411.000000   0.999285  -7.045852 -29.203395
          411.100000   0.975129  -6.997277 -29.236966
          411.200000   1.034003  -7.057218 -29.193629
          411.300000   1.061713  -7.066238 -29.178836
          411.400000   1.046131  -7.063516 -29.187288
          411.500000   1.043863  -7.071854 -29.177939
          411.600000   1.049910  -7.069633 -29.179472
          411.700000   1.028961  -7.013788 -29.203002
          411.800000   1.059533  -7.066207 -29.154845
          411.900000   0.973586  -6.829486 -29.117509
          412.000000   0.827544  -6.609352 -28.488493
          412.100000   0.742945  -6.526483 -28.364697
          412.200000   0.701207  -6.502392 -28.178139
          412.300000   0.744404  -6.492463 -28.235401
          412.400000   0.811298  -6.593435 -28.216304
          412.500000   0.827453  -6.556729 -28.236727
          412.600000   0.820442  -6.580167 -28.252460
          412.700000   0.839241  -6.511624 -27.701825
          412.800000   0.860594  -6.504252 -27.714184
          412.900000   0.718673  -6.193261 -26.932898
          413.000000   0.569218  -5.886751 -26.042022
          413.100000   0.414228  -5.681630 -25.521903
          413.200000   0.280805  -5.445441 -24.569630
          413.300000   0.211945  -5.429724 -24.569586
          413.400000   0.277221  -5.463116 -24.709335
          413.500000   0.231652  -5.376678 -24.701535
          413.600000   0.272226  -5.449178 -24.763766
          413.700000   0.402046  -5.452481 -24.696318
          413.800000   0.420205  -5.429608 -24.745726
          413.900000   0.457150  -5.302134 -24.835635
          414.000000   0.402052  -4.972807 -23.884182
          414.100000   0.347868  -4.566636 -22.879289
          414.200000   0.311264  -4.191023 -21.781399
          414.300000   0.312306  -3.828876 -21.300802
          414.400000   0.315775  -3.725128 -21.177001
          414.500000   0.279330  -3.649685 -21.102218
          414.600000   0.247290  -3.457487 -20.923959
          414.700000   0.361446  -3.648558 -21.018991
          414.800000   0.336331  -3.585016 -21.023003
          414.900000   0.163761  -3.188018 -20.290757
          415.000000  -0.012156  -2.585915 -18.988470
          415.100000   0.140187  -2.115950 -17.978967
          415.200000   0.255897  -1.682813 -17.258931
          415.300000   0.275748  -1.364775 -16.740648
          415.400000   0.272959  -1.227569 -16.415903
          415.500000   0.281469  -1.168907 -16.376440
          415.600000   0.273877  -1.216478 -16.400696
          415.700000   0.346482  -1.230716 -16.327809
          415.800000   0.336981  -1.272625 -16.371452
          415.900000  -0.389604   1.038069 -10.567411
          416.000000 -0.970458  2.547288 -6.081697
          416.100000 -1.446025  4.244953 -1.790260
          416.200000 -1.753864  5.811253  2.430851
          416.300000 -1.988077  7.478707  6.559837
          416.400000 -2.106594  9.238897 10.416332
          416.500000 -2.306343 11.072146 14.311916
          416.600000 -2.524616 12.717286 18.197043
          416.700000 -2.569759 14.444083 21.951621
          416.800000 -2.616806 16.113074 25.502900
          416.900000 -3.833737 21.935549 39.586507
          417.000000 -4.417803 25.310427 47.334596
          417.100000 -4.838536 28.801413 55.019319
          417.200000 -5.219562 31.973125 62.529100
          417.300000 -5.502412 35.354687 70.036793
          417.400000 -5.831155 38.540847 77.398613
          417.500000 -6.020962 42.112068 84.558971
          417.600000 -6.047340 45.717802 91.581649
          417.700000 -6.184553 49.196102 98.604107
          417.800000  -6.242384  52.895094 105.305671
          417.900000  -9.586646  57.149596 123.863421
          418.000000 -10.497343  61.465772 134.618257
          418.100000 -11.326223  65.806112 145.141513
          418.200000 -11.908630  70.040389 155.434651
          418.300000 -12.466380  74.401622 165.670489
          418.400000 -12.891884  78.657356 175.529997
          418.500000 -13.432759  83.041751 185.416105
          418.600000 -13.755553  87.479897 195.279030
          418.700000 -14.033731  91.902843 205.052941
          418.800000 -14.224486  96.534786 214.572409
          418.900000 -16.277334  96.605623 221.557283
          419.000000 -14.863275  99.295051 229.644925
          419.100000 -13.496697 101.923457 237.906925
          419.200000 -13.577518 104.943171 246.026980
          419.300000 -13.116900 107.995833 254.012623
          419.400000 -13.062503 110.951117 261.741869
          419.500000 -12.462347 113.994159 269.226977
          419.600000 -12.098429 116.939473 276.354903
          419.700000 -11.968686 120.181549 283.544550
          419.800000 -11.455407 123.372336 290.733219
          419.900000 -14.885636 110.893687 276.335797
          420.000000  -9.051339 108.922266 275.882887
          420.100000  -7.769502 107.810568 276.901627
          420.200000  -7.837313 107.024667 277.763638
          420.300000  -7.010786 106.279201 278.686674
          420.400000  -7.197737 105.631441 279.298872
          420.500000  -6.279971 105.009108 280.078376
          420.600000  -5.278903 104.536890 280.635288
          420.700000  -5.171387 104.130338 281.172968
          420.800000  -4.610610 104.095451 281.581480
          420.900000  -7.242887 104.330136 280.634769
