            0.000000 0.000000 0.000000 0.000000 1 1
            0.100000  0.000000 -0.000000  0.001000 1 1
            0.200000  0.000000 -0.000000  0.004000 1 1
            0.300000  0.000000 -0.011073  0.001000 1 1
            0.500000 -0.000000 -0.022147  0.001000 1 1
            0.600000  0.010304 -0.033220  0.002000 1 1
            0.700000  0.020608 -0.044294  0.004000 1 1
            0.800000  0.030912 -0.044294 -0.000000 1 1
            0.900000  0.030912 -0.044294  0.002000 1 1
            1.000000  0.030912 -0.044294  0.001000 1 1
            1.100000  0.030912 -0.044294 -0.000000 1 1
            1.200000  0.030912 -0.022147 -0.021000 1 1
            1.300000  0.030912 -0.022147 -0.025000 1 1
            1.400000  0.030912 -0.011073 -0.030000 1 1
            1.500000  0.030912 -0.011073 -0.038000 1 1
            1.600000  0.030912 -0.022147 -0.039000 1 1
            1.700000  0.030912 -0.022147 -0.034000 1 1
            1.800000  0.030912 -0.022147 -0.031000 1 1
            1.900000  0.030912 -0.022147 -0.028000 1 1
            2.000000  0.020608 -0.033220 -0.019000 1 1
            2.100000  0.030912 -0.033220 -0.016000 1 1
            2.200000  0.030912 -0.033220 -0.016000 1 1
            2.300000  0.020608 -0.022147 -0.015000 1 1
            2.400000  0.020608 -0.011073 -0.012000 1 1
            2.500000  0.030912 -0.022147 -0.012000 1 1
            2.600000  0.020608 -0.011073 -0.011000 1 1
            2.700000  0.020608 -0.011073 -0.012000 1 1
            2.800000  0.020608 -0.000000 -0.012000 1 1
            2.900000  0.020608 -0.011073 -0.010000 1 1
            3.000000  0.020608 -0.000000 -0.006000 1 1
            3.100000  0.020608 -0.000000 -0.001000 1 1
            3.200000  0.020608 -0.000000  0.005000 1 1
            3.300000 0.020608 0.000000 0.008000 1 1
            3.400000  0.030912 -0.000000  0.010000 1 1
            3.500000  0.020608 -0.000000  0.011000 1 1
            3.600000  0.020608 -0.000000  0.011000 1 1
            3.800000 0.020608 0.000000 0.012000 1 1
            3.900000  0.020608 -0.000000  0.013000 1 1
            4.000000  0.020608 -0.000000  0.013000 1 1
            4.100000  0.020608 -0.000000  0.013000 1 1
            4.200000  0.020608 -0.000000  0.011000 1 1
            4.300000 0.020608 0.011073 0.010000 1 1
            4.400000 0.020608 0.011073 0.006000 1 1
            4.500000 0.020608 0.011073 0.004000 1 1
            4.600000 0.020608 0.011073 0.004000 1 1
            4.700000 0.020608 0.011073 0.002000 1 1
            4.800000  0.020608  0.011073 -0.002000 1 1
            4.900000  0.020608  0.011073 -0.005000 1 1
            5.000000  0.020608  0.011073 -0.010000 1 1
            5.100000  0.020608  0.011073 -0.012000 1 1
            5.200000  0.020608 -0.000000 -0.011000 1 1
            5.300000  0.020608 -0.000000 -0.016000 1 1
            5.400000  0.020608 -0.000000 -0.017000 1 1
            5.500000  0.020608 -0.000000 -0.017000 1 1
            5.600000  0.020608 -0.000000 -0.017000 1 1
            5.700000  0.020608 -0.000000 -0.017000 1 1
            5.800000  0.020608  0.000000 -0.014000 1 1
            5.900000  0.020608  0.000000 -0.014000 1 1
            6.000000  0.020608 -0.000000 -0.017000 1 1
            6.100000  0.020608 -0.000000 -0.021000 1 1
            6.200000  0.030912 -0.000000 -0.023000 1 1
            6.300000  0.030912 -0.000000 -0.021000 1 1
            6.500000  0.030912 -0.000000 -0.017000 1 1
            6.600000  0.030912 -0.011073 -0.011000 1 1
            6.700000  0.030912 -0.011073 -0.006000 1 1
            6.800000  0.030912 -0.011073 -0.002000 1 1
            6.900000  0.041216 -0.022147 -0.002000 1 1
            7.000000  0.041216 -0.022147 -0.003000 1 1
            7.100000  0.030912 -0.011073 -0.002000 1 1
            7.200000  0.041216 -0.022147 -0.005000 1 1
            7.300000  0.051520 -0.022147 -0.005000 1 1
            7.400000  0.041216 -0.011073 -0.005000 1 1
            7.500000  0.030912 -0.000000 -0.005000 1 1
            7.600000  0.030912  0.011073 -0.004000 1 1
            7.800000  0.030912  0.022147 -0.002000 1 1
            7.900000  0.020608  0.022147 -0.001000 1 1
            8.000000  0.010304  0.022147 -0.001000 1 1
            8.100000  0.010304  0.011073 -0.001000 1 1
            8.200000  0.020608  0.011073 -0.001000 1 1
            8.300000  0.020608 -0.000000 -0.002000 1 1
            8.400000  0.010304 -0.000000 -0.002000 1 1
            8.500000  0.020608 -0.000000 -0.003000 1 1
            8.700000  0.010304 -0.000000 -0.001000 1 1
            8.800000 0.000000 0.011073 0.001000 1 1
            8.900000 0.000000 0.011073 0.002000 1 1
            9.000000 0.000000 0.011073 0.004000 1 1
            9.100000 0.000000 0.022147 0.007000 1 1
            9.200000 0.000000 0.033220 0.011000 1 1
            9.300000 0.000000 0.033220 0.013000 1 1
            9.500000 -0.010304  0.033220  0.015000 1 1
            9.600000 -0.020608  0.033220  0.016000 1 1
            9.700000 -0.020608  0.033220  0.020000 1 1
            9.800000 -0.020608  0.033220  0.022000 1 1
            9.900000 -0.020608  0.033220  0.026000 1 1
           10.000000 -0.020608  0.044294  0.031000 1 1
           10.100000 -0.020608  0.033220  0.032000 1 1
           10.200000 -0.020608  0.033220  0.033000 1 1
           10.300000 -0.010304  0.033220  0.034000 1 1
           10.500000 -0.010304  0.022147  0.035000 1 1
           10.700000 0.000000 0.011073 0.035000 1 1
           10.800000 0.010304 0.011073 0.035000 1 1
           10.900000 0.000000 0.011073 0.034000 1 1
           11.000000  0.010304 -0.000000  0.032000 1 1
           11.100000  0.010304 -0.000000  0.031000 1 1
           11.300000  0.020608 -0.011073  0.031000 1 1
           11.500000  0.020608 -0.000000  0.035000 1 1
           11.700000 0.020608 0.011073 0.038000 1 1
           11.800000 0.010304 0.011073 0.042000 1 1
           11.900000 0.010304 0.011073 0.041000 1 1
           12.000000 0.010304 0.011073 0.040000 1 1
           12.100000 0.010304 0.011073 0.042000 1 1
           12.300000 0.010304 0.011073 0.043000 1 1
           12.500000 0.010304 0.022147 0.049000 1 1
           12.600000 0.000000 0.022147 0.054000 1 1
           12.700000 0.000000 0.022147 0.055000 1 1
           12.900000 0.000000 0.022147 0.066000 1 1
           13.000000 0.000000 0.033220 0.072000 1 1
           13.100000 0.000000 0.033220 0.085000 1 1
           13.200000 -0.010304  0.033220  0.085000 1 1
           13.300000 -0.010304  0.033220  0.097000 1 1
           13.400000 -0.010304  0.033220  0.097000 1 1
           13.500000 -0.010304  0.033220  0.096000 1 1
           13.600000 -0.010304  0.044294  0.094000 1 1
           13.800000 -0.010304  0.033220  0.098000 1 1
           13.900000 -0.020608  0.033220  0.098000 1 1
           14.000000 -0.020608  0.044294  0.092000 1 1
           14.100000 -0.020608  0.033220  0.082000 1 1
           14.200000 -0.020608  0.033220  0.078000 1 1
           14.300000 -0.020608  0.033220  0.080000 1 1
           14.400000 -0.020608  0.022147  0.087000 1 1
           14.500000 -0.020608  0.022147  0.084000 1 1
           14.600000 -0.020608  0.022147  0.084000 1 1
           14.800000 -0.041216  0.055367  0.093000 1 1
           14.900000 -0.061824  0.044294  0.099000 1 1
           15.000000 -0.041216  0.044294  0.094000 1 1
           15.100000 -0.030912  0.055367  0.087000 1 1
           15.200000 -0.020608  0.055367  0.077000 1 1
           15.300000 -0.020608  0.066441  0.077000 1 1
           15.400000 -0.010304  0.066441  0.080000 1 1
           15.500000 -0.010304  0.055367  0.083000 1 1
           15.600000 -0.000000  0.055367  0.087000 1 1
           15.700000 -0.010304  0.055367  0.090000 1 1
           15.800000 -0.010304  0.044294  0.093000 1 1
           15.900000 -0.020608  0.044294  0.096000 1 1
           16.000000 -0.020608  0.055367  0.101000 1 1
           16.100000 -0.030912  0.022147  0.101000 1 1
           16.200000 -0.020608  0.011073  0.099000 1 1
           16.300000 -0.030912 -0.011073  0.101000 1 1
           16.400000 -0.030912 -0.033220  0.105000 1 1
           16.500000 -0.041216 -0.044294  0.106000 1 1
           16.600000 -0.020608 -0.055367  0.106000 1 1
           16.700000 -0.010304 -0.077514  0.102000 1 1
           16.800000 -0.010304 -0.088588  0.103000 1 0
           16.900000 -0.010304 -0.099661  0.104000 1 0
           17.000000  0.000000 -0.110735  0.105000 1 0
           17.100000 -0.041216 -0.088588  0.106000 1 1
           17.200000 -0.061824 -0.088588  0.106000 1 1
           17.300000 -0.072128 -0.077514  0.107000 1 1
           17.400000 -0.082432 -0.077514  0.109000 1 1
           17.500000 -0.092736 -0.077514  0.109000 1 1
           17.600000 -0.103040 -0.066441  0.110000 1 1
           17.700000 -0.123648 -0.044294  0.111000 1 1
           17.800000 -0.133952 -0.011073  0.112000 1 1
           17.900000 -0.154561  0.033220  0.117000 1 1
           18.000000 -0.185473  0.077514  0.118000 1 1
           18.100000 -0.226689  0.132881  0.137000 1 1
           18.200000 -0.247297  0.155028  0.185000 1 1
           18.300000 -0.288513  0.210396  0.194000 1 1
           18.400000 -0.298817  0.265763  0.212000 1 1
           18.500000 -0.319425  0.332204  0.232000 1 1
           18.600000 -0.329729  0.365424  0.240000 1 1
           18.700000 -0.340033  0.442938  0.246000 1 1
           18.800000 -0.350337  0.498306  0.259000 1 1
           18.900000 -0.401857  0.553673  0.270000 1 1
           19.000000 -0.463682  0.575820  0.294000 1 1
           19.100000 -0.525506  0.586893  0.327000 1 1
           19.200000 -0.577026  0.597967  0.348000 1 1
           19.300000 -0.607938  0.597967  0.367000 1 1
           19.500000 -0.669762  0.631187  0.397000 1 1
           19.700000 -0.731586  0.730848  0.441000 1 1
           19.900000 -0.772803  0.908023  0.470000 1 1
           20.100000 -0.886147  1.051978  0.484000 1 1
           20.300000 -1.061315  1.195933  0.502000 1 1
           20.500000 -1.246788  1.273448  0.516000 1 1
           20.700000 -1.411653  1.373109  0.540000 1 1
           20.900000 -1.545605  1.472770  0.549000 1 1
           21.000000 -1.617733  1.539211  0.562000 1 1
           21.100000 -1.700166  1.594578  0.573000 1 1
           21.300000 -1.895942  1.683165  0.589999 1 1
           21.500000 -2.163847  1.760680  0.595999 1 1
           21.600000 -2.287495  1.782827  0.611999 1 1
           21.800000 -2.524488  1.860341  0.611999 1 1
           21.900000 -2.689353  1.893561  0.610999 1 1
           22.000000 -2.833609  1.915708  0.605999 1 1
           22.100000 -2.988170  1.937855  0.612999 1 1
           22.200000 -3.142730  1.948929  0.625999 1 1
           22.300000 -3.338507  2.391867  1.737999 1 2
           22.500000 -3.657932  2.380794  1.697999 1 2
           22.700000 -3.956749  2.380794  1.710998 1 2
           22.900000 -4.276174  2.414015  1.709998 1 2
           23.100000 -4.605904  2.402941  1.697998 1 2
           23.300000 -4.945937  2.380794  1.706998 1 2
           23.500000 -5.306578  2.347574  1.691997 1 2
           23.700000 -5.626003  2.325427  1.693997 1 2
           23.800000 -5.780564  2.336501  1.696997 1 2
           23.900000 -5.945428  2.336501  1.682997 1 2
           24.000000 -6.110293  2.358648  1.674997 1 2
           24.100000 -6.264853  2.358648  1.670996 1 2
           24.200000 -6.429718  2.369721  1.685996 1 2
           24.300000 -6.594582  2.347575  1.660996 1 2
           24.500000 -6.934615  2.336501  1.656996 1 2
           24.700000 -7.243736  2.325428  1.659995 1 2
           24.800000 -7.408601  2.369722  1.680995 1 2
           24.900000 -7.573466  2.380795  1.670995 1 2
           25.000000 -7.728026  2.402942  1.675995 1 2
           25.100000 -7.882587  2.414016  1.695995 1 2
           25.200000 -8.026843  2.414016  1.685994 1 2
           25.300000 -8.181404  2.414016  1.675994 1 2
           25.500000 -8.500829  2.425090  1.670994 1 2
           25.700000 -8.809950  2.447237  1.662993 1 2
           25.800000 -8.964510  2.469384  1.643993 1 2
           25.900000 -9.139679  2.524751  1.646993 1 2
           26.000000 -9.294239  2.546898  1.650993 1 2
           26.100000 -9.459104  2.569045  1.668992 1 2
           26.200000 -9.623968  2.580119  1.675992 1 2
           26.400000 -9.933089  2.613339  1.673992 1 2
           26.600000 -10.231906   2.657633   1.679991 1 2
           26.800000 -10.551331   2.724074   1.661991 1 2
           26.900000 -10.716196   2.757295   1.657990 1 2
           27.000000 -10.860452   2.779442   1.657990 1 2
           27.100000 -11.025317   2.812662   1.652990 1 2
           27.200000 -11.190181   2.823736   1.644990 1 2
           27.400000 -11.499302   2.856956   1.631989 1 2
           27.600000 -11.818727   2.890177   1.623988 1 2
           27.800000 -12.158760   2.967692   1.607988 1 2
           27.900000 -12.313321   3.011986   1.617987 1 2
           28.100000 -12.632746   3.034133   1.627987 1 2
           28.300000 -12.952171   3.034133   1.633986 1 2
           28.500000 -13.250988   3.034133   1.648986 1 2
           28.700000 -13.570413   3.067354   1.653985 1 2
           28.900000 -13.879534   3.078428   1.668984 1 2
           29.100000 -14.198959   3.078428   1.677983 1 2
           29.200000 -14.363824   3.078428   1.670983 1 2
           29.300000 -14.528688   3.089502   1.664983 1 2
           29.500000 -14.827505   3.100575   1.665982 1 2
           29.600000 -14.982066   3.122722   1.662982 1 2
           29.800000 -15.291187   3.178090   1.655981 1 2
           29.900000 -15.435443   3.189164   1.652981 1 2
           30.000000 -15.590004   3.200237   1.652980 1 2
           30.100000 -15.734260   3.189164   1.645980 1 2
           30.200000 -15.899125   3.189164   1.632979 1 2
           30.300000 -16.043381   3.178091   1.627979 1 2
           30.500000 -16.331894   3.189165   1.631978 1 2
           30.600000 -16.476151   3.200238   1.626978 1 2
           30.800000 -16.785272   3.222385   1.629977 1 2
           30.900000 -16.919224   3.222386   1.634977 1 2
           31.000000 -17.073785   3.211312   1.646976 1 2
           31.100000 -17.228345   3.200239   1.648976 1 2
           31.200000 -17.372602   3.167019   1.647976 1 2
           31.300000 -17.527162   3.155945   1.684975 1 2
           31.500000 -17.805371   3.111652   1.736974 1 2
           31.700000 -18.114493   3.078432   1.749974 1 2
           31.900000 -18.372094   3.000918   1.771973 1 2
           32.100000 -18.629695   2.879110   1.794972 1 2
           32.300000 -18.856384   2.701935   1.811972 1 2
           32.500000 -19.072769   2.524760   1.833971 1 2
           32.700000 -19.278850   2.336512   1.825970 1 2
           32.900000 -19.454019   2.115043   1.829970 1 2
           33.100000 -19.577667   1.882500   1.824970 1 2
           33.300000 -19.670404   1.605664   1.805969 1 2
           33.500000 -19.742532   1.350974   1.796969 1 2
           33.700000 -19.814661   1.118432   1.782969 1 2
           33.800000 -19.855877   0.996624   1.776969 1 2
           33.900000 -19.876485   0.874816   1.780969 1 2
           34.000000 -19.876486   0.753008   1.779969 1 2
           34.100000 -19.866182   0.631200   1.773969 1 2
           34.200000 -19.845574   0.520465   1.769969 1 2
           34.400000 -19.773446   0.287922   1.767969 1 2
           34.600000 -19.721926   0.077527   1.766970 1 2
           34.700000 -19.680710  -0.033208   1.758970 1 2
           34.800000 -19.639494  -0.132869   1.755970 1 2
           34.900000 -19.577670  -0.232530   1.755970 1 2
           35.000000 -19.526150  -0.310045   1.747970 1 2
           35.100000 -19.454021  -0.365412   1.737970 1 2
           35.200000 -19.371589  -0.420779   1.731971 1 2
           35.400000 -19.227333  -0.520441   1.718971 1 2
           35.600000 -19.093380  -0.597955   1.683971 1 2
           35.700000 -19.021252  -0.631175   1.650972 1 2
           35.900000 -18.887299  -0.708690   1.595972 1 2
           36.100000 -18.743043  -0.775131   1.524972 1 2
           36.300000 -18.588482  -0.830498   1.436973 1 2
           36.500000 -18.423617  -0.908013   1.337973 1 2
           36.700000 -18.258752  -0.985527   1.230974 1 2
           36.900000 -18.114496  -1.007674   1.127974 1 2
           37.100000 -17.949631  -1.074115   1.020975 1 2
           37.300000 -17.805374  -1.140556   0.923975 1 2
           37.500000 -17.640509  -1.184850   0.817976 1 2
           37.700000 -17.465340  -1.240217   0.723976 1 2
           37.800000 -17.382908  -1.284511   0.679976 1 2
           38.000000 -17.238651  -1.373099   0.585977 1 2
           38.200000 -17.084091  -1.450613   0.497977 1 2
           38.400000 -16.929530  -1.517054   0.407977 1 2
           38.600000 -16.774969  -1.594569   0.308978 1 2
           38.800000 -16.661625  -1.694230   0.223978 1 2
           39.000000 -16.507064  -1.771744   0.137978 1 2
           39.100000 -16.424632  -1.816038   0.085979 1 2
           39.200000 -16.342199  -1.849258   0.039979 1 2
           39.300000 -16.259767  -1.882479  -0.000021 1 2
           39.500000 -16.136119  -1.959993  -0.094021 1 2
           39.700000 -15.981558  -2.048581  -0.171020 1 2
           39.900000 -15.816693  -2.115022  -0.253020 1 2
           40.000000 -15.744565  -2.159316  -0.297020 1 2
           40.100000 -15.662133  -2.181463  -0.334020 1 2
           40.200000 -15.579700  -2.203610  -0.387019 1 2
           40.400000 -15.404531  -2.270051  -0.478019 1 2
           40.600000 -15.239667  -2.314344  -0.569019 1 2
           40.800000 -15.095410  -2.380785  -0.648018 1 2
           40.900000 -15.023282  -2.391859  -0.692018 1 2
           41.100000 -14.868721  -2.447226  -0.776018 1 2
           41.300000 -14.724465  -2.480447  -0.854017 1 2
           41.500000 -14.559600  -2.535814  -0.918017 1 2
           41.700000 -14.405039  -2.624402  -0.953017 1 2
           41.800000 -14.301999  -2.668696  -0.965017 1 2
           42.000000 -14.044398  -2.746210  -1.039016 1 2
           42.100000 -13.920750  -2.790504  -1.051016 1 2
           42.200000 -13.797101  -2.845871  -1.045016 1 2
           42.300000 -13.652845  -2.912312  -1.026015 1 2
           42.500000 -13.405548  -3.034121  -1.021015 1 2
           42.600000 -13.281900  -3.100561  -0.960015 1 2
           42.800000 -13.013995  -3.222370  -0.914014 1 2
           43.000000 -12.715178  -3.322031  -0.972014 1 2
           43.100000 -12.601834  -3.366325  -0.933013 1 2
           43.200000 -12.457578  -3.421692  -0.921013 1 2
           43.300000 -12.313321  -3.488133  -0.927013 1 2
           43.500000 -12.014504  -3.632088  -0.957012 1 2
           43.600000 -11.890856  -3.709602  -0.962012 1 2
           43.700000 -11.767208  -3.753896  -0.928012 1 2
           43.800000 -11.622951  -3.831411  -0.974012 1 2
           43.900000 -11.468390  -3.908925  -1.063012 1 2
           44.000000 -11.344742  -3.953219  -1.096011 1 2
           44.100000 -11.200486  -4.019660  -1.107011 1 2
           44.200000 -11.087141  -4.097174  -1.086011 1 2
           44.300000 -10.973797  -4.163615  -1.063011 1 2
           44.500000 -10.757412  -4.318643  -1.052011 1 2
           44.600000 -10.664676  -4.396157  -1.028010 1 2
           44.700000 -10.530724  -4.462598  -0.979010 1 2
           44.800000 -10.417380  -4.517966  -0.960010 1 2
           44.900000 -10.293731  -4.562260  -0.962010 1 2
           45.000000 -10.139171  -4.628700  -1.002010 1 2
           45.100000 -10.005218  -4.672994  -1.031010 1 2
           45.200000 -9.860962 -4.761582 -1.066009 1 2
           45.300000 -9.716705 -4.828023 -1.057009 1 2
           45.500000 -9.448800 -4.949831 -1.107009 1 2
           45.600000 -9.325152 -4.994125 -1.050009 1 2
           45.700000 -9.180896 -5.049492 -1.016009 1 2
           45.800000 -9.036639 -5.093786 -1.042008 1 2
           46.000000 -8.748126 -5.160227 -1.018008 1 2
           46.100000 -8.624478 -5.215594 -1.017008 1 2
           46.200000 -8.490525 -5.248815 -1.014008 1 2
           46.300000 -8.346269 -5.282035 -1.014008 1 2
           46.500000 -8.057756 -5.370623 -1.036007 1 2
           46.600000 -7.923803 -5.403843 -1.016007 1 2
           46.700000 -7.789851 -5.448137 -0.951007 1 2
           46.800000 -7.645595 -5.492431 -0.966007 1 2
           46.900000 -7.501338 -5.536725 -0.964007 1 2
           47.000000 -7.346778 -5.536725 -0.947007 1 2
           47.100000 -7.212825 -5.536725 -0.954006 1 2
           47.200000 -7.058265 -5.569946 -0.932006 1 2
           47.300000 -6.893400 -5.636386 -0.931006 1 2
           47.500000 -6.573975 -5.758194 -1.080006 1 2
           47.700000 -6.316374 -5.846782 -1.096006 1 2
           47.800000 -6.161813 -5.880003 -1.141006 1 2
           47.900000 -6.027861 -5.902149 -1.186006 1 2
           48.000000 -5.873300 -5.935370 -1.234005 1 2
           48.100000 -5.708436 -6.023957 -1.253005 1 2
           48.200000 -5.584787 -6.057178 -1.259005 1 2
           48.300000 -5.450835 -6.123619 -1.262005 1 2
           48.500000 -5.203538 -6.223280 -1.229005 1 2
           48.700000 -4.956241 -6.322941 -1.195005 1 2
           48.800000 -4.842897 -6.311868 -1.111005 1 2
           48.900000 -4.719249 -6.334015 -1.085005 1 2
           49.000000 -4.585296 -6.345088 -1.005005 1 2
           49.100000 -4.471952 -6.367235 -1.007005 1 2
           49.200000 -4.337999 -6.411529 -0.954005 1 2
           49.300000 -4.224655 -6.455823 -0.966005 1 2
           49.500000 -3.956750 -6.644072 -1.129005 1 2
           49.700000 -3.709453 -6.799100 -1.152005 1 2
           49.800000 -3.585805 -6.909834 -1.156005 1 2
           49.900000 -3.451852 -6.965202 -1.191005 1 2
           50.000000 -3.307596 -7.009496 -1.206005 1 1
           50.100000 -3.214859 -7.109157 -1.227005 1 1
           50.200000 -3.101515 -7.208818 -1.226005 1 1
           50.300000 -2.998475 -7.286332 -1.231005 1 0
           50.400000 -2.926346 -7.363846 -1.266005 1 1
           50.500000 -2.823306 -7.474581 -1.314005 1 1
           50.700000 -2.699658 -7.640682 -1.248005 1 1
           50.800000 -2.586313 -7.751417 -1.248005 1 1
           50.900000 -2.483273 -7.873225 -1.252005 1 1
           51.000000 -2.349320 -7.983959 -1.293005 1 1
           51.100000 -2.256584 -8.061474 -1.268006 1 1
           51.200000 -2.184456 -8.172208 -1.277006 1 1
           51.300000 -2.102024 -8.294016 -1.274006 1 1
           51.500000 -2.009287 -8.570853 -1.299006 1 1
           51.700000 -1.937159 -8.847689 -1.246006 1 1
           51.800000 -1.885639 -8.991644 -1.231007 1 1
           51.900000 -1.844423 -9.135599 -1.270007 1 1
           52.000000 -1.803207 -9.268480 -1.277007 1 1
           52.100000 -1.751686 -9.379215 -1.270007 1 1
           52.200000 -1.751686 -9.512096 -1.232007 1 1
           52.300000 -1.710470 -9.633904 -1.260008 1 1
           52.500000 -1.710470 -9.943961 -1.306008 1 1
           52.700000  -1.700166 -10.220797  -1.286008 1 1
           52.800000  -1.720774 -10.353679  -1.202009 1 1
           52.900000  -1.700166 -10.486560  -1.235009 1 1
           53.000000  -1.648646 -10.663735  -1.308009 1 1
           53.100000  -1.638342 -10.785543  -1.291009 1 1
           53.200000  -1.638342 -10.907351  -1.259010 1 1
           53.400000  -1.679558 -11.162041  -1.237010 1 1
           53.600000  -1.720775 -11.505318  -1.293011 1 1
           53.800000  -1.761991 -11.771081  -1.268011 1 1
           54.000000  -1.792903 -12.047917  -1.329012 1 1
           54.200000  -1.761991 -12.324753  -1.243012 1 1
           54.400000  -1.823815 -12.601590  -1.233013 1 0
           54.600000  -1.895943 -12.911646  -1.231013 1 1
           54.800000  -1.937160 -13.221703  -1.170014 1 1
           54.900000  -1.998984 -13.354585  -1.096014 1 1
           55.100000  -2.029896 -13.697862  -1.111015 1 1
           55.300000  -2.091720 -13.996845  -1.059016 1 1
           55.500000  -2.153545 -14.273681  -1.042016 1 0
           55.700000  -2.215369 -14.506224  -0.999017 1 1
           55.800000  -2.205065 -14.672326  -1.037017 1 1
           55.900000  -2.205065 -14.805207  -1.028018 1 1
           56.000000  -2.205065 -14.982382  -1.111018 1 1
           56.100000  -2.215369 -15.137411  -1.104018 1 1
           56.200000  -2.246281 -15.259219  -1.094019 1 1
           56.300000  -2.287497 -15.358880  -1.056019 1 1
           56.500000  -2.400842 -15.613569  -1.081020 1 0
           56.700000  -2.452362 -15.857185  -1.081020 1 1
           56.800000  -2.462666 -16.012213  -1.092021 1 1
           56.900000  -2.462666 -16.156168  -1.165021 1 1
           57.000000  -2.462666 -16.322270  -1.213021 1 0
           57.100000  -2.452362 -16.444078  -1.275022 1 0
           57.300000  -2.400842 -16.743061  -1.337023 1 0
           57.500000  -2.431754 -17.064190  -1.444023 1 0
           57.700000  -2.431754 -17.352100  -1.512024 1 1
           57.800000  -2.431754 -17.473908  -1.494025 1 1
           57.900000  -2.400842 -17.628936  -1.538025 1 1
           58.000000  -2.411146 -17.772891  -1.601025 1 1
           58.200000  -2.349322 -18.027580  -1.644026 1 1
           58.300000  -2.359626 -18.149388  -1.630026 1 0
           58.500000  -2.421450 -18.393004  -1.764027 1 0
           58.700000  -2.514187 -18.714134  -1.794028 1 1
           58.800000  -2.493578 -18.880235  -1.853029 1 1
           58.900000  -2.483274 -18.957750  -1.789029 1 0
           59.000000  -2.431754 -19.112778  -1.970029 1 0
           59.100000  -2.452362 -19.267806  -1.983030 1 0
           59.200000  -2.411146 -19.400687  -2.066030 1 0
           59.300000  -2.442058 -19.533568  -2.076031 1 0
           59.400000  -2.411146 -19.688597  -2.167031 1 0
           59.500000  -2.339018 -19.799330  -2.361031 1 0
           59.700000  -2.359626 -20.109387  -2.378032 1 1
           59.900000  -2.431754 -20.441590  -2.494033 1 1
           60.000000  -2.452362 -20.585545  -2.533034 1 1
           60.100000  -2.452362 -20.729500  -2.555034 1 0
           60.200000  -2.462666 -20.862381  -2.544035 1 0
           60.300000  -2.483274 -21.006336  -2.581035 1 0
           60.500000  -2.534795 -21.283172  -2.719036 1 0
           60.700000  -2.627531 -21.526788  -2.650037 1 1
           60.900000  -2.740876 -21.836844  -2.702038 1 1
           61.000000  -2.782092 -21.991872  -2.754039 1 1
           61.100000  -2.740876 -22.146900  -2.850039 1 1
           61.200000  -2.740876 -22.301928  -2.886040 1 1
           61.400000  -2.679051 -22.567691  -2.957041 1 1
           61.600000  -2.679051 -22.811306  -3.129042 1 0
           61.800000  -2.802700 -23.032775  -3.232042 1 1
           61.900000  -2.854220 -23.143509  -3.298043 1 1
           62.000000  -2.874828 -23.265317  -3.387043 1 0
           62.200000  -2.967565 -23.508933  -3.386044 1 0
           62.300000  -3.008781 -23.619667  -3.446045 1 0
           62.500000  -3.091213 -23.874356  -3.589046 1 0
           62.700000  -3.163341 -24.106898  -3.638047 1 0
           62.800000  -3.286990 -24.239780  -3.553047 1 1
           62.900000  -3.317902 -24.383734  -3.576048 1 0
           63.000000  -3.379726 -24.505542  -3.656048 1 0
           63.100000  -3.441551 -24.649497  -3.645049 1 0
           63.200000  -3.523983 -24.793452  -3.620049 1 0
           63.300000  -3.627024 -24.926333  -3.581050 1 0
           63.500000  -3.730064 -25.192096  -3.595051 1 0
           63.700000  -3.864017 -25.457859  -3.565052 1 0
           63.800000  -3.956753 -25.557520  -3.573053 1 0
           63.900000  -3.997969 -25.712548  -3.679053 1 0
           64.000000  -4.070098 -25.834355  -3.734054 1 0
           64.200000  -4.214354 -26.077971  -3.764055 1 0
           64.300000  -4.276179 -26.210852  -3.791056 1 0
           64.500000  -4.461651 -26.454468  -3.872057 1 0
           64.700000  -4.688341 -26.709157  -3.849058 1 0
           64.800000  -4.770773 -26.830965  -3.902059 1 0
           65.000000  -4.863509 -27.107800  -4.170060 1 0
           65.100000  -4.945942 -27.218534  -4.143060 1 0
           65.300000  -5.048982 -27.451076  -4.288061 1 0
           65.500000  -5.193239 -27.650398  -4.416062 1 0
           65.700000  -5.296279 -27.916160  -4.412064 1 0
           65.800000  -5.430232 -28.004747  -4.566064 1 1
           66.000000  -5.636313 -28.237289  -4.619065 1 0
           66.100000  -5.708441 -28.314803  -4.628066 1 0
           66.200000  -5.852698 -28.403391  -4.583066 1 0
           66.300000  -5.935130 -28.503051  -4.691067 1 0
           66.500000  -6.130907 -28.658079  -4.785068 1 0
           66.700000  -6.357596 -28.813107  -4.793069 1 0
           66.900000  -6.563677 -28.945988  -4.847069 1 1
           67.000000  -6.697629 -29.012429  -4.865070 1 0
           67.100000  -6.800670 -29.078869  -4.950070 1 0
           67.200000  -6.975839 -29.123163  -4.862071 1 0
           67.300000  -7.089183 -29.167457  -4.949071 1 0
           67.500000  -7.429217 -29.256044  -4.900072 1 0
           67.700000  -7.686818 -29.333558  -4.914072 1 0
           67.800000  -7.810466 -29.322485  -4.925073 1 1
           68.000000  -8.098979 -29.377852  -4.947073 1 1
           68.200000  -8.397797 -29.455366  -4.933074 1 0
           68.300000  -8.552357 -29.455365  -4.996074 1 0
           68.400000  -8.696614 -29.466438  -5.104074 1 0
           68.500000  -8.851175 -29.466438  -5.026075 1 0
           68.600000  -9.005735 -29.477512  -5.044075 1 0
           68.700000  -9.170600 -29.510732  -4.982075 1 0
           68.900000  -9.428201 -29.510732  -5.019076 1 1
           69.100000  -9.665194 -29.555026  -4.993076 1 1
           69.200000  -9.778539 -29.555026  -4.972076 1 1
           69.300000  -9.902187 -29.566099  -5.014077 1 1
           69.500000 -10.170093 -29.588245  -5.035077 1 1
           69.600000 -10.273133 -29.566099  -4.983077 1 1
           69.800000 -10.468910 -29.621465  -5.073078 1 0
           69.900000 -10.582254 -29.643612  -5.067078 1 1
           70.100000 -10.860464 -29.665759  -5.044079 1 0
           70.200000 -10.994416 -29.676832  -5.084079 1 0
           70.300000 -11.159281 -29.676832  -5.073079 1 0
           70.500000 -11.447794 -29.654685  -5.075080 1 0
           70.600000 -11.612659 -29.665759  -5.008080 1 0
           70.800000 -11.890868 -29.676832  -5.096080 1 0
           70.900000 -12.096949 -29.654685  -4.960081 1 1
           71.000000 -12.251510 -29.676832  -5.039081 1 1
           71.100000 -12.364854 -29.710052  -5.057082 1 1
           71.300000 -12.673975 -29.676831  -5.172082 1 1
           71.500000 -12.931576 -29.687904  -5.205083 1 0
           71.600000 -13.075833 -29.721124  -5.275083 1 0
           71.800000 -13.302522 -29.765417  -5.403084 1 0
           71.900000 -13.487995 -29.776490  -5.333084 1 1
           72.000000 -13.601339 -29.776490  -5.400084 1 0
           72.100000 -13.755900 -29.798636  -5.425085 1 0
           72.200000 -13.910460 -29.831856  -5.500085 1 0
           72.300000 -14.095933 -29.876150  -5.552086 1 0
           72.500000 -14.312317 -29.809708  -5.704086 1 0
           72.700000 -14.580222 -29.798634  -5.816087 1 0
           72.800000 -14.703871 -29.809707  -5.864087 1 0
           72.900000 -14.858431 -29.776486  -5.848087 1 1
           73.000000 -15.012992 -29.765413  -5.868087 1 1
           73.100000 -15.136640 -29.754339  -5.943088 1 1
           73.200000 -15.311809 -29.776485  -6.014088 1 0
           73.300000 -15.476674 -29.710045  -5.959088 1 0
           73.400000 -15.641538 -29.698971  -5.979089 1 0
           73.500000 -15.806403 -29.698971  -5.987089 1 0
           73.700000 -16.115524 -29.643603  -6.022090 1 0
           73.800000 -16.218565 -29.588236  -6.028090 1 0
           73.900000 -16.290693 -29.643603  -6.071090 1 0
           74.100000 -16.507078 -29.632529  -6.068091 1 0
           74.200000 -16.579206 -29.599309  -6.006091 1 0
           74.300000 -16.682247 -29.566089  -5.903091 1 0
           74.500000 -16.795591 -29.566089  -5.922091 1 0
           74.700000 -16.929544 -29.588235  -5.956091 1 0
           74.900000 -17.073800 -29.577162  -5.954092 1 0
           75.000000 -17.187145 -29.521795  -5.886092 1 1
           75.200000 -17.341706 -29.543941  -5.867092 1 1
           75.400000 -17.516875 -29.566089  -5.770093 1 1
           75.600000 -17.671436 -29.577162  -5.708093 1 1
           75.700000 -17.733260 -29.566089  -5.723094 1 1
           75.900000 -17.898125 -29.499648  -5.621094 1 1
           76.000000 -17.980557 -29.466428  -5.582094 1 1
           76.100000 -18.073294 -29.422135  -5.419094 1 1
           76.200000 -18.166030 -29.433208  -5.376094 1 1
           76.300000 -18.269071 -29.399988  -5.254094 1 1
           76.500000 -18.413328 -29.366769  -5.132095 1 1
           76.600000 -18.506065 -29.333548  -5.064095 1 1
           76.800000 -18.640018 -29.244961  -4.932095 1 1
           76.900000 -18.722450 -29.233888  -4.870095 1 1
           77.100000 -18.887315 -29.189595  -4.738095 1 1
           77.200000 -18.959444 -29.167448  -4.631095 1 1
           77.300000 -19.031572 -29.134228  -4.583095 1 1
           77.500000 -19.165525 -29.089934  -4.518095 1 1
           77.600000 -19.247957 -29.001347  -4.428095 1 1
           77.700000 -19.289174 -28.957053  -4.398095 1 1
           77.900000 -19.454039 -28.901686  -4.314095 1 1
           78.000000 -19.505559 -28.890613  -4.267096 1 1
           78.200000 -19.670424 -28.846319  -4.168096 1 1
           78.300000 -19.752856 -28.813099  -4.124096 1 1
           78.500000 -19.886809 -28.768805  -4.061096 1 1
           78.700000 -20.061978 -28.746659  -3.973097 1 1
           78.800000 -20.144411 -28.768806  -3.943097 1 1
           78.900000 -20.216539 -28.790952  -3.959097 1 1
           79.000000 -20.298972 -28.790953  -3.902098 1 1
           79.100000 -20.391708 -28.835246  -3.884098 1 1
           79.200000 -20.484445 -28.857393  -3.820099 1 1
           79.300000 -20.577181 -28.868467  -3.771099 1 1
           79.500000 -20.680222 -28.890614  -3.734099 1 1
           79.700000 -20.814175 -28.934908  -3.653100 1 1
           79.800000 -20.896608 -28.968128  -3.563100 1 1
           79.900000 -20.968736 -28.979202  -3.500101 1 1
           80.000000 -21.030560 -29.012422  -3.509101 1 1
           80.100000 -21.102689 -29.034569  -3.490101 1 1
           80.200000 -21.216034 -29.045643  -3.427102 1 1
           80.400000 -21.349987 -29.056717  -3.326102 1 1
           80.600000 -21.514852 -29.134231  -3.258103 1 1
           80.800000 -21.659109 -29.189598  -3.175104 1 1
           80.900000 -21.710629 -29.233892  -3.220104 1 1
           81.000000 -21.782757 -29.267112  -3.210105 1 1
           81.200000 -21.999143 -29.311406  -3.083106 1 1
           81.300000 -22.091879 -29.355700  -3.065106 1 1
           81.500000 -22.236136 -29.455361  -2.993107 1 1
           81.700000 -22.390697 -29.566095  -2.961108 1 1
           81.900000 -22.576170 -29.643609  -2.935109 1 1
           82.100000 -22.771947 -29.743270  -3.026110 1 1
           82.200000 -22.926508 -29.809710  -3.000111 1 1
           82.300000 -23.039853 -29.887224  -2.977112 1 1
           82.500000 -23.235630 -30.031179  -2.965113 1 1
           82.700000 -23.410799 -30.208354  -3.001115 1 1
           82.800000 -23.503536 -30.330162  -2.996116 1 1
           82.900000 -23.616881 -30.451970  -2.918117 1 1
           83.100000 -23.833266 -30.695585  -2.934119 1 1
           83.200000 -23.946611 -30.806320  -2.948120 1 1
           83.300000 -24.080564 -30.939201  -2.883121 1 1
           83.500000 -24.224821 -31.193890  -2.833123 1 1
           83.700000 -24.389686 -31.459653  -2.818125 1 1
           83.900000 -24.523640 -31.714343  -2.754126 1 1
           84.100000 -24.636984 -31.991178  -2.784128 1 1
           84.300000 -24.781242 -32.290161  -2.790130 1 1
           84.500000 -24.863674 -32.611291  -2.827132 1 1
           84.700000 -24.946107 -32.932421  -2.863134 1 1
           84.800000 -24.977020 -33.087449  -2.853135 1 1
           84.900000 -25.028540 -33.209258  -2.753136 1 1
           85.100000 -25.110973 -33.519314  -2.744138 1 1
           85.300000 -25.224319 -33.829371  -2.674140 1 1
           85.500000 -25.275839 -34.150501  -2.685142 1 1
           85.700000 -25.306752 -34.493777  -2.735144 1 1
           85.900000 -25.358273 -34.792761  -2.657146 1 1
           86.100000 -25.440706 -35.136038  -2.675148 1 1
           86.300000 -25.481923 -35.479315  -2.648150 1 1
           86.500000 -25.492228 -35.822592  -2.641152 1 1
           86.700000 -25.461316 -36.176942  -2.656154 1 1
           86.800000 -25.502533 -36.331971  -2.594155 1 1
           86.900000 -25.492229 -36.486999  -2.597156 1 1
           87.000000 -25.502533 -36.642027  -2.615157 1 1
           87.200000 -25.564358 -36.963157  -2.605159 1 1
           87.300000 -25.605574 -37.118185  -2.581160 1 1
           87.500000 -25.646791 -37.450389  -2.625162 1 1
           87.700000 -25.667400 -37.782592  -2.603164 1 1
           87.800000 -25.698312 -37.926547  -2.572165 1 1
           87.900000 -25.718921 -38.081576  -2.555166 1 1
           88.100000 -25.801354 -38.424852  -2.596169 1 1
           88.200000 -25.863178 -38.579881  -2.550170 1 1
           88.300000 -25.904395 -38.734909  -2.546171 1 1
           88.500000 -25.955916 -39.078186  -2.559173 1 1
           88.700000 -25.976524 -39.399316  -2.554175 1 1
           88.800000 -25.997133 -39.543271  -2.513176 1 1
           88.900000 -26.048653 -39.698299  -2.498177 1 1
           89.000000 -26.069262 -39.864401  -2.531178 1 1
           89.100000 -26.131086 -40.030502  -2.566180 1 1
           89.200000 -26.192911 -40.196604  -2.522181 1 1
           89.300000 -26.223824 -40.351633  -2.479182 1 1
           89.500000 -26.244432 -40.683836  -2.542184 1 1
           89.700000 -26.285649 -41.004966  -2.500187 1 1
           89.800000 -26.326866 -41.137848  -2.448188 1 1
           89.900000 -26.337170 -41.315023  -2.472189 1 1
           90.000000 -26.378386 -41.470051  -2.497190 1 1
           90.200000 -26.429907 -41.769034  -2.473192 1 1
           90.300000 -26.471124 -41.901915  -2.460193 1 1
           90.500000 -26.502036 -42.223045  -2.449196 1 1
           90.700000 -26.543254 -42.522029  -2.359198 1 1
           90.800000 -26.594774 -42.654911  -2.304199 1 1
           90.900000 -26.625687 -42.821013  -2.313200 1 1
           91.100000 -26.708120 -43.142143  -2.299203 1 1
           91.300000 -26.790553 -43.463273  -2.278205 1 1
           91.500000 -26.842073 -43.784402  -2.345208 1 1
           91.700000 -26.914203 -44.061239  -2.305210 1 1
           91.900000 -26.965723 -44.371294  -2.402212 1 1
           92.100000 -27.048156 -44.681351  -2.378215 1 1
           92.300000 -27.109981 -44.991408  -2.382217 1 1
           92.500000 -27.171806 -45.323611  -2.401220 1 1
           92.700000 -27.233631 -45.611521  -2.363222 1 1
           92.900000 -27.285151 -45.921577  -2.463225 1 1
           93.100000 -27.367584 -46.231633  -2.421227 1 1
           93.300000 -27.388193 -46.574910  -2.429230 1 1
           93.500000 -27.439714 -46.896040  -2.405232 1 1
           93.600000 -27.460323 -47.039995  -2.366233 1 1
           93.700000 -27.480931 -47.195024  -2.351235 1 1
           93.900000 -27.553060 -47.494006  -2.405237 1 1
           94.100000 -27.645797 -47.804063  -2.366240 1 1
           94.300000 -27.697318 -48.147340  -2.403243 1 1
           94.500000 -27.728231 -48.490616  -2.429246 1 1
           94.700000 -27.779752 -48.778527  -2.347248 1 1
           94.900000 -27.872489 -49.088583  -2.413251 1 1
           95.100000 -27.975530 -49.376493  -2.362253 1 1
           95.300000 -28.037355 -49.697622  -2.373256 1 1
           95.500000 -28.119788 -50.007679  -2.341259 1 1
           95.600000 -28.150701 -50.140561  -2.274260 1 1
           95.800000 -28.233134 -50.450617  -2.287263 1 1
           96.000000 -28.325871 -50.760674  -2.274266 1 1
           96.200000 -28.398000 -51.081804  -2.251269 1 1
           96.300000 -28.428912 -51.225759  -2.273270 1 1
           96.500000 -28.501041 -51.513668  -2.286273 1 1
           96.600000 -28.531954 -51.657623  -2.233274 1 1
           96.800000 -28.614387 -51.967680  -2.257277 1 1
           96.900000 -28.655603 -52.111634  -2.290278 1 1
           97.000000 -28.707124 -52.266663  -2.272280 1 1
           97.100000 -28.758645 -52.399544  -2.215281 1 1
           97.200000 -28.799861 -52.543499  -2.207283 1 1
           97.400000 -28.851382 -52.842482  -2.221285 1 1
           97.600000 -28.892599 -53.108245  -2.159288 1 1
           97.800000 -28.964728 -53.407228  -2.193291 1 1
           98.000000 -29.016249 -53.706212  -2.147293 1 1
           98.100000 -29.057466 -53.839093  -2.109295 1 1
           98.300000 -29.108987 -54.149150  -2.145297 1 1
           98.500000 -29.108987 -54.459207  -2.102300 1 1
           98.700000 -29.139900 -54.791410  -2.077303 1 1
           98.800000 -29.160509 -54.935365  -2.087304 1 1
           98.900000 -29.181117 -55.057173  -2.119306 1 1
           99.000000 -29.201725 -55.212201  -2.118307 1 1
           99.100000 -29.212030 -55.367230  -2.088308 1 1
           99.300000 -29.253247 -55.666212  -2.115311 1 1
           99.500000 -29.273855 -55.998416  -2.113314 1 1
           99.700000 -29.345985 -56.319546  -2.057317 1 1
           99.800000 -29.376897 -56.474574  -2.068319 1 1
           99.900000 -29.428418 -56.618529  -2.112320 1 1
          100.000000 -29.490242 -56.762484  -2.089322 1 1
          100.100000 -29.541763 -56.917513  -2.029324 1 1
          100.200000 -32.457833 -56.784659   1.709663 1 2
          100.300000 -32.488746 -56.928614   1.728662 1 2
          100.500000 -32.529963 -57.249744   1.716659 1 2
          100.700000 -32.612396 -57.537654   1.762656 1 2
          100.800000 -32.643309 -57.670535   1.744654 1 2
          101.000000 -32.715438 -57.925225   1.747652 1 2
          101.100000 -32.736046 -58.069180   1.773650 1 2
          101.200000 -32.766959 -58.202061   1.776649 1 2
          101.400000 -32.828784 -58.478897   1.737646 1 2
          101.600000 -32.870001 -58.744660   1.757643 1 2
          101.700000 -32.890609 -58.866469   1.798642 1 2
          101.900000 -32.973042 -59.121158   1.796639 1 2
          102.100000 -33.055476 -59.386921   1.820636 1 2
          102.200000 -33.086388 -59.519803   1.819635 1 2
          102.300000 -33.117301 -59.652684   1.807634 1 2
          102.500000 -33.179126 -59.951667   1.792630 1 2
          102.700000 -33.220343 -60.250650   1.780627 1 2
          102.800000 -33.251255 -60.394604   1.705626 1 2
          102.900000 -33.282167 -60.538559   1.680624 1 2
          103.100000 -33.395513 -60.826469   1.673621 1 2
          103.300000 -33.416121 -61.092232   1.688618 1 2
          103.500000 -33.436730 -61.324774   1.664616 1 2
          103.700000 -33.467642 -61.601610   1.626613 1 2
          103.900000 -33.560379 -61.834152   1.587610 1 2
          104.100000 -33.611900 -62.099914   1.544608 1 2
          104.200000 -33.611901 -62.277090   1.582606 1 2
          104.300000 -33.653117 -62.409971   1.570604 1 2
          104.500000 -33.694334 -62.708954   1.551601 1 2
          104.700000 -33.745855 -62.974717   1.526598 1 2
          104.800000 -33.787072 -63.063305   1.588597 1 2
          104.900000 -33.828289 -63.174040   1.660596 1 2
          105.000000 -33.890114 -63.284775   1.673594 1 2
          105.100000 -33.931330 -63.362290   1.729593 1 2
          105.200000 -33.931331 -63.450878   1.763593 1 1
          105.300000 -33.982852 -63.572686   1.797591 1 1
          105.500000 -34.013765 -63.816302   1.841588 1 1
          105.700000 -34.044678 -64.037772   1.910586 1 1
          105.800000 -34.096198 -64.170654   1.926584 1 0
          105.900000 -34.137415 -64.303535   1.933583 1 0
          106.000000 -34.209544 -64.447491   1.989581 1 0
          106.100000 -34.250761 -64.602519   2.041579 1 0
          106.200000 -34.312586 -64.735401   2.091577 1 1
          106.300000 -34.364107 -64.846136   2.089576 1 0
          106.500000 -34.498061 -65.100825   2.117573 1 0
          106.600000 -34.549582 -65.200487   2.199571 1 0
          106.700000 -34.673231 -65.300149   2.261570 1 0
          106.800000 -34.745360 -65.322296   2.347569 1 0
          106.900000 -34.786577 -65.455177   2.314568 1 0
          107.000000 -34.848402 -65.610206   2.338566 1 0
          107.100000 -34.869010 -65.743088   2.359564 1 0
          107.200000 -34.869011 -65.887042   2.347563 1 0
          107.300000 -34.910227 -66.064217   2.267561 1 0
          107.400000 -34.869010 -66.208170   2.129559 1 0
          107.500000 -34.776273 -66.307830   1.963559 1 0
          107.700000 -34.796880 -66.584664   1.778556 1 0
          107.800000 -34.745360 -66.717546   1.750555 1 0
          107.900000 -34.662927 -66.795059   1.667554 1 0
          108.000000 -34.621711 -66.894720   1.639553 1 0
          108.100000 -34.673232 -67.094042   1.587551 1 0
          108.200000 -34.704144 -67.237997   1.579549 1 0
          108.300000 -34.652624 -67.315510   1.533549 1 0
          108.400000 -34.611407 -67.437318   1.489548 1 0
          108.500000 -34.446542 -67.503759   1.474548 1 0
          108.700000 -34.539280 -67.791669   1.539544 1 0
          108.800000 -34.467152 -67.880257   1.558544 1 0
          108.900000 -34.518672 -68.046358   1.420542 1 0
          109.000000 -34.508367 -68.168165   1.355540 1 0
          109.100000 -34.487761 -68.301049   1.560539 1 0
          109.200000 -34.467153 -68.422858   1.650538 1 1
          109.300000 -34.436241 -68.544665   1.550537 1 1
          109.400000 -34.436240 -68.677545   1.457535 1 1
          109.500000 -34.425937 -68.821500   1.416534 1 1
          109.700000 -34.436241 -69.142630   1.443530 1 0
          109.800000 -34.456850 -69.275512   1.424529 1 0
          109.900000 -34.487762 -69.364099   1.414528 1 0
          110.000000 -34.590803 -69.552346   1.294525 1 0
          110.100000 -34.570196 -69.674156   1.446524 1 0
          110.200000 -34.580500 -69.818111   1.422522 1 1
          110.300000 -34.570196 -69.939918   1.391521 1 1
          110.500000 -34.621717 -70.305342   1.337517 1 1
          110.700000 -34.652630 -70.560031   1.302514 1 1
          110.900000 -34.683542 -70.870087   1.248510 1 1
          111.100000 -34.693847 -71.191218   1.317506 1 1
          111.300000 -34.693848 -71.523421   1.261503 1 1
          111.500000 -34.683545 -71.822405   1.297499 1 1
          111.700000 -34.693849 -72.143535   1.261496 1 1
          111.900000 -34.765978 -72.486811   1.184491 1 1
          112.100000 -34.838108 -72.819015   1.265487 1 1
          112.300000 -34.869021 -73.151218   1.211483 1 1
          112.500000 -34.920542 -73.461275   1.270479 1 1
          112.700000 -34.961759 -73.793478   1.211475 1 1
          112.800000 -35.002975 -73.959580   1.196473 1 1
          112.900000 -35.033888 -74.147829   1.259471 1 1
          113.100000 -35.064802 -74.491107   1.299466 1 1
          113.300000 -35.033890 -74.823310   1.270463 1 1
          113.500000 -35.044195 -75.144441   1.336459 1 1
          113.700000 -35.064804 -75.432351   1.297455 1 1
          113.800000 -35.044196 -75.587379   1.280454 1 1
          113.900000 -35.044196 -75.753481   1.275452 1 1
          114.100000 -35.002981 -76.085685   1.294448 1 1
          114.200000 -34.972069 -76.229640   1.298446 1 1
          114.300000 -34.910244 -76.384668   1.258445 1 1
          114.500000 -34.848421 -76.694725   1.282441 1 1
          114.700000 -34.755684 -77.015854   1.194438 1 1
          114.900000 -34.704165 -77.303765   1.247435 1 1
          115.100000 -34.611428 -77.580602   1.234432 1 1
          115.200000 -34.559908 -77.713483   1.218430 1 1
          115.400000 -34.425956 -77.946027   1.296428 1 1
          115.600000 -34.271395 -78.200717   1.291426 1 1
          115.800000 -34.116835 -78.488627   1.304423 1 1
          116.000000 -33.962275 -78.754392   1.416421 1 1
          116.100000 -33.879842 -78.876200   1.400420 1 1
          116.300000 -33.663457 -79.141963   1.398418 1 1
          116.500000 -33.477984 -79.396654   1.485415 1 1
          116.700000 -33.302815 -79.651343   1.447413 1 1
          116.900000 -33.127646 -79.906034   1.522411 1 1
          117.000000 -33.024606 -80.038916   1.546410 1 1
          117.200000 -32.797916 -80.304679   1.485408 1 1
          117.400000 -32.560923 -80.526149   1.534406 1 1
          117.600000 -32.323929 -80.736544   1.448404 1 1
          117.800000 -32.066327 -80.935867   1.452403 1 1
          118.000000 -31.798421 -81.101970   1.483402 1 1
          118.200000 -31.478995 -81.212705   1.481403 1 1
          118.300000 -31.324433 -81.279146   1.498402 1 1
          118.500000 -31.025615 -81.400955   1.528402 1 1
          118.700000 -30.726797 -81.567057   1.490402 1 1
          118.900000 -30.407370 -81.711014   1.538401 1 1
          119.000000 -30.242505 -81.766381   1.535401 1 1
          119.200000 -29.923078 -81.843896   1.502402 1 1
          119.400000 -29.613956 -81.954632   1.566402 1 1
          119.600000 -29.335746 -82.076439   1.497402 1 1
          119.800000 -29.036927 -82.242542   1.505401 1 1
          119.900000 -28.892670 -82.297910   1.535401 1 1
          120.000000 -28.738109 -82.364350   1.503401 1 1
          120.100000 -28.583547 -82.419717   1.465401 1 1
          120.200000 -28.418682 -82.464011   1.466401 1 1
          120.300000 -28.253817 -82.519379   1.489401 1 1
          120.500000 -27.965302 -82.630114   1.461401 1 1
          120.600000 -27.821045 -82.707628   1.427400 1 1
          120.800000 -27.522227 -82.840510   1.451400 1 1
          121.000000 -27.202800 -82.962318   1.404400 1 1
          121.100000 -27.037935 -82.995539   1.388400 1 1
          121.300000 -26.718508 -83.117348   1.435400 1 1
          121.500000 -26.409385 -83.239156   1.364399 1 1
          121.700000 -26.193003 -84.601194   1.573382 1 2
          121.900000 -25.863272 -84.700856   1.567382 1 2
          122.000000 -25.708710 -84.734076   1.533382 1 2
          122.100000 -25.533541 -84.778369   1.496382 1 2
          122.300000 -25.214114 -84.878031   1.518382 1 2
          122.500000 -24.904992 -84.988767   1.542382 1 2
          122.700000 -24.575261 -85.088429   1.588382 1 2
          122.800000 -24.410396 -85.132723   1.620382 1 2
          123.000000 -24.090969 -85.210238   1.602382 1 2
          123.200000 -23.771542 -85.354194   1.625382 1 2
          123.300000 -23.627285 -85.409561   1.617381 1 2
          123.500000 -23.328466 -85.542443   1.586381 1 2
          123.700000 -23.009040 -85.675325   1.627380 1 2
          123.900000 -22.699917 -85.763913   1.588380 1 2
          124.100000 -22.401099 -85.907868   1.601379 1 2
          124.200000 -22.246537 -85.963236   1.603379 1 2
          124.300000 -22.091976 -86.007530   1.591379 1 2
          124.500000 -21.793157 -86.151485   1.565378 1 2
          124.700000 -21.484035 -86.284367   1.559377 1 2
          124.800000 -21.329473 -86.328660   1.539377 1 2
          124.900000 -21.164608 -86.384028   1.523377 1 2
          125.000000 -21.020351 -86.439395   1.528377 1 2
          125.100000 -20.865789 -86.494763   1.552376 1 2
          125.200000 -20.711228 -86.550130   1.554376 1 2
          125.300000 -20.566971 -86.605498   1.538376 1 2
          125.500000 -20.268152 -86.760527   1.570375 1 2
          125.700000 -19.948726 -86.871262   1.568374 1 2
          125.900000 -19.629299 -86.993070   1.545373 1 2
          126.000000 -19.474737 -87.048438   1.576373 1 2
          126.100000 -19.309872 -87.103806   1.596373 1 2
          126.200000 -19.165615 -87.170246   1.586372 1 2
          126.400000 -18.877100 -87.347422   1.571371 1 2
          126.600000 -18.567978 -87.469231   1.586370 1 2
          126.700000 -18.413416 -87.524598   1.560370 1 2
          126.800000 -18.258855 -87.591038   1.553369 1 2
          126.900000 -18.124902 -87.668553   1.576369 1 2
          127.100000 -17.836387 -87.779288   1.591368 1 2
          127.200000 -17.692130 -87.878949   1.558367 1 2
          127.300000 -17.558177 -87.967537   1.548366 1 2
          127.500000 -17.249054 -88.122566   1.597365 1 2
          127.600000 -17.104797 -88.177933   1.583364 1 2
          127.700000 -16.939932 -88.255447   1.548364 1 2
          127.900000 -16.630809 -88.377256   1.598363 1 2
          128.000000 -16.496856 -88.454771   1.595362 1 2
          128.100000 -16.362903 -88.510138   1.581362 1 2
          128.200000 -16.218645 -88.598725   1.566361 1 2
          128.300000 -16.084692 -88.687313   1.563360 1 2
          128.500000 -15.796178 -88.842342   1.565358 1 2
          128.600000 -15.662225 -88.908783   1.544358 1 2
          128.800000 -15.373710 -89.041665   1.559357 1 2
          128.900000 -15.208845 -89.108106   1.592356 1 2
          129.000000 -15.064587 -89.196694   1.602355 1 2
          129.100000 -14.930634 -89.263134   1.584355 1 2
          129.200000 -14.776073 -89.351722   1.577354 1 2
          129.300000 -14.631816 -89.429237   1.596353 1 2
          129.500000 -14.322693 -89.562118   1.578352 1 2
          129.600000 -14.168131 -89.606412   1.561352 1 2
          129.800000 -13.848705 -89.706074   1.569351 1 2
          129.900000 -13.673535 -89.772514   1.551350 1 2
          130.000000 -13.529278 -89.827881   1.531350 1 2
          130.100000 -13.385020 -89.905395   1.514349 1 2
          130.200000 -13.251067 -89.982910   1.517348 1 2
          130.300000 -13.096506 -90.049351   1.530348 1 2
          130.400000 -12.941944 -90.104718   1.526347 1 2
          130.500000 -12.797687 -90.149012   1.528347 1 2
          130.600000 -12.632822 -90.193306   1.518346 1 2
          130.800000 -12.344307 -90.326188   1.549345 1 2
          130.900000 -12.210354 -90.381555   1.529345 1 2
          131.000000 -12.066096 -90.459069   1.515344 1 2
          131.100000 -11.921839 -90.536584   1.510343 1 2
          131.200000 -11.767278 -90.614098   1.540342 1 2
          131.300000 -11.602412 -90.680539   1.553341 1 2
          131.400000 -11.447851 -90.724833   1.541341 1 2
          131.500000 -11.272681 -90.780200   1.522341 1 2
          131.700000 -10.963559 -90.902009   1.542339 1 2
          131.800000 -10.798693 -90.957376   1.535339 1 2
          131.900000 -10.675044 -91.012743   1.528338 1 2
          132.000000 -10.541091 -91.112404   1.521337 1 2
          132.100000 -10.376225 -91.178845   1.516336 1 2
          132.200000 -10.242272 -91.256360   1.523335 1 2
          132.300000 -10.087711 -91.311727   1.519335 1 2
          132.500000  -9.778588 -91.411388   1.501334 1 2
          132.700000  -9.479769 -91.555343   1.522332 1 2
          132.800000  -9.345816 -91.621785   1.542332 1 2
          132.900000  -9.222167 -91.688225   1.524331 1 2
          133.000000  -9.077909 -91.787886   1.516330 1 2
          133.100000  -8.923348 -91.876474   1.530329 1 2
          133.200000  -8.779091 -91.965062   1.545327 1 2
          133.300000  -8.634833 -92.031503   1.535327 1 2
          133.400000  -8.500880 -92.120091   1.537326 1 2
          133.500000  -8.366927 -92.197605   1.520325 1 2
          133.700000  -8.088716 -92.385854   1.529322 1 1
          133.800000  -7.985676 -92.507662   1.538321 1 1
          133.900000  -7.892939 -92.607322   1.497319 1 1
          134.000000  -7.800202 -92.751277   1.506317 1 1
          134.100000  -7.655945 -92.873086   1.512316 1 1
          134.200000  -7.542600 -92.961673   1.510315 1 1
          134.300000  -7.439559 -93.083482   1.529313 1 1
          134.400000  -7.336518 -93.194216   1.514311 1 1
          134.500000  -7.233477 -93.327098   1.538309 1 1
          134.700000  -7.048003 -93.592861   1.539306 1 1
          134.800000  -6.986179 -93.736816   1.510304 1 1
          134.900000  -6.924354 -93.880771   1.507302 1 1
          135.000000  -6.862530 -94.035799   1.508299 1 1
          135.100000  -6.790401 -94.179754   1.516297 1 1
          135.200000  -6.707968 -94.312635   1.496295 1 1
          135.300000  -6.635840 -94.456590   1.481293 1 1
          135.400000  -6.584319 -94.611619   1.502291 1 1
          135.600000  -6.470974 -94.910602   1.505287 1 1
          135.700000  -6.460670 -95.054557   1.527285 1 1
          135.800000  -6.450366 -95.209586   1.545282 1 1
          135.900000  -6.440062 -95.353541   1.558280 1 1
          136.000000  -6.440062 -95.508571   1.615278 1 1
          136.100000  -6.409150 -95.674672   1.614275 1 1
          136.200000  -6.388542 -95.829701   1.611273 1 1
          136.300000  -6.357630 -95.995802   1.595271 1 1
          136.500000  -6.326717 -96.316933   1.626266 1 1
          136.600000  -6.337022 -96.460888   1.625264 1 1
          136.800000  -6.378238 -96.759871   1.580259 1 1
          136.900000  -6.398846 -96.925973   1.589256 1 1
          137.000000  -6.419455 -97.092075   1.610254 1 1
          137.100000  -6.429759 -97.247103   1.607251 1 1
          137.200000  -6.440063 -97.402131   1.589249 1 1
          137.300000  -6.429759 -97.568233   1.559247 1 1
          137.400000  -6.429759 -97.723261   1.563244 1 1
          137.500000  -6.450367 -97.900437   1.601241 1 1
          137.600000  -6.460671 -98.033318   1.600239 1 1
          137.700000  -6.491584 -98.177274   1.608237 1 1
          137.800000  -6.532800 -98.343375   1.609234 1 1
          137.900000  -6.543104 -98.509477   1.615232 1 1
          138.000000  -6.553409 -98.675580   1.639229 1 1
          138.100000  -6.563713 -98.830608   1.638227 1 1
          138.200000  -6.563713 -98.996710   1.633224 1 1
          138.300000  -6.553409 -99.162811   1.610222 1 1
          138.500000  -6.604930 -99.495015   1.614216 1 1
          138.700000  -6.666754 -99.827218   1.571211 1 1
          138.800000  -6.687363 -99.982247   1.597209 1 1
          138.900000   -6.707971 -100.137275    1.619206 1 1
          139.000000   -6.728579 -100.314451    1.633203 1 1
          139.100000   -6.749187 -100.469479    1.637201 1 1
          139.200000   -6.738883 -100.624508    1.622198 1 1
          139.300000   -6.780100 -100.812757    1.643195 1 1
          139.500000   -6.821316 -101.122814    1.648190 1 1
          139.700000   -6.893445 -101.421797    1.638186 1 1
          139.800000   -6.924358 -101.576825    1.635183 1 1
          139.900000   -6.955270 -101.742927    1.650180 1 1
          140.000000   -6.965574 -101.909028    1.613178 1 1
          140.100000   -6.975878 -102.064057    1.599175 1 1
          140.200000   -6.996487 -102.252305    1.581172 1 1
          140.300000   -7.006791 -102.407333    1.578170 1 1
          140.400000   -7.027399 -102.562362    1.599167 1 1
          140.500000   -7.089224 -102.717390    1.588165 1 1
          140.700000   -7.130440 -103.027447    1.557160 1 1
          140.900000   -7.161353 -103.337503    1.527154 1 1
          141.000000   -7.181961 -103.503605    1.517152 1 1
          141.100000   -7.212873 -103.658633    1.511149 1 1
          141.200000   -7.243786 -103.824735    1.528146 1 1
          141.300000   -7.295306 -103.990838    1.595144 1 1
          141.400000   -7.377739 -104.145866    1.602141 1 1
          141.500000   -7.429260 -104.323041    1.573138 1 1
          141.700000   -7.552909 -104.644172    1.600133 1 1
          141.800000   -7.573518 -104.810274    1.610130 1 1
          141.900000   -7.614734 -104.943155    1.601128 1 1
          142.000000   -7.686863 -105.131404    1.596124 1 1
          142.100000   -7.676559 -105.275358    1.585122 1 1
          142.200000   -7.717775 -105.441461    1.613119 1 1
          142.300000   -7.738384 -105.607562    1.592116 1 1
          142.500000   -7.851729 -105.906545    1.568111 1 1
          142.600000   -7.903250 -106.039427    1.573109 1 1
          142.700000   -7.965074 -106.216602    1.581106 1 1
          142.900000   -8.016595 -106.504511    1.525101 1 1
          143.000000   -8.037203 -106.659539    1.476098 1 1
          143.100000   -8.109332 -106.836714    1.460095 1 1
          143.200000   -8.171157 -106.991742    1.476093 1 1
          143.300000   -8.243286 -107.124624    1.479090 1 1
          143.500000   -8.315414 -107.423606    1.415085 1 1
          143.600000   -8.336023 -107.567560    1.388083 1 1
          143.800000   -8.387543 -107.844396    1.354078 1 0
          143.900000   -8.408152 -108.010497    1.313075 1 1
          144.000000   -8.408152 -108.165525    1.275072 1 1
          144.100000   -8.418456 -108.342700    1.260069 1 1
          144.200000   -8.459672 -108.486655    1.244067 1 1
          144.300000   -8.521497 -108.674902    1.153064 1 1
          144.500000   -8.645146 -108.962811    1.134058 1 1
          144.600000   -8.665755 -109.095693    1.134056 1 1
          144.700000   -8.706971 -109.239647    1.095054 1 0
          144.800000   -8.748188 -109.394675    1.074051 1 0
          144.900000   -8.840925 -109.549704    1.128048 1 1
          145.000000   -8.892445 -109.693659    1.135046 1 1
          145.100000   -8.871837 -109.870834    1.086043 1 1
          145.200000   -8.892445 -110.014788    1.026040 1 1
          145.300000   -8.871837 -110.180888    0.915037 1 1
          145.400000   -8.892445 -110.324842    0.870035 1 0
          145.500000   -8.933662 -110.479870    0.865032 1 0
          145.700000   -9.016095 -110.789925    0.784026 1 0
          145.800000   -9.047007 -110.956027    0.780023 1 0
          145.900000   -9.077920 -111.077835    0.756021 1 1
          146.000000   -9.067616 -111.210716    0.727019 1 1
          146.100000   -9.119136 -111.365744    0.748016 1 1
          146.200000   -9.129440 -111.531845    0.691013 1 0
          146.300000   -9.150049 -111.697947    0.677010 1 0
          146.400000   -9.211873 -111.852975    0.652007 1 0
          146.500000   -9.201569 -112.052298    0.695004 1 0
          146.700000   -9.304611 -112.351280    0.650998 1 0
          146.800000   -9.345827 -112.484160    0.598996 1 0
          146.900000   -9.407652 -112.650263    0.632993 1 1
          147.000000   -9.459173 -112.805292    0.696990 1 1
          147.100000   -9.500389 -112.971394    0.688987 1 0
          147.200000   -9.520997 -113.082128    0.646985 1 0
          147.300000   -9.572518 -113.259303    0.619982 1 0
          147.400000   -9.675559 -113.358964    0.649980 1 0
          147.500000   -9.716776 -113.491845    0.644978 1 0
          147.600000   -9.819817 -113.602579    0.572975 1 0
          147.700000   -9.850729 -113.691165    0.487974 1 0
          147.800000   -9.891945 -113.857266    0.449971 1 0
          147.900000   -9.953770 -114.034442    0.483967 1 1
          148.000000  -10.036203 -114.178398    0.536965 1 1
          148.100000  -10.108332 -114.266983    0.397963 1 1
          148.200000  -10.139244 -114.422010    0.348960 1 0
          148.300000  -10.231981 -114.532744    0.300958 1 0
          148.400000  -10.335023 -114.654553    0.355956 1 0
          148.500000  -10.345327 -114.809581    0.363953 1 0
          148.700000  -10.396847 -115.064270    0.314948 1 0
          148.800000  -10.427760 -115.230371    0.298945 1 0
          148.900000  -10.561714 -115.385402    0.451942 1 1
          149.000000  -10.654451 -115.518283    0.426939 1 1
          149.100000  -10.726579 -115.662237    0.397937 1 1
          149.200000  -10.788404 -115.806191    0.338934 1 1
          149.300000  -10.860533 -115.983367    0.372931 1 1
          149.400000  -10.932662 -116.160543    0.423927 1 1
          149.600000  -11.035703 -116.426305    0.378922 1 1
          149.700000  -11.046007 -116.570259    0.307920 1 0
          149.800000  -11.076920 -116.736363    0.415916 1 0
          149.900000  -11.118137 -116.913541    0.556913 1 1
          150.000000  -11.138745 -117.068570    0.617910 1 1
          150.100000  -11.190266 -117.190376    0.510908 1 1
          150.200000  -11.252091 -117.367552    0.550905 1 1
          150.300000  -11.334524 -117.500433    0.543902 1 1
          150.400000  -11.386044 -117.666536    0.570899 1 1
          150.500000  -11.427261 -117.799417    0.564896 1 1
          150.600000  -11.468477 -117.943370    0.485893 1 1
          150.700000  -11.519998 -118.098398    0.446890 1 1
          150.800000  -11.550910 -118.231280    0.470888 1 1
          150.900000  -11.571519 -118.364159    0.371885 1 1
          151.000000  -11.612735 -118.508113    0.308883 1 1
          151.100000  -11.664256 -118.663140    0.250880 1 1
          151.200000  -11.726080 -118.807095    0.220877 1 1
          151.300000  -11.756993 -118.984270    0.239873 1 1
          151.400000  -11.798209 -119.139299    0.266870 1 1
          151.500000  -11.829122 -119.283253    0.229868 1 1
          151.700000  -11.911555 -119.582236    0.217862 1 1
          151.800000  -11.952772 -119.726192    0.245859 1 1
          151.900000  -12.004292 -119.892293    0.201856 1 1
          152.000000  -12.066117 -120.025173    0.152853 1 1
          152.100000  -12.107333 -120.169127    0.105850 1 1
          152.200000  -12.179462 -120.313081    0.081848 1 1
          152.300000  -12.220679 -120.468110    0.111845 1 1
          152.400000  -12.261895 -120.634212    0.101841 1 1
          152.500000  -12.292808 -120.778166    0.046839 1 1
          152.700000  -12.426762 -121.099296    0.068832 1 1
          152.800000  -12.478282 -121.243251    0.083829 1 1
          152.900000  -12.663760 -121.730514    1.675820 1 2
          153.000000  -12.725585 -121.885542    1.653817 1 2
          153.100000  -12.777105 -122.040570    1.636813 1 2
          153.200000  -12.828626 -122.195598    1.643810 1 2
          153.300000  -12.880147 -122.350627    1.647807 1 2
          153.400000  -12.931667 -122.505654    1.625804 1 2
          153.500000  -12.972884 -122.660682    1.591801 1 2
          153.600000  -13.003796 -122.815710    1.556798 1 2
          153.700000  -13.055317 -122.970738    1.568795 1 2
          153.800000  -13.106838 -123.114694    1.590792 1 2
          154.000000  -13.199575 -123.413676    1.542786 1 2
          154.100000  -13.240792 -123.579777    1.518783 1 2
          154.200000  -13.282008 -123.734806    1.520780 1 2
          154.300000  -13.323225 -123.889834    1.528777 1 2
          154.500000  -13.374746 -124.199891    1.532770 1 2
          154.600000  -13.415962 -124.354919    1.529767 1 2
          154.700000  -13.467483 -124.521021    1.534764 1 2
          154.800000  -13.519004 -124.653903    1.564761 1 2
          154.900000  -13.560220 -124.786784    1.546758 1 2
          155.000000  -13.622045 -124.941813    1.535755 1 2
          155.100000  -13.673566 -125.085768    1.578752 1 2
          155.200000  -13.725087 -125.274018    1.611748 1 2
          155.300000  -13.766303 -125.406899    1.614746 1 2
          155.500000  -13.848737 -125.739102    1.590739 1 2
          155.700000  -13.931170 -126.049160    1.615733 1 2
          155.800000  -13.962082 -126.193114    1.575730 1 2
          155.900000  -14.023907 -126.325994    1.536727 1 2
          156.100000  -14.106340 -126.647124    1.517720 1 2
          156.300000  -14.157861 -126.968253    1.468714 1 2
          156.500000  -14.229990 -127.289384    1.497707 1 2
          156.600000  -14.271207 -127.455486    1.497704 1 2
          156.700000  -14.312424 -127.610514    1.507701 1 2
          156.900000  -14.425769 -127.887350    1.488695 1 2
          157.000000  -14.497898 -128.064526    1.526691 1 2
          157.100000  -14.539115 -128.241702    1.562687 1 2
          157.200000  -14.580332 -128.385658    1.609684 1 2
          157.300000  -14.600940 -128.540686    1.605681 1 2
          157.400000  -14.642157 -128.706788    1.600678 1 2
          157.500000  -14.662765 -128.883964    1.607674 1 2
          157.700000  -14.765807 -129.171874    1.631668 1 2
          157.800000  -14.817327 -129.304755    1.640665 1 2
          157.900000  -14.879152 -129.459784    1.651662 1 2
          158.000000  -14.910065 -129.614811    1.604659 1 2
          158.100000  -14.940977 -129.780913    1.615655 1 2
          158.200000  -14.961586 -129.924868    1.604652 1 2
          158.300000  -15.013106 -130.068823    1.606649 1 2
          158.400000  -15.033715 -130.234924    1.567646 1 2
          158.500000  -15.074931 -130.389953    1.572642 1 2
          158.600000  -15.116148 -130.544981    1.587639 1 2
          158.800000  -15.229494 -130.832891    1.575633 1 2
          158.900000  -15.291319 -130.976846    1.600630 1 2
          159.000000  -15.342839 -131.142948    1.623626 1 2
          159.100000  -15.384056 -131.297976    1.609623 1 2
          159.200000  -15.445881 -131.430858    1.624620 1 2
          159.300000  -15.487098 -131.596960    1.624616 1 2
          159.400000  -15.518010 -131.751988    1.612613 1 2
          159.500000  -15.590139 -131.907017    1.658610 1 2
          159.600000  -15.641660 -132.050972    1.653607 1 2
          159.700000  -15.713789 -132.183852    1.599604 1 2
          159.800000  -15.755005 -132.338879    1.528600 1 2
          159.900000  -15.806526 -132.504981    1.541597 1 2
          160.000000  -15.878655 -132.671084    1.603593 1 2
          160.100000  -15.940480 -132.815040    1.620590 1 2
          160.200000  -15.971393 -132.958994    1.613587 1 2
          160.300000  -16.033218 -133.114023    1.622583 1 2
          160.400000  -16.084739 -133.269052    1.652580 1 2
          160.500000  -16.156868 -133.413007    1.666577 1 2
          160.700000  -16.270213 -133.667696    1.639571 1 2
          160.800000  -16.352646 -133.800577    1.632568 1 2
          160.900000  -16.383559 -133.966678    1.600565 1 2
          161.000000  -16.486600 -134.110635    1.669561 1 2
          161.100000  -16.548425 -134.265663    1.662558 1 2
          161.200000  -16.589642 -134.453911    1.619554 1 2
          161.300000  -16.620554 -134.620013    1.628550 1 2
          161.400000  -16.692684 -134.786115    1.653546 1 2
          161.500000  -16.744204 -134.941143    1.651543 1 2
          161.700000  -16.909071 -135.240125    1.606536 1 2
          161.800000  -16.960591 -135.395153    1.574533 1 2
          161.900000  -17.012112 -135.561255    1.606529 1 2
          162.000000  -17.053329 -135.705211    1.614526 1 2
          162.100000  -17.115154 -135.860238    1.596522 1 2
          162.200000  -17.166675 -136.015267    1.621519 1 2
          162.300000  -17.197587 -136.181369    1.608515 1 2
          162.500000  -17.331541 -136.458206    1.660509 1 2
          162.700000  -17.465495 -136.746117    1.718502 1 2
          162.800000  -17.517016 -136.890073    1.771499 1 2
          162.900000  -17.547929 -137.056174    1.735496 1 2
          163.000000  -17.599450 -137.222276    1.750492 1 2
          163.200000  -17.681883 -137.543407    1.771485 1 2
          163.300000  -17.733404 -137.720582    1.776481 1 2
          163.400000  -17.784925 -137.864537    1.775477 1 2
          163.500000  -17.846750 -138.008492    1.760474 1 2
          163.700000  -17.960095 -138.274253    1.697468 1 2
          163.800000  -18.011616 -138.429281    1.674464 1 2
          163.900000  -18.063137 -138.584309    1.669461 1 2
          164.000000  -18.094049 -138.739336    1.611457 1 2
          164.100000  -18.135266 -138.905438    1.612454 1 2
          164.200000  -18.176483 -139.049394    1.652450 1 2
          164.300000  -18.248612 -139.204424    1.716447 1 2
          164.400000  -18.289829 -139.348379    1.739444 1 2
          164.500000  -18.351653 -139.481260    1.714440 1 2
          164.600000  -18.413478 -139.625214    1.699437 1 2
          164.700000  -18.454695 -139.791316    1.691433 1 2
          164.800000  -18.485608 -139.946345    1.732430 1 2
          164.900000  -18.537129 -140.079226    1.714427 1 2
          165.000000  -18.547433 -140.256401    1.686423 1 2
          165.100000  -18.588649 -140.411429    1.677419 1 2
          165.200000  -18.619562 -140.588604    1.673415 1 2
          165.300000  -18.660779 -140.743633    1.699412 1 2
          165.400000  -18.712300 -140.876515    1.698409 1 2
          165.500000  -18.784429 -141.020469    1.684405 1 2
          165.600000  -18.856558 -141.175498    1.698401 1 2
          165.700000  -18.897775 -141.341600    1.694398 1 2
          165.800000  -18.938991 -141.507701    1.695394 1 2
          165.900000  -18.980208 -141.673803    1.691390 1 2
          166.000000  -19.031729 -141.806684    1.681387 1 2
          166.100000  -19.052337 -141.983859    1.666383 1 2
          166.200000  -19.114162 -142.149962    1.727379 1 2
          166.300000  -19.165683 -142.282844    1.715376 1 2
          166.400000  -19.206900 -142.415725    1.714373 1 2
          166.500000  -19.309941 -142.570753    1.711369 1 2
          166.700000  -19.392375 -142.891883    1.706361 1 2
          166.800000  -19.412983 -143.024764    1.697358 1 2
          166.900000  -19.443896 -143.168720    1.709355 1 2
          167.000000  -19.464504 -143.345894    1.685351 1 2
          167.100000  -19.495417 -143.500923    1.695347 1 2
          167.200000  -19.516025 -143.678098    1.685343 1 2
          167.300000  -19.588154 -143.810979    1.670340 1 2
          167.400000  -19.619067 -143.966007    1.636336 1 2
          167.600000  -19.711804 -144.276063    1.636329 1 2
          167.700000  -19.732413 -144.453238    1.625325 1 2
          167.800000  -19.773630 -144.608267    1.644321 1 2
          167.900000  -19.794238 -144.763295    1.630318 1 2
          168.000000  -19.845759 -144.918323    1.632314 1 2
          168.100000  -19.886976 -145.095499    1.666310 1 2
          168.200000  -19.928193 -145.272675    1.690306 1 2
          168.300000  -19.979713 -145.416629    1.648302 1 2
          168.400000  -20.041538 -145.571657    1.646299 1 2
          168.500000  -20.062147 -145.737759    1.655295 1 2
          168.700000  -20.134276 -146.069962    1.624287 1 2
          168.800000  -20.175493 -146.202845    1.657284 1 2
          168.900000  -20.185797 -146.380019    1.639279 1 2
          169.000000  -20.206405 -146.535046    1.574276 1 2
          169.100000  -20.257926 -146.690074    1.563272 1 2
          169.200000  -20.268230 -146.856175    1.496268 1 2
          169.300000  -20.340359 -147.011203    1.495264 1 2
          169.500000  -20.391880 -147.343406    1.458257 1 2
          169.700000  -20.474314 -147.631316    1.495250 1 2
          169.800000  -20.515531 -147.808492    1.534245 1 2
          169.900000  -20.587661 -147.974597    1.659241 1 2
          170.000000  -20.639182 -148.129627    1.732237 1 2
          170.100000  -20.670094 -148.306802    1.701233 1 2
          170.200000  -20.752528 -148.439684    1.734230 1 2
          170.300000  -20.804048 -148.539346    1.774227 1 2
          170.500000  -20.907090 -148.838330    1.832220 1 2
          170.700000  -20.989524 -149.126240    1.843213 1 2
          170.800000  -21.041045 -149.303416    1.844209 1 2
          170.900000  -21.092566 -149.414153    1.970206 1 2
          171.000000  -21.164695 -149.547036    2.020202 1 2
          171.100000  -21.205912 -149.702061    1.914199 1 2
          171.200000  -21.298649 -149.823869    1.911195 1 2
          171.300000  -21.360474 -149.890309    1.883194 1 2
          171.400000  -21.401690 -150.045336    1.807190 1 2
          171.500000  -21.453211 -150.167142    1.745187 1 2
          171.600000  -21.515036 -150.255730    1.763185 1 1
          171.700000  -21.587166 -150.377541    1.862181 1 1
          171.800000  -21.607774 -150.443983    1.916180 1 0
          171.900000  -21.700512 -150.576865    1.953176 1 0
          172.000000  -21.782945 -150.731894    2.011172 1 1
          172.100000  -21.885987 -150.820482    1.995170 1 1
          172.200000  -21.968420 -150.909069    1.969167 1 1
          172.300000  -22.133286 -151.041951    2.018164 1 1
          172.500000  -22.339369 -151.252345    1.966158 1 1
          172.600000  -22.421802 -151.340933    1.973156 1 0
          172.700000  -22.555756 -151.473815    2.007152 1 0
          172.800000  -22.689710 -151.595622    1.994149 1 0
          172.900000  -22.833969 -151.728504    2.021145 1 0
          173.000000  -22.926706 -151.916749    1.868140 1 1
          173.100000  -23.029747 -151.983190    1.859138 1 1
          173.200000  -23.184309 -152.016411    1.929137 1 1
          173.300000  -23.328567 -152.071779    1.939135 1 1
          173.400000  -23.452217 -152.149293    1.952133 1 0
          173.500000  -23.596475 -152.204659    1.904131 1 0
          173.700000  -23.864383 -152.326467    1.917127 1 0
          173.800000  -23.957120 -152.370761    1.952125 1 0
          173.900000  -24.121987 -152.415056    1.984124 1 0
          174.000000  -24.276549 -152.514714    1.883121 1 1
          174.100000  -24.431110 -152.547931    1.758119 1 1
          174.200000  -24.565064 -152.636515    1.612117 1 1
          174.300000  -24.699017 -152.680806    1.505115 1 1
          174.500000  -24.977228 -152.747243    1.339112 1 1
          174.700000  -25.296656 -152.791533    1.228110 1 1
          174.800000  -25.440914 -152.824752    1.155109 1 1
          174.900000  -25.626388 -152.802604    1.131109 1 1
          175.000000  -25.801558 -152.791529    1.076108 1 0
          175.100000  -25.945816 -152.813674    1.000107 1 0
          175.200000  -26.120986 -152.802598    0.941107 1 0
          175.300000  -26.265244 -152.802598    0.924106 1 0
          175.400000  -26.430110 -152.791524    0.917105 1 0
          175.500000  -26.584672 -152.802595    0.838105 1 0
          175.600000  -26.739233 -152.813667    0.771104 1 0
          175.800000  -27.058661 -152.824739    0.725102 1 0
          175.900000  -27.223527 -152.758297    0.712103 1 0
          176.000000  -27.357481 -152.780442    0.613102 1 1
          176.100000  -27.481130 -152.780440    0.544101 1 1
          176.200000  -27.635692 -152.769367    0.593101 1 1
          176.300000  -27.800559 -152.714001    0.642102 1 1
          176.400000  -27.975729 -152.680781    0.683102 1 1
          176.500000  -28.130291 -152.636488    0.711102 1 1
          176.700000  -28.490937 -152.503611    0.933104 1 1
          176.800000  -28.676412 -152.437173    1.062104 1 1
          176.900000  -28.851582 -152.348587    1.148106 1 1
          177.000000  -29.037057 -152.271075    1.241107 1 1
          177.100000  -29.191619 -152.204634    1.273108 1 1
          177.200000  -29.387398 -152.138198    1.455108 1 1
          177.300000  -29.593482 -152.060687    1.613109 1 1
          177.500000  -29.943823 -151.983175    1.727109 1 1
          177.600000  -30.139602 -151.961030    1.851109 1 1
          177.700000  -30.335381 -151.938886    1.971109 1 1
          177.900000  -30.675417 -151.839226    2.032109 1 1
          178.000000  -30.860892 -151.772785    2.064110 1 1
          178.100000  -31.036062 -151.717419    2.108111 1 1
          178.200000  -31.211233 -151.662052    2.164111 1 1
          178.300000  -31.355491 -151.639905    2.143111 1 1
          178.500000  -31.695527 -151.606685    2.179110 1 1
          178.600000  -31.860394 -151.595612    2.248109 1 1
          178.700000  -32.025260 -151.551320    2.304110 1 1
          178.900000  -32.344688 -151.518098    2.299109 1 1
          179.000000  -32.499250 -151.429511    2.318110 1 1
          179.100000  -32.664117 -151.407364    2.351110 1 1
          179.200000  -32.828983 -151.385217    2.327109 1 1
          179.300000  -32.993849 -151.340921    2.265110 1 1
          179.500000  -33.323581 -151.274479    2.263110 1 1
          179.600000  -33.478143 -151.230186    2.275110 1 1
          179.800000  -33.766658 -151.119449    2.200111 1 1
          179.900000  -33.921220 -151.053008    2.224112 1 1
          180.000000  -34.075782 -150.997641    2.228112 1 1
          180.100000  -34.240648 -150.920127    2.252113 1 1
          180.200000  -34.395210 -150.875831    2.196113 1 1
          180.300000  -34.549772 -150.842609    2.159113 1 1
          180.400000  -34.683726 -150.754023    2.228115 1 1
          180.500000  -34.827984 -150.687583    2.268116 1 1
          180.600000  -34.982545 -150.632215    2.238116 1 1
          180.800000  -35.271061 -150.521480    2.251117 1 0
          180.900000  -35.435927 -150.443966    2.293118 1 0
          181.000000  -35.631706 -150.410745    2.271118 1 1
          181.100000  -35.765659 -150.344303    2.256118 1 1
          181.200000  -35.889309 -150.277862    2.258119 1 1
          181.300000  -36.033567 -150.211422    2.283120 1 1
          181.400000  -36.157216 -150.122835    2.322122 1 1
          181.500000  -36.342691 -150.089614    2.303121 1 1
          181.700000  -36.662118 -149.945658    2.300123 1 1
          181.800000  -36.806376 -149.890290    2.290123 1 1
          181.900000  -36.981546 -149.845996    2.303123 1 1
          182.000000  -37.115500 -149.768483    2.345124 1 1
          182.100000  -37.228846 -149.679895    2.382126 1 1
          182.200000  -37.362799 -149.613454    2.370127 1 1
          182.300000  -37.517361 -149.569160    2.373127 1 1
          182.400000  -37.661619 -149.513792    2.374127 1 1
          182.500000  -37.816181 -149.458424    2.340128 1 1
          182.600000  -37.960439 -149.403056    2.322128 1 1
          182.700000  -38.115000 -149.358761    2.289128 1 1
          182.800000  -38.259258 -149.281246    2.267129 1 1
          182.900000  -38.424124 -149.248024    2.240129 1 1
          183.000000  -38.588990 -149.203730    2.214129 1 1
          183.100000  -38.764160 -149.170508    2.197129 1 1
          183.200000  -38.898113 -149.104067    2.171129 1 1
          183.300000  -38.990850 -149.059772    2.157130 1 1
          183.400000  -39.124804 -149.048697    2.095129 1 1
          183.500000  -39.279365 -148.993329    2.077130 1 1
          183.600000  -39.413318 -148.993326    1.954129 1 1
          183.700000  -39.557576 -148.971177    1.876128 1 1
          183.800000  -39.732746 -148.960101    1.803128 1 1
          183.900000  -39.907916 -148.960099    1.754127 1 1
          184.000000  -40.021261 -148.893658    1.729127 1 1
          184.100000  -40.155214 -148.827217    1.749128 1 1
          184.200000  -40.309776 -148.782923    1.741128 1 1
          184.300000  -40.464338 -148.738629    1.764128 1 1
          184.400000  -40.598292 -148.705408    1.754128 1 1
          184.500000  -40.742549 -148.638966    1.709129 1 1
          184.600000  -40.886807 -148.572524    1.694129 1 1
          184.700000  -41.010456 -148.528230    1.673130 1 1
          184.800000  -41.185626 -148.528228    1.634129 1 1
          184.900000  -41.329884 -148.517153    1.572128 1 1
          185.000000  -41.453533 -148.439639    1.568129 1 1
          185.100000  -41.597791 -148.362124    1.578130 1 1
          185.200000  -41.752353 -148.306758    1.627130 1 1
          185.300000  -41.896611 -148.240317    1.652131 1 1
          185.400000  -42.020260 -148.140656    1.655132 1 1
          185.500000  -42.123302 -148.040994    1.657134 1 1
          185.600000  -42.277863 -147.985627    1.660134 1 1
          185.700000  -42.411817 -147.930260    1.679134 1 1
          185.800000  -42.535467 -147.863818    1.668135 1 1
          185.900000  -42.659116 -147.797377    1.671136 1 1
          186.000000  -42.793069 -147.730935    1.644137 1 1
          186.100000  -42.957935 -147.697715    1.654136 1 1
          186.200000  -43.112497 -147.653421    1.651136 1 1
          186.300000  -43.267059 -147.575906    1.656137 1 1
          186.400000  -43.390708 -147.509465    1.643138 1 1
          186.500000  -43.534966 -147.454097    1.630138 1 1
          186.600000  -43.689528 -147.376582    1.625139 1 1
          186.700000  -43.854394 -147.332288    1.631139 1 1
          186.800000  -43.978043 -147.287993    1.607139 1 1
          186.900000  -44.101693 -147.199405    1.592140 1 1
          187.000000  -44.245950 -147.166183    1.560140 1 1
          187.100000  -44.379904 -147.110815    1.556140 1 1
          187.200000  -44.555074 -147.077595    1.568140 1 1
          187.300000  -44.678723 -147.000080    1.565141 1 1
          187.400000  -44.812677 -146.922565    1.556142 1 1
          187.500000  -44.946630 -146.856124    1.560142 1 1
          187.600000  -45.090888 -146.822904    1.565142 1 1
          187.700000  -45.245450 -146.767536    1.569142 1 1
          187.800000  -45.379403 -146.701095    1.554143 1 1
          187.900000  -45.564878 -146.656800    1.556142 1 1
          188.000000  -45.729744 -146.623580    1.575142 1 1
          188.100000  -45.925522 -146.601433    1.591141 1 1
          188.200000  -46.100693 -146.568212    1.584141 1 1
          188.300000  -46.234646 -146.501771    1.604141 1 1
          188.400000  -46.389208 -146.446403    1.589141 1 1
          188.500000  -46.584987 -146.402109    1.612141 1 1
          188.600000  -46.729244 -146.357815    1.630141 1 1
          188.800000  -47.069280 -146.291373    1.611140 1 1
          188.900000  -47.275363 -146.269225    1.607139 1 1
          189.000000  -47.429925 -146.202785    1.623139 1 1
          189.100000  -47.574183 -146.169564    1.633139 1 1
          189.200000  -47.677224 -146.103123    1.621140 1 1
          189.300000  -47.831785 -146.036681    1.597140 1 1
          189.400000  -47.986347 -145.981313    1.595140 1 1
          189.500000  -48.171822 -145.925945    1.608140 1 1
          189.700000  -48.470641 -145.837356    1.568140 1 1
          189.800000  -48.656115 -145.804134    1.539139 1 1
          189.900000  -48.851893 -145.770913    1.535138 1 1
          190.000000  -49.037368 -145.726619    1.540138 1 1
          190.100000  -49.161017 -145.660178    1.528139 1 1
          190.200000  -49.315579 -145.604810    1.519139 1 1
          190.300000  -49.470140 -145.560515    1.501138 1 1
          190.400000  -49.614398 -145.505148    1.523139 1 1
          190.500000  -49.810177 -145.483000    1.524138 1 1
          190.600000  -49.933826 -145.416559    1.525138 1 1
          190.700000  -50.119300 -145.383338    1.512137 1 1
          190.800000  -50.294470 -145.372264    1.527136 1 1
          190.900000  -50.469641 -145.327970    1.534136 1 1
          191.000000  -50.644811 -145.250455    1.531136 1 1
          191.100000  -50.778764 -145.206160    1.518136 1 1
          191.200000  -50.902414 -145.139720    1.533137 1 1
          191.300000  -51.056976 -145.084352    1.551137 1 1
          191.400000  -51.201234 -145.028986    1.597137 1 1
          191.500000  -51.335187 -144.973618    1.609137 1 1
          191.600000  -51.448533 -144.907178    1.635138 1 1
          191.700000  -51.592790 -144.873957    1.641137 1 1
          191.800000  -51.737049 -144.829664    1.687137 1 1
          191.900000  -51.912219 -144.763223    1.712137 1 1
          192.000000  -52.015260 -144.674635    1.731139 1 1
          192.100000  -52.118301 -144.619268    1.744139 1 1
          192.200000  -52.262559 -144.530680    1.761140 1 1
          192.300000  -52.437729 -144.464239    1.770140 1 1
          192.400000  -52.623203 -144.397797    1.736140 1 1
          192.500000  -52.736548 -144.309209    1.738141 1 1
          192.600000  -52.942630 -144.253840    1.678140 1 1
          192.700000  -53.097192 -144.198472    1.695140 1 1
          192.800000  -53.272362 -144.132031    1.683140 1 1
          192.900000  -53.437227 -144.054515    1.662141 1 1
          193.000000  -53.550572 -143.932707    1.655143 1 1
          193.100000  -53.684526 -143.866265    1.626143 1 1
          193.200000  -53.808175 -143.755530    1.640145 1 1
          193.300000  -53.973041 -143.678015    1.633145 1 1
          193.400000  -54.065778 -143.578354    1.635146 1 1
          193.500000  -54.189427 -143.511913    1.626147 1 1
          193.600000  -54.333685 -143.445472    1.648147 1 0
          193.700000  -54.498550 -143.356884    1.645148 1 0
          193.800000  -54.622200 -143.257223    1.675149 1 0
          193.900000  -54.735545 -143.146488    1.665150 1 0
          194.000000  -54.828282 -143.046825    1.638152 1 1
          194.100000  -54.931323 -142.925018    1.657154 1 1
          194.200000  -55.054972 -142.803210    1.680155 1 1
          194.300000  -55.178621 -142.725695    1.669156 1 1
          194.400000  -55.261054 -142.581740    1.692159 1 0
          194.500000  -55.374399 -142.482078    1.690160 1 0
          194.600000  -55.467136 -142.371344    1.699162 1 0
          194.700000  -55.590785 -142.271683    1.733163 1 0
          194.800000  -55.662914 -142.083435    1.774166 1 0
          194.900000  -55.714433 -141.972698    1.693168 1 0
          195.000000  -55.807170 -141.884110    1.668169 1 0
          195.100000  -55.817475 -141.651570    1.802175 1 0
          195.200000  -55.961731 -141.551906    1.711176 1 0
          195.300000  -56.023556 -141.407952    1.747178 1 0
          195.400000  -56.167813 -141.308289    1.702179 1 0
          195.500000  -56.178117 -141.120041    1.724183 1 0
          195.600000  -56.239941 -140.987159    1.713186 1 0
          195.700000  -56.250245 -140.787838    1.760190 1 0
          195.800000  -56.270852 -140.632810    1.764193 1 0
          195.900000  -56.322372 -140.477780    1.718196 1 0
          196.000000  -56.353284 -140.333825    1.704199 1 0
          196.100000  -56.301764 -140.123433    1.866204 1 0
          196.200000  -56.291459 -139.946258    1.913208 1 0
          196.300000  -56.301763 -139.802303    1.887211 1 0
          196.400000  -56.353283 -139.658347    1.865214 1 0
          196.500000  -56.415107 -139.514392    1.855217 1 0
          196.600000  -56.466627 -139.370436    1.830219 1 0
          196.700000  -56.425410 -139.204335    1.847223 1 0
          196.800000  -56.384193 -139.049307    1.844227 1 0
          196.900000  -56.404800 -138.905350    1.766230 1 0
          197.000000  -56.373886 -138.761394    1.726234 1 1
          197.100000  -56.415103 -138.628513    1.733236 1 1
          197.200000  -56.373885 -138.473483    1.667240 1 1
          197.300000  -56.363580 -138.329528    1.660243 1 0
          197.400000  -56.373883 -138.174499    1.626246 1 0
          197.500000  -56.363579 -138.008398    1.659250 1 0
          197.600000  -56.291450 -137.831224    1.716255 1 0
          197.700000  -56.250233 -137.654049    1.725259 1 0
          197.800000  -56.260536 -137.554386    1.661261 1 0
          197.900000  -56.219319 -137.421505    1.666264 1 0
          198.000000  -56.198710 -137.277550    1.668267 1 1
          198.100000  -56.095669 -137.078231    1.762273 1 0
          198.200000  -56.064756 -136.934275    1.739276 1 0
          198.300000  -56.105972 -136.834612    1.662278 1 0
          198.400000  -56.116275 -136.690658    1.689281 1 0
          198.500000  -56.167795 -136.590994    1.566282 1 0
          198.600000  -56.136882 -136.413819    1.578287 1 0
          198.700000  -56.116273 -136.292010    1.532289 1 0
          198.800000  -56.095663 -136.181274    1.479292 1 0
          198.900000  -56.013230 -136.004100    1.510296 1 0
          199.000000  -55.982317 -135.860146    1.535300 1 0
          199.100000  -55.930796 -135.705118    1.537304 1 0
          199.200000  -55.920492 -135.561163    1.555307 1 0
          199.300000  -55.899883 -135.406135    1.560310 1 0
          199.400000  -55.848362 -135.262180    1.572314 1 0
          199.500000  -55.796842 -135.085008    1.707318 1 0
          199.600000  -55.817449 -134.985344    1.561320 1 0
          199.700000  -55.724712 -134.797098    1.694325 1 0
          199.800000  -55.714407 -134.686363    1.636327 1 0
          199.900000  -55.642278 -134.509190    1.739332 1 0
          200.000000  -55.518629 -134.298798    1.908337 1 0
          200.100000  -55.508324 -134.143769    1.874340 1 0
          200.200000  -55.498020 -133.999813    1.837344 1 0
          200.300000  -55.405284 -133.800496    2.050349 1 0
          200.400000  -55.353763 -133.645468    2.086352 1 0
          200.500000  -55.302242 -133.479368    2.141356 1 0
          200.600000  -55.230113 -133.313268    2.241360 1 0
          200.700000  -55.219809 -133.213608    2.257363 1 0
          200.800000  -55.116769 -133.047511    2.482367 1 0
          200.900000  -55.024033 -132.892486    2.658371 1 0
          201.000000  -55.054945 -132.803898    2.635373 1 0
          201.100000  -55.034336 -132.704238    2.671375 1 0
          201.200000  -54.920992 -132.527067    2.859380 1 0
          201.300000  -54.890080 -132.394188    2.984383 1 0
          201.400000  -54.838560 -132.261308    3.031386 1 0
          201.500000  -54.776734 -132.084133    3.062390 1 0
          201.600000  -54.714909 -131.951251    2.996393 1 0
          201.700000  -54.611868 -131.774078    3.089398 1 0
          201.800000  -54.539739 -131.630124    3.125401 1 0
          201.900000  -54.488218 -131.441877    3.207406 1 0
          202.000000  -54.405783 -131.231479    3.109411 1 1
          202.100000  -54.323350 -131.010010    3.099416 1 1
          202.200000  -54.240915 -130.810687    3.047421 1 1
          202.300000  -54.158482 -130.633513    3.097425 1 1
          202.400000  -54.117264 -130.478483    3.017429 1 1
          202.500000  -54.076047 -130.312380    2.971433 1 1
          202.700000  -53.962700 -129.991249    2.910440 1 1
          202.800000  -53.983307 -129.858366    2.838443 1 1
          202.900000  -53.993610 -129.714409    2.726446 1 1
          203.000000  -53.890568 -129.526161    2.737450 1 1
          203.100000  -53.839047 -129.360060    2.769454 1 1
          203.200000  -53.797830 -129.193957    2.736458 1 1
          203.300000  -53.766917 -129.038929    2.734461 1 1
          203.400000  -53.725700 -128.894974    2.719465 1 1
          203.500000  -53.705091 -128.739945    2.679468 1 1
          203.600000  -53.674177 -128.595989    2.649471 1 1
          203.700000  -53.622656 -128.463108    2.638474 1 1
          203.800000  -53.612352 -128.308079    2.623477 1 1
          203.900000  -53.591743 -128.130903    2.613481 1 1
          204.000000  -53.560829 -127.975875    2.589485 1 1
          204.100000  -53.571133 -127.809772    2.556488 1 1
          204.200000  -53.571132 -127.665817    2.559491 1 1
          204.300000  -53.560828 -127.510789    2.559494 1 1
          204.400000  -53.540219 -127.344687    2.553497 1 1
          204.500000  -53.488697 -127.178584    2.497501 1 1
          204.600000  -53.416568 -127.023556    2.481505 1 1
          204.700000  -53.395959 -126.879601    2.519508 1 1
          204.800000  -53.375350 -126.724572    2.486511 1 1
          204.900000  -53.344437 -126.558471    2.515515 1 1
          205.000000  -53.344437 -126.392369    2.519518 1 0
          205.100000  -53.323828 -126.204121    2.536522 1 0
          205.200000  -53.292916 -126.038020    2.589526 1 0
          205.300000  -53.231091 -125.894067    2.635529 1 0
          205.400000  -53.220787 -125.739040    2.715532 1 0
          205.500000  -53.169266 -125.595086    2.787535 1 0
          205.600000  -53.107442 -125.462208    2.924539 1 0
          205.700000  -53.066226 -125.307181    2.997542 1 0
          205.800000  -53.014705 -125.174301    3.049545 1 0
          205.900000  -52.983793 -125.008201    3.179549 1 0
          206.000000  -52.973489 -124.875320    3.169551 1 1
          206.100000  -52.921968 -124.731365    3.185554 1 1
          206.200000  -52.891055 -124.587411    3.227558 1 1
          206.300000  -52.860142 -124.432382    3.190561 1 1
          206.500000  -52.788013 -124.122327    3.246568 1 0
          206.700000  -52.674667 -123.812271    3.300575 1 0
          206.800000  -52.633450 -123.635096    3.292578 1 0
          206.900000  -52.612840 -123.480067    3.245582 1 0
          207.000000  -52.571623 -123.347185    3.241584 1 1
          207.100000  -52.530407 -123.203231    3.291588 1 1
          207.200000  -52.509798 -123.037128    3.240591 1 1
          207.300000  -52.478885 -122.882100    3.231594 1 1
          207.500000  -52.468579 -122.594190    3.214600 1 1
          207.600000  -52.437667 -122.439161    3.215603 1 1
          207.700000  -52.427362 -122.295207    3.221606 1 1
          207.800000  -52.447969 -122.129104    3.171609 1 1
          207.900000  -52.427361 -121.974075    3.173612 1 1
          208.000000  -52.406752 -121.819048    3.207615 1 1
          208.200000  -52.386143 -121.508991    3.215621 1 1
          208.300000  -52.344926 -121.342889    3.188625 1 1
          208.500000  -52.303708 -121.032832    3.195631 1 1
          208.700000  -52.262490 -120.689554    3.132638 1 1
          208.800000  -52.241881 -120.534525    3.125641 1 1
          208.900000  -52.241881 -120.379497    3.132644 1 1
          209.000000  -52.221272 -120.224469    3.160647 1 1
          209.100000  -52.180055 -120.058367    3.138651 1 1
          209.200000  -52.149142 -119.903338    3.114654 1 1
          209.300000  -52.128533 -119.748309    3.077657 1 1
          209.400000  -52.097620 -119.604354    3.075660 1 1
          209.500000  -52.066707 -119.449326    3.076663 1 1
          209.600000  -52.025490 -119.283224    3.058667 1 1
          209.700000  -52.004881 -119.128195    3.042670 1 1
          209.800000  -51.963664 -118.973166    3.017673 1 1
          209.900000  -51.922447 -118.818138    3.023676 1 0
          210.000000  -51.881230 -118.652037    3.058680 1 1
          210.100000  -51.850317 -118.485935    3.037683 1 1
          210.200000  -51.767884 -118.308760    3.036687 1 1
          210.300000  -51.736971 -118.153731    3.023690 1 1
          210.500000  -51.685449 -117.821527    3.008697 1 1
          210.700000  -51.613319 -117.500397    2.988703 1 1
          210.800000  -51.633926 -117.334295    2.986706 1 1
          210.900000  -51.613318 -117.212488    3.018709 1 0
          211.000000  -51.530885 -117.046387    3.064712 1 1
          211.100000  -51.479364 -116.880285    3.035716 1 1
          211.200000  -51.427842 -116.714182    2.989719 1 1
          211.300000  -51.366017 -116.581302    3.031722 1 1
          211.400000  -51.345409 -116.381980    3.048726 1 1
          211.500000  -51.283583 -116.215878    3.056730 1 1
          211.700000  -51.201149 -115.850454    3.039737 1 1
          211.800000  -51.139325 -115.684354    3.125740 1 1
          211.900000  -51.098107 -115.507178    3.119744 1 1
          212.000000  -51.025978 -115.374297    3.130747 1 1
          212.100000  -50.943545 -115.208195    3.115751 1 1
          212.200000  -50.892024 -115.053168    3.144754 1 1
          212.300000  -50.840503 -114.875993    3.195757 1 0
          212.400000  -50.788982 -114.720964    3.149761 1 0
          212.500000  -50.737460 -114.554862    3.122764 1 0
          212.600000  -50.727155 -114.388760    3.096767 1 0
          212.700000  -50.685939 -114.255880    3.172770 1 0
          212.800000  -50.644722 -114.067631    3.169774 1 0
          212.900000  -50.582897 -113.923676    3.144777 1 0
          213.000000  -50.541680 -113.779720    3.110780 1 1
          213.100000  -50.469550 -113.613619    3.129783 1 1
          213.200000  -50.428334 -113.447518    3.173786 1 1
          213.300000  -50.387116 -113.270342    3.142790 1 1
          213.400000  -50.345900 -113.126388    3.144793 1 1
          213.500000  -50.345899 -112.949212    3.137796 1 0
          213.600000  -50.273770 -112.783111    3.147800 1 0
          213.700000  -50.201641 -112.605936    3.173803 1 0
          213.800000  -50.181032 -112.473054    3.165806 1 0
          213.900000  -50.129510 -112.318025    3.122809 1 0
          214.000000  -50.067685 -112.174071    3.137812 1 1
          214.100000  -49.995556 -112.030117    3.183815 1 1
          214.200000  -49.944035 -111.830795    3.212819 1 0
          214.300000  -49.892514 -111.686840    3.159822 1 0
          214.400000  -49.871905 -111.542885    3.168825 1 0
          214.500000  -49.820384 -111.354636    3.142828 1 0
          214.600000  -49.779168 -111.210683    3.261831 1 0
          214.800000  -49.645214 -110.922773    3.256837 1 0
          214.900000  -49.593693 -110.767745    3.260840 1 0
          215.000000  -49.511259 -110.612717    3.285844 1 1
          215.100000  -49.449435 -110.435544    3.387847 1 1
          215.200000  -49.397914 -110.269442    3.364851 1 1
          215.300000  -49.377305 -110.114413    3.340853 1 0
          215.400000  -49.346392 -109.948311    3.306857 1 0
          215.500000  -49.315479 -109.793283    3.360859 1 0
          215.600000  -49.243350 -109.627182    3.392863 1 0
          215.700000  -49.212437 -109.505373    3.333865 1 0
          215.800000  -49.181524 -109.339271    3.282868 1 0
          215.900000  -49.109395 -109.195317    3.335871 1 0
          216.000000  -49.078482 -109.040289    3.348874 1 0
          216.100000  -49.006352 -108.885259    3.267877 1 0
          216.200000  -48.954832 -108.741305    3.309880 1 0
          216.300000  -48.923919 -108.586278    3.365883 1 0
          216.400000  -48.954831 -108.442322    3.335885 1 0
          216.500000  -48.913615 -108.298370    3.519888 1 0
          216.600000  -48.862094 -108.143341    3.473891 1 0
          216.800000  -48.717836 -107.844359    3.522897 1 0
          216.900000  -48.717836 -107.700404    3.538900 1 0
          217.000000  -48.625099 -107.523231    3.639904 1 1
          217.100000  -48.563273 -107.368201    3.554907 1 1
          217.200000  -48.542664 -107.213173    3.533910 1 1
          217.300000  -48.480839 -107.035998    3.544913 1 1
          217.400000  -48.460231 -106.858823    3.619916 1 0
          217.500000  -48.419014 -106.692721    3.600919 1 0
          217.700000  -48.377796 -106.349443    3.552925 1 0
          217.800000  -48.346884 -106.205490    3.626928 1 0
          217.900000  -48.295362 -105.995093    3.571932 1 0
          218.100000  -48.336577 -105.651816    3.574937 1 1
          218.200000  -48.388097 -105.485713    3.515940 1 0
          218.300000  -48.388097 -105.330685    3.532942 1 0
          218.500000  -48.377792 -105.031702    3.594947 1 0
          218.700000  -48.398399 -104.710571    3.546952 1 0
          218.800000  -48.315966 -104.511250    3.571956 1 0
          218.900000  -48.367485 -104.334073    3.533959 1 0
          219.000000  -48.388093 -104.145824    3.480962 1 1
          219.100000  -48.398395 -103.946499    3.336965 1 1
          219.200000  -48.419003 -103.758250    3.355968 1 1
          219.300000  -48.429307 -103.581077    3.474971 1 1
          219.500000  -48.449914 -103.271019    3.431976 1 0
          219.700000  -48.439609 -102.972037    3.478981 1 0
          219.900000  -48.460218 -102.706276    3.601985 1 0
          220.100000  -48.460218 -102.407294    3.709990 1 1
          220.300000  -48.470522 -102.086165    3.816995 1 1
          220.500000  -48.501433 -101.765035    3.831000 1 0
          220.700000  -48.491128 -101.421758    3.859005 1 0
          220.800000  -48.480824 -101.277804    3.940007 1 0
          220.900000  -48.552952 -101.111701    3.850010 1 0
          221.100000  -48.645688 -100.790570    3.845014 1 1
          221.300000  -48.686902 -100.469438    3.739019 1 1
          221.500000  -48.676597 -100.159381    3.761024 1 1
          221.700000 -48.686900 -99.838251   3.723029 1 0
          221.800000 -48.728116 -99.683221   3.692031 1 0
          221.900000 -48.820852 -99.517119   3.681033 1 0
          222.000000 -48.831156 -99.351018   3.722035 1 1
          222.200000 -48.934196 -99.052034   3.750039 1 1
          222.300000 -48.975412 -98.885932   3.700041 1 1
          222.500000 -49.099061 -98.553729   3.780046 1 0
          222.700000 -49.191797 -98.265818   3.787049 1 0
          222.900000 -49.222709 -97.977910   3.898054 1 0
          223.100000 -49.202100 -97.667853   3.895059 1 1
          223.200000 -49.129970 -97.501751   3.860062 1 1
          223.400000 -49.078450 -97.191696   3.971067 1 1
          223.600000 -49.016624 -96.881639   3.961072 1 1
          223.800000 -48.975407 -96.549436   3.998077 1 1
          224.000000 -48.923886 -96.228306   4.034083 1 1
          224.100000 -48.882668 -96.062204   4.014086 1 1
          224.300000 -48.810539 -95.763221   4.030091 1 1
          224.500000 -48.686888 -95.442090   3.980096 1 1
          224.700000 -48.594150 -95.109887   3.955102 1 1
          224.800000 -48.542630 -94.932713   4.076105 1 1
          224.900000 -48.460197 -94.755539   4.128108 1 1
          225.100000 -48.357155 -94.423335   4.095114 1 1
          225.300000 -48.212896 -94.080058   4.126120 1 1
          225.500000 -48.099550 -93.714635   4.127127 1 1
          225.700000 -48.006812 -93.360284   4.134133 1 1
          225.800000 -47.944988 -93.194184   4.234135 1 1
          225.900000 -47.872859 -93.005935   4.241139 1 1
          226.100000 -47.769817 -92.640512   4.258145 1 1
          226.300000 -47.697687 -92.297235   4.279150 1 1
          226.500000 -47.635862 -91.965032   4.317156 1 1
          226.700000 -47.594645 -91.699270   4.402160 1 1
          226.900000 -47.481299 -91.389214   4.413165 1 1
          227.100000 -47.378257 -91.090231   4.427170 1 1
          227.300000 -47.295824 -90.769101   4.460175 1 1
          227.500000 -47.223694 -90.447971   4.437181 1 1
          227.700000 -47.120652 -90.115767   4.474186 1 1
          227.900000 -46.986697 -89.772490   4.410192 1 1
          228.100000 -46.873352 -89.473507   4.446197 1 1
          228.300000 -46.801222 -89.152377   4.454202 1 1
          228.500000 -46.687876 -88.820173   4.423207 1 1
          228.700000 -46.564225 -88.565483   4.372212 1 1
          228.900000 -46.409662 -88.266499   4.307217 1 1
          229.100000 -46.244797 -87.989664   4.391222 1 1
          229.300000 -46.162362 -87.657460   4.341227 1 1
          229.500000 -46.059321 -87.303110   4.366233 1 1
          229.700000 -45.945975 -86.959833   4.393239 1 1
          229.900000 -45.832628 -86.627629   4.373244 1 1
          230.100000 -45.750195 -86.306500   4.410249 1 1
          230.300000 -45.698673 -85.952148   4.350254 1 1
          230.500000 -45.636848 -85.631019   4.385259 1 1
          230.700000 -45.533805 -85.320961   4.326264 1 1
          230.900000 -45.410155 -84.977684   4.326269 1 1
          231.100000 -45.307113 -84.645481   4.328275 1 1
          231.300000 -45.234984 -84.291130   4.319280 1 1
          231.500000 -45.142247 -83.970001   4.432285 1 1
          231.700000 -45.018597 -83.659945   4.422290 1 1
          231.900000 -44.915555 -83.338815   4.456295 1 1
          232.100000 -44.853729 -83.061978   4.414299 1 1
          232.300000 -44.812512 -82.751921   4.385303 1 1
          232.500000 -44.730078 -82.441864   4.402308 1 1
          232.700000 -44.657948 -82.120733   4.327312 1 1
          232.900000 -44.554907 -81.799604   4.415317 1 1
          233.000000 -44.523994 -81.655649   4.355319 1 1
          233.100000 -44.493080 -81.511693   4.274321 1 1
          233.300000 -44.451863 -81.190563   4.326326 1 1
          233.500000 -44.348822 -80.913726   4.299330 1 1
          233.700000 -44.225172 -80.636890   4.319334 1 1
          233.900000 -44.122130 -80.348980   4.294339 1 1
          234.100000 -44.050000 -80.038923   4.251343 1 1
          234.200000 -44.019088 -79.883896   4.311345 1 1
          234.400000 -43.926350 -79.584911   4.243350 1 1
          234.600000 -43.833612 -79.274854   4.193354 1 1
          234.800000 -43.761482 -78.953724   4.197359 1 1
          234.900000 -43.720265 -78.809769   4.190361 1 1
          235.000000 -43.699656 -78.665814   4.158363 1 1
          235.200000 -43.617223 -78.344685   4.242367 1 1
          235.400000 -43.555398 -78.056775   4.240371 1 1
          235.600000 -43.462660 -77.713498   4.227376 1 1
          235.800000 -43.421442 -77.392366   4.150380 1 1
          236.000000 -43.400833 -77.071235   4.066384 1 1
          236.100000 -43.349313 -76.905135   4.228387 1 1
          236.300000 -43.287487 -76.617225   4.186391 1 1
          236.500000 -43.225661 -76.307168   4.149395 1 1
          236.600000 -43.194749 -76.118919   4.149397 1 1
          236.700000 -43.153532 -75.952817   4.128399 1 1
          236.800000 -43.132923 -75.786714   4.094402 1 1
          237.000000 -43.122617 -75.454510   4.044406 1 1
          237.200000 -43.081400 -75.133379   4.009410 1 1
          237.300000 -43.050487 -74.956203   3.953412 1 1
          237.500000 -43.019574 -74.612926   3.964416 1 1
          237.700000 -42.978356 -74.291795   3.903420 1 1
          237.900000 -42.968051 -73.959591   3.867424 1 1
          238.100000 -42.926834 -73.638461   3.893428 1 1
          238.300000 -42.865008 -73.306257   3.826433 1 1
          238.500000 -42.834095 -72.962981   3.946437 1 1
          238.700000 -42.792878 -72.652924   3.904441 1 1
          238.900000 -42.772269 -72.342867   3.960444 1 1
          239.100000 -42.731052 -72.054957   3.910448 1 1
          239.300000 -42.679530 -71.744900   3.902452 1 1
          239.500000 -42.617705 -71.434843   3.910456 1 1
          239.700000 -42.576488 -71.135860   3.879459 1 1
          239.900000 -42.504358 -70.814730   3.890463 1 1
          240.100000 -42.452837 -70.526819   3.813467 1 1
          240.300000 -42.401315 -70.216762   3.810471 1 1
          240.500000 -42.318882 -69.884558   3.798475 1 1
          240.700000 -41.917008 -69.640921   1.747480 1 2
          240.900000 -41.855183 -69.330865   1.780484 1 2
          241.100000 -41.772749 -69.020808   1.751488 1 2
          241.300000 -41.680012 -68.710751   1.751492 1 2
          241.500000 -41.576970 -68.422841   1.717496 1 2
          241.700000 -41.515145 -68.112785   1.728499 1 2
          241.900000 -41.484232 -67.847022   1.739502 1 2
          242.100000 -41.360582 -67.536965   1.723507 1 2
          242.300000 -41.288453 -67.293350   1.824510 1 2
          242.500000 -41.257541 -67.138322   1.807511 1 1
          242.700000 -41.206020 -66.950073   1.823514 1 1
          242.800000 -41.154499 -66.772898   1.813516 1 1
          242.900000 -41.195715 -66.673237   1.793517 1 1
          243.000000 -41.164802 -66.562502   1.793518 1 0
          243.100000 -41.113282 -66.429621   1.786520 1 0
          243.200000 -41.051457 -66.363180   1.805521 1 0
          243.300000 -41.020545 -66.252446   1.839522 1 0
          243.400000 -41.020544 -66.108491   1.839524 1 0
          243.500000 -41.041152 -66.030977   1.872524 1 0
          243.600000 -41.113281 -65.953463   1.869525 1 0
          243.700000 -41.154498 -65.920244   2.013525 1 0
          243.800000 -41.216322 -65.887023   2.014525 1 0
          243.900000 -41.154498 -65.776290   2.085526 1 0
          244.000000 -41.175106 -65.643408   2.082528 1 0
          244.100000 -41.113281 -65.510527   2.070529 1 0
          244.200000 -41.236930 -65.521600   2.116528 1 0
          244.300000 -41.144193 -65.377645   2.034531 1 0
          244.400000 -41.082367 -65.211542   1.899533 1 1
          244.500000 -41.133887 -65.001146   1.951534 1 0
          244.600000 -41.133886 -64.879337   1.870536 1 0
          244.700000 -41.133886 -64.757529   1.867537 1 0
          244.800000 -41.113277 -64.635721   1.842538 1 0
          244.900000 -41.216318 -64.624647   1.809538 1 0
          245.000000 -41.319358 -64.635720   1.781537 1 0
          245.100000 -41.319358 -64.558205   1.715538 1 0
          245.200000 -41.339965 -64.480690   1.666538 1 0
          245.300000 -41.247229 -64.358883   1.706540 1 0
          245.400000 -41.226620 -64.325663   1.706541 1 1
          245.500000 -41.164795 -64.203854   1.676542 1 1
          245.600000 -41.123578 -64.059899   1.594544 1 1
          245.700000 -41.061753 -63.927017   1.519546 1 0
          245.800000 -41.030840 -63.816282   1.464547 1 0
          245.900000 -40.979319 -63.672326   1.419549 1 0
          246.000000 -40.927798 -63.506225   1.442551 1 0
          246.100000 -40.938102 -63.329050   1.507553 1 0
          246.300000 -40.896885 -62.985773   1.476556 1 0
          246.500000 -40.855668 -62.631423   1.539560 1 1
          246.700000 -40.783539 -62.310293   1.555564 1 1
          246.800000 -40.721713 -62.177410   1.424565 1 1
          246.900000 -40.670192 -62.000235   1.420567 1 1
          247.000000 -40.649584 -61.811987   1.507569 1 1
          247.100000 -40.608367 -61.656959   1.503571 1 1
          247.200000 -40.577455 -61.513004   1.480573 1 1
          247.300000 -40.556846 -61.346902   1.432575 1 1
          247.400000 -40.556845 -61.169727   1.469576 1 1
          247.600000 -40.464108 -60.870743   1.440580 1 1
          247.700000 -40.422891 -60.715715   1.398581 1 1
          247.800000 -40.381674 -60.538540   1.408583 1 1
          247.900000 -40.340458 -60.383512   1.449585 1 1
          248.000000 -40.319849 -60.206337   1.496587 1 1
          248.100000 -40.278633 -60.051308   1.486589 1 1
          248.200000 -40.227112 -59.907353   1.437590 1 1
          248.300000 -40.216807 -59.741251   1.451592 1 1
          248.400000 -40.196199 -59.564077   1.524594 1 1
          248.500000 -40.154982 -59.397975   1.522596 1 1
          248.700000 -40.051940 -59.076845   1.488599 1 1
          248.800000 -40.010724 -58.932890   1.456601 1 1
          248.900000 -39.969507 -58.777862   1.477603 1 1
          249.000000 -39.938594 -58.600686   1.475604 1 1
          249.100000 -39.907681 -58.445658   1.447606 1 1
          249.200000 -39.876769 -58.257409   1.424608 1 1
          249.300000 -39.856160 -58.102381   1.435609 1 1
          249.500000 -39.011221 -55.743738   1.612636 1 2
          249.700000 -38.949396 -55.422607   1.553639 1 2
          249.900000 -38.877266 -55.079330   1.561642 1 2
          250.100000 -38.856657 -54.736053   1.546646 1 2
          250.200000 -38.856657 -54.569951   1.526647 1 2
          250.300000 -38.836048 -54.392776   1.557649 1 2
          250.500000 -38.794831 -54.060572   1.557652 1 2
          250.700000 -38.753614 -53.717295   1.542655 1 2
          250.800000 -38.733005 -53.540120   1.553657 1 2
          250.900000 -38.712397 -53.385092   1.539658 1 2
          251.000000 -38.722700 -53.207916   1.533659 1 2
          251.100000 -38.733004 -53.030741   1.533661 1 2
          251.200000 -38.743308 -52.853566   1.543662 1 2
          251.300000 -38.712395 -52.687464   1.538664 1 2
          251.500000 -38.681482 -52.366333   1.508667 1 2
          251.700000 -38.629961 -52.034130   1.546670 1 2
          251.900000 -38.629960 -51.701926   1.509672 1 2
          252.000000 -38.629959 -51.524751   1.497674 1 2
          252.100000 -38.629959 -51.358649   1.501675 1 2
          252.200000 -38.609350 -51.181474   1.517677 1 2
          252.300000 -38.588742 -51.004298   1.534678 1 2
          252.500000 -38.526917 -50.672095   1.507681 1 2
          252.700000 -38.496004 -50.328818   1.539684 1 2
          252.800000 -38.475395 -50.173789   1.535686 1 2
          252.900000 -38.465090 -50.007687   1.503687 1 2
          253.000000 -38.454786 -49.841585   1.490688 1 2
          253.100000 -38.413569 -49.664410   1.512690 1 2
          253.200000 -38.392961 -49.509382   1.531691 1 2
          253.300000 -38.351744 -49.365427   1.513693 1 2
          253.500000 -38.269311 -49.033224   1.528696 1 2
          253.700000 -38.217790 -48.701020   1.543699 1 2
          253.800000 -38.207485 -48.534918   1.545700 1 2
          253.900000 -38.197181 -48.379890   1.523701 1 2
          254.000000 -38.176572 -48.213788   1.532703 1 2
          254.100000 -38.145660 -48.047687   1.559704 1 2
          254.200000 -38.104443 -47.892658   1.557705 1 2
          254.300000 -38.073530 -47.737630   1.531707 1 2
          254.500000 -37.991097 -47.405426   1.546710 1 2
          254.600000 -37.960185 -47.250398   1.549711 1 2
          254.800000 -37.939576 -46.918194   1.525714 1 2
          254.900000 -37.918967 -46.763166   1.529715 1 2
          255.000000 -37.888055 -46.608138   1.555716 1 2
          255.100000 -37.846838 -46.453109   1.557718 1 2
          255.200000 -37.826229 -46.298081   1.548719 1 2
          255.300000 -37.785013 -46.143053   1.544720 1 2
          255.500000 -37.712884 -45.832996   1.571723 1 2
          255.600000 -37.681971 -45.666894   1.570724 1 2
          255.800000 -37.651058 -45.345764   1.536727 1 2
          255.900000 -37.620145 -45.190736   1.554728 1 2
          256.000000 -37.578929 -45.035708   1.566730 1 2
          256.100000 -37.558320 -44.880679   1.553731 1 2
          256.200000 -37.527408 -44.725651   1.525732 1 2
          256.300000 -37.475887 -44.559549   1.531733 1 2
          256.500000 -37.414062 -44.249492   1.547736 1 2
          256.600000 -37.393453 -44.072317   1.546737 1 2
          256.800000 -37.352236 -43.762261   1.563740 1 2
          256.900000 -37.311020 -43.596159   1.601741 1 2
          257.000000 -37.269803 -43.452204   1.598742 1 2
          257.100000 -37.238891 -43.286102   1.568744 1 2
          257.200000 -37.187370 -43.153221   1.548745 1 2
          257.300000 -37.146153 -42.998193   1.576746 1 2
          257.400000 -37.094633 -42.832091   1.590748 1 2
          257.500000 -37.063720 -42.677063   1.584749 1 2
          257.700000 -37.012199 -42.333785   1.571751 1 2
          257.800000 -36.970982 -42.167684   1.589753 1 2
          257.900000 -36.919462 -42.012655   1.592754 1 2
          258.000000 -36.888549 -41.868700   1.572755 1 2
          258.100000 -36.847332 -41.702599   1.562757 1 2
          258.200000 -36.785508 -41.547570   1.565758 1 2
          258.300000 -36.733987 -41.392542   1.578759 1 2
          258.500000 -36.682466 -41.060339   1.604762 1 2
          258.600000 -36.651553 -40.916384   1.604763 1 2
          258.700000 -36.620641 -40.750282   1.638764 1 2
          258.800000 -36.569121 -40.606328   1.664765 1 2
          259.000000 -36.486687 -40.296271   1.656768 1 2
          259.100000 -36.424863 -40.152316   1.659769 1 2
          259.200000 -36.383646 -39.997288   1.676770 1 2
          259.300000 -36.332126 -39.842260   1.701771 1 2
          259.400000 -36.301213 -39.698305   1.696773 1 2
          259.500000 -36.270300 -39.543276   1.673774 1 2
          259.600000 -36.249692 -39.388248   1.678775 1 2
          259.700000 -36.208475 -39.233220   1.700776 1 2
          259.800000 -36.156955 -39.078192   1.699777 1 2
          259.900000 -36.105434 -38.923163   1.678778 1 2
          260.000000 -36.033305 -38.779208   1.656780 1 2
          260.100000 -35.981784 -38.613107   1.666781 1 2
          260.200000 -35.930264 -38.447005   1.665782 1 2
          260.300000 -35.868439 -38.303050   1.667784 1 2
          260.400000 -35.847830 -38.136948   1.650785 1 2
          260.500000 -35.816918 -37.970846   1.636786 1 2
          260.700000 -35.724181 -37.649716   1.657788 1 2
          260.800000 -35.672660 -37.516835   1.656789 1 2
          260.900000 -35.610835 -37.361807   1.636791 1 2
          261.000000 -35.559314 -37.206778   1.633792 1 2
          261.100000 -35.497490 -37.040677   1.635793 1 2
          261.200000 -35.456273 -36.885648   1.632794 1 2
          261.300000 -35.425360 -36.719546   1.614795 1 2
          261.500000 -35.353231 -36.398416   1.589798 1 2
          261.700000 -35.239886 -36.077286   1.604800 1 2
          261.800000 -35.178061 -35.933331   1.594801 1 2
          261.900000 -35.116236 -35.789376   1.588802 1 2
          262.000000 -35.075020 -35.623275   1.615804 1 2
          262.100000 -35.033803 -35.468247   1.638805 1 2
          262.200000 -35.002891 -35.324292   1.635806 1 2
          262.300000 -34.971978 -35.169263   1.625807 1 2
          262.500000 -34.920457 -34.859207   1.651809 1 2
          262.700000 -34.827720 -34.560224   1.647811 1 2
          262.800000 -34.796808 -34.405195   1.622812 1 2
          262.900000 -34.734983 -34.261240   1.618813 1 2
          263.000000 -34.693767 -34.106212   1.657814 1 2
          263.100000 -34.652550 -33.951184   1.656815 1 2
          263.200000 -34.642245 -33.796155   1.632816 1 2
          263.300000 -34.621637 -33.641127   1.604817 1 2
          263.400000 -34.611332 -33.486098   1.582818 1 2
          263.500000 -34.590724 -33.308923   1.610819 1 2
          263.600000 -34.559811 -33.153895   1.614820 1 2
          263.800000 -34.497986 -32.843838   1.611822 1 2
          263.900000 -34.487682 -32.666663   1.626823 1 2
          264.000000 -34.477378 -32.489488   1.651824 1 2
          264.100000 -34.487681 -32.345533   1.653824 1 2
          264.200000 -34.487681 -32.179431   1.660825 1 2
          264.300000 -34.518593 -32.024402   1.655826 1 2
          264.400000 -34.518592 -31.847227   1.649827 1 2
          264.500000 -34.518592 -31.670052   1.672828 1 2
          264.600000 -34.508288 -31.515023   1.639828 1 2
          264.700000 -34.508287 -31.348921   1.625829 1 2
          264.800000 -34.487679 -31.182820   1.615830 1 2
          264.900000 -34.487678 -30.994571   1.652831 1 2
          265.000000 -34.487678 -30.828469   1.667832 1 2
          265.100000 -34.497982 -30.673441   1.644833 1 2
          265.200000 -34.528893 -30.496265   1.628833 1 2
          265.300000 -34.570109 -30.319090   1.612834 1 2
          265.400000 -34.570109 -30.152988   1.634835 1 2
          265.500000 -34.570109 -30.020106   1.653835 1 2
          265.700000 -34.570108 -29.698976   1.654837 1 2
          265.800000 -34.590716 -29.521801   1.660838 1 2
          265.900000 -34.611323 -29.344625   1.662838 1 2
          266.000000 -34.631931 -29.200670   1.660839 1 2
          266.100000 -34.642235 -29.045642   1.646839 1 2
          266.200000 -34.662843 -28.879540   1.623840 1 2
          266.300000 -34.683450 -28.713438   1.617841 1 2
          266.400000 -34.693754 -28.547336   1.645841 1 2
          266.500000 -34.704058 -28.392308   1.634842 1 2
          266.700000 -34.704057 -28.071177   1.624844 1 2
          266.800000 -34.704057 -27.894002   1.643844 1 2
          266.900000 -34.704056 -27.738974   1.672845 1 2
          267.000000 -34.704056 -27.583946   1.685846 1 2
          267.100000 -34.714360 -27.417844   1.666846 1 2
          267.200000 -34.734967 -27.251742   1.653847 1 2
          267.300000 -34.734967 -27.074566   1.665848 1 2
          267.400000 -34.714359 -26.908465   1.682849 1 2
          267.500000 -34.693750 -26.742363   1.710849 1 2
          267.700000 -34.631925 -26.443380   1.726851 1 2
          267.800000 -34.601013 -26.288351   1.745852 1 2
          267.900000 -34.570101 -26.122250   1.753853 1 2
          268.000000 -34.559796 -25.978295   1.703853 1 2
          268.100000 -34.549491 -25.823266   1.679854 1 2
          268.200000 -34.539187 -25.646091   1.687855 1 2
          268.300000 -34.508274 -25.479989   1.684856 1 2
          268.400000 -34.477362 -25.347107   1.669856 1 2
          268.500000 -34.446449 -25.192079   1.651857 1 2
          268.600000 -34.394929 -25.014904   1.637858 1 2
          268.700000 -34.364016 -24.837729   1.658859 1 2
          268.800000 -34.333104 -24.682700   1.660860 1 2
          268.900000 -34.312495 -24.527672   1.659860 1 2
          269.000000 -34.291887 -24.350497   1.653861 1 2
          269.100000 -34.271278 -24.195468   1.669862 1 2
          269.200000 -34.240366 -24.018293   1.707863 1 2
          269.300000 -34.199150 -23.863265   1.723863 1 2
          269.500000 -34.065196 -23.564282   1.724865 1 2
          269.700000 -33.993067 -23.221005   1.755867 1 2
          269.800000 -33.972459 -23.065976   1.722868 1 2
          269.900000 -33.941546 -22.910948   1.661868 1 2
          270.000000 -33.920937 -22.744846   1.641869 1 2
          270.100000 -33.859113 -22.578744   1.647870 1 2
          270.200000 -33.817896 -22.423716   1.652871 1 2
          270.300000 -33.745767 -22.268688   1.639872 1 2
          270.500000 -33.591206 -21.969705   1.640874 1 2
          270.600000 -33.519077 -21.803603   1.694875 1 2
          270.800000 -33.426340 -21.493546   1.702876 1 2
          270.900000 -33.395428 -21.327445   1.680877 1 2
          271.000000 -33.354211 -21.150269   1.695878 1 2
          271.100000 -33.282083 -20.995241   1.697878 1 2
          271.200000 -33.220258 -20.851286   1.701879 1 2
          271.300000 -33.168737 -20.685184   1.665880 1 2
          271.500000 -33.034784 -20.364055   1.717882 1 2
          271.600000 -32.972960 -20.220100   1.721883 1 2
          271.800000 -32.859614 -19.910043   1.704884 1 2
          272.000000 -32.735965 -19.577840   1.730886 1 2
          272.100000 -32.674140 -19.433885   1.716887 1 2
          272.200000 -32.602012 -19.278857   1.697887 1 2
          272.300000 -32.529883 -19.123828   1.659888 1 2
          272.500000 -32.406234 -18.813772   1.671890 1 2
          272.700000 -32.323800 -18.492641   1.618891 1 2
          272.800000 -32.272280 -18.337613   1.610892 1 2
          273.000000 -32.148631 -18.038630   1.640893 1 2
          273.200000 -32.024982 -17.728574   1.654895 1 2
          273.300000 -31.963157 -17.562472   1.649896 1 2
          273.500000 -31.849812 -17.274562   1.631897 1 2
          273.600000 -31.798291 -17.119534   1.610898 1 2
          273.700000 -31.767378 -16.953432   1.585898 1 2
          273.800000 -31.726162 -16.787330   1.606899 1 2
          274.000000 -31.581905 -16.499420   1.613900 1 2
          274.100000 -31.550992 -16.322245   1.615901 1 2
          274.200000 -31.520080 -16.133997   1.621902 1 2
          274.300000 -31.447951 -15.967895   1.618902 1 2
          274.500000 -31.303694 -15.668912   1.670904 1 2
          274.700000 -31.252173 -15.325635   1.673905 1 2
          274.900000 -31.128524 -15.037725   1.661906 1 2
          275.100000 -30.994571 -14.727669   1.666908 1 2
          275.200000 -30.932746 -14.550493   1.697908 1 2
          275.300000 -30.891530 -14.384392   1.723909 1 2
          275.500000 -30.788489 -14.085408   1.698910 1 2
          275.700000 -30.695752 -13.742131   1.709911 1 2
          275.800000 -30.613319 -13.609250   1.697912 1 2
          275.900000 -30.541190 -13.443148   1.692913 1 2
          276.000000 -30.479366 -13.299193   1.658913 1 2
          276.100000 -30.396933 -13.133092   1.673914 1 2
          276.200000 -30.335108 -12.978063   1.675915 1 2
          276.300000 -30.293892 -12.823035   1.678915 1 2
          276.500000 -30.190851 -12.501905   1.679916 1 2
          276.700000 -30.067202 -12.191848   1.660917 1 2
          276.800000 -30.005377 -12.047894   1.620918 1 2
          276.900000 -29.922944 -11.915012   1.607919 1 2
          277.000000 -29.850816 -11.771057   1.613919 1 2
          277.100000 -29.768383 -11.616029   1.595920 1 2
          277.200000 -29.706558 -11.461001   1.604921 1 2
          277.300000 -29.665342 -11.305972   1.574921 1 2
          277.500000 -29.593213 -10.962695   1.632922 1 2
          277.700000 -29.438652 -10.685859   1.639923 1 2
          277.800000 -29.376827 -10.519757   1.622924 1 2
          277.900000 -29.304699 -10.353656   1.643924 1 2
          278.000000 -29.253178 -10.209701   1.647925 1 2
          278.100000 -29.181050 -10.054673   1.665925 1 2
          278.200000 -29.129529  -9.899644   1.657926 1 2
          278.300000 -29.088313  -9.744616   1.646926 1 2
          278.500000 -28.974968  -9.423486   1.701927 1 2
          278.700000 -28.871927  -9.102356   1.686928 1 2
          278.900000 -28.758582  -8.792299   1.683929 1 2
          279.000000 -28.717365  -8.637271   1.675930 1 2
          279.100000 -28.676149  -8.493316   1.670930 1 2
          279.200000 -28.665844  -8.327214   1.642930 1 2
          279.300000 -28.624628  -8.161112   1.656931 1 2
          279.500000 -28.552499  -7.839982   1.682931 1 2
          279.600000 -28.470067  -7.707101   1.685932 1 2
          279.800000 -28.367026  -7.408118   1.679933 1 2
          279.900000 -28.315505  -7.253089   1.695933 1 2
          280.000000 -28.263985  -7.109135   1.675933 1 2
          280.100000 -28.222768  -6.954106   1.664934 1 2
          280.200000 -28.181552  -6.799078   1.656934 1 2
          280.300000 -28.130031  -6.644050   1.672935 1 2
          280.500000 -27.985774  -6.378287   1.648935 1 2
          280.700000 -27.820909  -6.101451   1.648936 1 2
          280.800000 -27.738477  -5.968569   1.686937 1 2
          280.900000 -27.676652  -5.824614   1.684937 1 2
          281.000000 -27.614828  -5.680660   1.668938 1 2
          281.100000 -27.553003  -5.525631   1.656938 1 2
          281.200000 -27.511787  -5.381676   1.670938 1 2
          281.300000 -27.439658  -5.226648   1.696939 1 2
          281.500000 -27.336617  -4.927665   1.710940 1 2
          281.700000 -27.202664  -4.628682   1.717940 1 2
          281.800000 -27.151144  -4.462580   1.715941 1 2
          281.900000 -27.120231  -4.318625   1.695941 1 2
          282.000000 -27.089319  -4.163597   1.682941 1 2
          282.100000 -27.058407  -4.008568   1.666941 1 2
          282.300000 -26.975974  -3.676365   1.683942 1 2
          282.500000 -26.893541  -3.366308   1.667942 1 2
          282.700000 -26.769892  -3.045178   1.723943 1 2
          282.900000 -26.656547  -2.757268   1.717944 1 2
          283.100000 -26.543202  -2.458285   1.694944 1 2
          283.200000 -26.450466  -2.314330   1.722945 1 2
          283.400000 -26.295904  -2.048568   1.677945 1 2
          283.600000 -26.089823  -1.804952   1.646946 1 2
          283.800000 -25.914654  -1.528116   1.680947 1 2
          284.000000 -25.770397  -1.251279   1.662948 1 2
          284.100000 -25.677661  -1.107325   1.687948 1 2
          284.200000 -25.574620  -0.985517   1.707949 1 2
          284.300000 -25.502492  -0.863709   1.703949 1 2
          284.500000 -25.306714  -0.631167   1.664950 1 2
          284.700000 -25.162458  -0.343257   1.714950 1 2
          284.900000 -25.049113  -0.055347   1.668951 1 2
          285.100000 -24.915160   0.232563   1.707951 1 2
          285.300000 -24.750295   0.487252   1.707952 1 2
          285.500000 -24.564822   0.753015   1.679953 1 2
          285.700000 -24.399957   1.007704   1.697953 1 2
          285.900000 -24.255700   1.295614   1.664954 1 2
          286.100000 -24.080531   1.572450   1.706954 1 2
          286.300000 -23.895058   1.816066   1.661955 1 2
          286.500000 -23.658064   2.048608   1.655956 1 2
          286.700000 -23.451983   2.281150   1.630956 1 2
          286.900000 -23.225294   2.502619   1.597957 1 2
          287.100000 -22.988301   2.701941   1.627958 1 2
          287.300000 -22.720396   2.868042   1.597959 1 2
          287.500000 -22.431883   3.034144   1.643960 1 2
          287.700000 -22.163978   3.200245   1.628961 1 2
          287.900000 -21.865160   3.377420   1.632962 1 2
          288.100000 -21.566343   3.499228   1.622963 1 2
          288.300000 -21.246918   3.598888   1.599964 1 2
          288.500000 -20.906885   3.720696   1.654965 1 2
          288.700000 -20.608068   3.842504   1.616966 1 2
          288.900000 -20.278338   3.953238   1.639967 1 2
          289.100000 -19.969217   4.019678   1.629967 1 2
          289.300000 -19.629184   4.075045   1.621969 1 2
          289.500000 -19.309759   4.163632   1.634969 1 2
          289.700000 -19.000638   4.274366   1.614970 1 2
          289.900000 -18.670909   4.362954   1.667971 1 2
          290.100000 -18.351484   4.407247   1.636972 1 2
          290.300000 -18.032058   4.451541   1.654973 1 2
          290.500000 -17.702329   4.529055   1.655974 1 2
          290.700000 -17.351992   4.595495   1.654975 1 2
          290.900000 -17.011959   4.650862   1.641976 1 2
          291.100000 -16.682230   4.684082   1.613976 1 2
          291.300000 -16.342197   4.739449   1.663977 1 2
          291.500000 -16.022772   4.828036   1.652978 1 2
          291.700000 -15.682738   4.905550   1.686979 1 2
          291.900000 -15.363313   4.949843   1.656980 1 2
          292.100000 -15.012976   4.971990   1.665980 1 2
          292.300000 -14.683247   5.027357   1.659981 1 2
          292.500000 -14.343214   5.104871   1.644982 1 2
          292.700000 -14.013485   5.149164   1.672983 1 2
          292.900000 -13.673452   5.171311   1.640983 1 2
          293.100000 -13.333419   5.204531   1.651984 1 2
          293.300000 -13.003689   5.259898   1.626985 1 2
          293.500000 -12.684264   5.326339   1.627985 1 2
          293.700000 -12.354535   5.370632   1.618986 1 2
          293.900000 -12.014502   5.370632   1.585986 1 2
          294.100000 -11.653861   5.425999   1.600987 1 2
          294.300000 -11.313828   5.525660   1.585988 1 2
          294.500000 -10.963491   5.614247   1.634988 1 2
          294.700000 -10.633762   5.669614   1.596989 1 2
          294.900000 -10.283424   5.747128   1.629989 1 2
          295.100000 -9.953695  5.846789  1.603990 1 2
          295.300000 -9.613662  5.968597  1.599990 1 2
          295.500000 -9.304541  6.035038  1.616990 1 2
          295.700000 -9.005724  6.112552  1.596991 1 2
          295.900000 -8.665691  6.190066  1.648991 1 2
          296.100000 -8.356570  6.289727  1.620991 1 2
          296.300000 -8.047449  6.433681  1.638992 1 2
          296.500000 -7.738328  6.533342  1.624992 1 2
          296.700000 -7.429207  6.621930  1.590992 1 2
          296.800000 -7.264342  6.677297  1.629992 1 2
          297.000000 -6.965525  6.810178  1.608993 1 2
          297.200000 -6.666709  6.954133  1.624993 1 2
          297.400000 -6.347283  7.064868  1.629993 1 2
          297.600000 -6.007250  7.175602  1.658993 1 2
          297.800000 -5.687825  7.275263  1.674993 1 2
          298.000000 -5.347792  7.408145  1.663993 1 2
          298.200000 -5.038671  7.518879  1.703994 1 2
          298.400000 -4.688334  7.618540  1.788994 1 2
          298.600000 -4.358605  7.729275  1.883994 1 2
          298.800000 -4.028876  7.840009  1.937994 1 2
          299.000000 -3.709451  7.961817  1.939994 1 2
          299.200000 -3.390026  8.039332  2.000994 1 2
          299.400000 -3.060297  8.072552  2.004994 1 2
          299.600000 -2.771784  8.127919  2.028994 1 2
          299.800000 -2.452359  8.194360  2.004994 1 2
          300.000000 -2.132934  8.238653  1.889994 1 2
          300.200000 -1.823814  8.282947  1.779994 1 2
          300.400000 -1.463172  8.316167  1.703994 1 2
          300.600000 -1.164355  8.349388  1.698994 1 2
          300.800000 -0.855235  8.404755  1.689994 1 2
          301.000000 -0.525506  8.471196  1.745994 1 2
          301.200000 -0.206081  8.559783  1.803994 1 2
          301.400000 0.082432 8.615151 1.791994 1 2
          301.600000 0.370945 8.659445 1.796994 1 2
          301.800000 0.690370 8.681591 1.759994 1 2
          302.000000 0.989187 8.725885 1.773994 1 2
          302.200000 1.298308 8.725885 1.792994 1 2
          302.300000 1.452868 8.736959 1.791994 1 2
          302.500000 1.741381 8.759106 1.807994 1 2
          302.700000 2.050502 8.814473 1.788994 1 2
          302.900000 2.339015 8.903061 1.775993 1 2
          303.100000 2.648136 9.024869 1.780993 1 2
          303.200000 2.813000 9.047016 1.778993 1 2
          303.300000 2.967561 9.102383 1.756993 1 2
          303.500000 3.297290 9.213118 1.799992 1 2
          303.700000 3.627019 9.379220 1.801992 1 2
          303.900000 3.925836 9.534248 1.836992 1 2
          304.100000 4.245260 9.678204 1.884991 1 2
          304.200000 4.389517 9.733571 1.876991 1 2
          304.400000 4.688334 9.866452 1.897991 1 2
          304.600000  4.987151 10.021481  1.864990 1 2
          304.800000  5.285967 10.176509  1.867990 1 2
          305.000000  5.595088 10.298318  1.892989 1 2
          305.100000  5.759953 10.364758  1.878989 1 2
          305.200000  5.914513 10.431199  1.872989 1 2
          305.300000  6.069074 10.497640  1.897988 1 2
          305.500000  6.378194 10.630522  1.924988 1 2
          305.700000  6.677011 10.796624  1.955987 1 2
          305.900000  6.924308 10.951652  1.965987 1 2
          306.100000  7.212821 11.073460  1.928986 1 2
          306.300000  7.480725 11.173122  1.924986 1 2
          306.500000  7.779542 11.317077  1.879985 1 2
          306.700000  8.068055 11.461032  1.886985 1 2
          306.800000  8.222615 11.560693  1.934984 1 2
          306.900000  8.366872 11.604987  1.942984 1 2
          307.100000  8.675992 11.715722  1.909983 1 2
          307.300000  8.985113 11.859677  1.956983 1 2
          307.500000  9.294234 12.003632  1.930982 1 2
          307.700000  9.603355 12.158661  1.982981 1 2
          307.800000  9.757915 12.236175  2.001981 1 2
          308.000000 10.077340 12.335836  1.977980 1 2
          308.200000 10.407069 12.501939  2.032979 1 2
          308.400000 10.695582 12.645894  2.022978 1 2
          308.600000 10.984094 12.800923  2.045978 1 2
          308.700000 11.138655 12.889510  2.075977 1 2
          308.800000 11.282911 12.944878  2.068977 1 2
          309.000000 11.612640 13.099906  2.069976 1 2
          309.200000 11.911457 13.254935  2.094975 1 2
          309.300000 12.055713 13.321376  2.084975 1 2
          309.500000 12.354530 13.509625  2.101974 1 2
          309.700000 12.653346 13.642507  2.112973 1 2
          309.900000 12.941859 13.775388  2.082972 1 2
          310.000000 13.096419 13.841829  2.092971 1 2
          310.200000 13.405540 13.974711  2.098971 1 2
          310.300000 13.570405 14.041152  2.086970 1 2
          310.500000 13.869221 14.185107  2.125969 1 2
          310.700000 14.198950 14.262622  2.142968 1 2
          310.900000 14.538983 14.340137  2.165967 1 2
          311.000000 14.683239 14.384431  2.181967 1 2
          311.200000 15.002664 14.506239  2.155966 1 2
          311.300000 15.167529 14.561606  2.153965 1 2
          311.400000 15.322089 14.616974  2.185965 1 2
          311.500000 15.497257 14.661268  2.218964 1 2
          311.700000 15.816682 14.738782  2.196963 1 2
          311.800000 15.971243 14.783076  2.195963 1 2
          311.900000 16.125803 14.816297  2.222962 1 2
          312.000000 16.290667 14.871664  2.240962 1 2
          312.100000 16.445228 14.938105  2.240961 1 2
          312.200000 16.599788 14.993473  2.221961 1 2
          312.300000 16.764652 15.037767  2.239960 1 2
          312.500000 17.084077 15.104208  2.254959 1 2
          312.700000 17.424110 15.126355  2.234958 1 2
          312.800000 17.588975 15.148502  2.269958 1 2
          312.900000 17.764143 15.181723  2.282957 1 2
          313.000000 17.918703 15.203870  2.271957 1 2
          313.100000 18.093872 15.237091  2.271956 1 2
          313.200000 18.258736 15.259238  2.286956 1 2
          313.300000 18.413297 15.270311  2.288955 1 2
          313.500000 18.763634 15.292459  2.298954 1 2
          313.700000 19.083059 15.270312  2.322953 1 2
          313.800000 19.258227 15.270313  2.349953 1 2
          313.900000 19.423092 15.281386  2.339952 1 2
          314.000000 19.577652 15.281386  2.319952 1 2
          314.100000 19.752820 15.292460  2.320951 1 2
          314.200000 19.907381 15.270313  2.343951 1 2
          314.300000 20.072245 15.259240  2.358950 1 2
          314.500000 20.391670 15.237094  2.356949 1 2
          314.700000 20.711095 15.192800  2.382948 1 2
          314.800000 20.875960 15.170654  2.386948 1 2
          314.900000 21.051128 15.181727  2.371947 1 2
          315.000000 21.215993 15.192801  2.379947 1 2
          315.100000 21.391161 15.192801  2.413946 1 2
          315.200000 21.556026 15.181728  2.441945 1 2
          315.300000 21.700282 15.192802  2.447945 1 2
          315.500000 22.019707 15.126362  2.447944 1 2
          315.700000 22.370044 15.104215  2.499943 1 2
          315.800000 22.534909 15.082069  2.498942 1 2
          315.900000 22.699773 15.048848  2.485942 1 2
          316.000000 22.864638 15.059922  2.514941 1 2
          316.100000 23.029502 15.026702  2.530941 1 2
          316.300000 23.348927 15.048849  2.516939 1 2
          316.500000 23.688960 14.993483  2.533938 1 2
          316.600000 23.853825 14.971336  2.550938 1 2
          316.700000 24.008385 14.960263  2.530937 1 2
          316.800000 24.173249 14.960263  2.528937 1 2
          316.900000 24.338114 14.960263  2.537936 1 2
          317.000000 24.513282 14.938117  2.561935 1 2
          317.100000 24.667843 14.893823  2.555935 1 2
          317.200000 24.832707 14.882750  2.552934 1 2
          317.300000 24.997572 14.849530  2.547934 1 2
          317.400000 25.141828 14.783089  2.537933 1 2
          317.500000 25.327301 14.738796  2.556933 1 2
          317.600000 25.481861 14.749870  2.573932 1 2
          317.700000 25.626118 14.716649  2.548931 1 2
          317.800000 25.790982 14.683429  2.537931 1 2
          317.900000 25.945543 14.694503  2.536930 1 2
          318.000000 26.100103 14.672356  2.553930 1 2
          318.100000 26.264968 14.650210  2.535929 1 2
          318.200000 26.419528 14.594843  2.524929 1 2
          318.300000 26.594697 14.572696  2.546928 1 2
          318.400000 26.759561 14.528402  2.565927 1 2
          318.500000 26.934730 14.506256  2.582927 1 2
          318.600000 27.099594 14.495183  2.575926 1 2
          318.700000 27.274763 14.461963  2.571925 1 2
          318.800000 27.429323 14.461963  2.567925 1 2
          318.900000 27.614796 14.417669  2.580924 1 2
          319.000000 27.779660 14.384449  2.581923 1 2
          319.100000 27.954829 14.373376  2.567922 1 2
          319.200000 28.119693 14.362303  2.576922 1 2
          319.300000 28.284558 14.340156  2.588921 1 2
          319.400000 28.470031 14.273716  2.597920 1 2
          319.500000 28.634895 14.284790  2.598920 1 2
          319.600000 28.810063 14.306937  2.591919 1 2
          319.700000 28.974928 14.329084  2.598918 1 2
          319.800000 29.129488 14.340158  2.605917 1 2
          319.900000 29.304657 14.329085  2.604917 1 2
          320.000000 29.479825 14.329085  2.600916 1 2
          320.100000 29.644690 14.329086  2.629915 1 2
          320.200000 29.819858 14.306939  2.637914 1 2
          320.300000 29.995027 14.340160  2.684913 1 2
          320.500000 30.304148 14.417675  2.686912 1 2
          320.700000 30.633876 14.406602  2.622910 1 2
          320.800000 30.788437 14.406602  2.593909 1 2
          321.000000 31.076949 14.628072  2.575907 1 2
          321.100000 31.241813 14.594852  2.550907 1 2
          321.200000 31.406678 14.628072  2.573906 1 2
          321.300000 31.581846 14.661293  2.572905 1 2
          321.400000 31.736406 14.716661  2.557904 1 2
          321.500000 31.880663 14.738808  2.518903 1 2
          321.600000 32.045527 14.794175  2.510902 1 2
          321.800000 32.375256 14.849543  2.475900 1 2
          321.900000 32.519512 14.882764  2.438900 1 2
          322.000000 32.674072 14.938131  2.415899 1 0
          322.100000 32.838936 15.026719  2.411898 1 1
          322.200000 32.993496 15.059940  2.396897 1 0
          322.300000 33.137753 15.093161  2.377896 1 0
          322.400000 33.282009 15.170675  2.346895 1 0
          322.500000 33.426265 15.237116  2.316894 1 0
          322.600000 33.580825 15.259263  2.303893 1 0
          322.700000 33.755993 15.292484  2.285892 1 0
          322.800000 33.900249 15.325705  2.232891 1 0
          322.900000 34.054809 15.369999  2.211891 1 0
          323.000000 34.219674 15.414293  2.203890 1 0
          323.100000 34.363931 15.491808  2.314889 1 1
          323.200000 34.508187 15.558249  2.345888 1 1
          323.300000 34.642139 15.691131  2.273887 1 1
          323.400000 34.755483 15.801865  2.288886 1 1
          323.500000 34.889435 15.901527  2.300885 1 1
          323.600000 35.023387 16.001188  2.302884 1 1
          323.700000 35.177947 16.056556  2.309883 1 1
          323.800000 35.311899 16.145144  2.288882 1 1
          323.900000 35.445852 16.222658  2.270881 1 1
          324.000000 35.579804 16.300173  2.272880 1 1
          324.100000 35.713756 16.377688  2.322879 1 1
          324.200000 35.858012 16.455202  2.291878 1 1
          324.300000 35.961052 16.588084  2.256877 1 1
          324.500000 36.198044 16.831700  2.263875 1 1
          324.600000 36.311388 16.953509  2.274874 1 1
          324.700000 36.435036 17.064244  2.317873 1 1
          324.800000 36.599901 17.152832  2.320872 1 1
          324.900000 36.702940 17.274640  2.300871 1 1
          325.000000 36.826589 17.374302  2.350870 1 1
          325.100000 36.950237 17.485037  2.358869 1 1
          325.200000 37.053277 17.640065  2.370868 1 1
          325.300000 37.187229 17.750800  2.382867 1 1
          325.400000 37.290269 17.883682  2.406866 1 1
          325.500000 37.393309 17.994417  2.407865 1 1
          325.600000 37.516957 18.116225  2.411864 1 1
          325.700000 37.630301 18.260181  2.418863 1 1
          325.800000 37.753949 18.348769  2.431862 1 1
          325.900000 37.867293 18.470577  2.451861 1 1
          326.000000 37.980637 18.603459  2.446860 1 0
          326.100000 38.052765 18.780634  2.423859 1 1
          326.200000 38.135197 18.913516  2.424858 1 1
          326.300000 38.238237 19.024251  2.415857 1 1
          326.500000 38.434012 19.301088  2.406855 1 1
          326.600000 38.557660 19.422896  2.370854 1 1
          326.700000 38.660700 19.544704  2.385853 1 1
          326.800000 38.763740 19.688660  2.410852 1 1
          326.900000 38.846172 19.821541  2.376851 1 1
          327.000000 38.938908 19.932276  2.361850 1 1
          327.100000 39.041949 20.076232  2.526849 1 1
          327.200000 39.124381 20.198040  2.558848 1 1
          327.300000 39.237725 20.308775  2.582847 1 1
          327.400000 39.361373 20.452730  2.581846 1 1
          327.500000 39.505629 20.541318  2.576844 1 1
          327.600000 39.639581 20.652053  2.596843 1 1
          327.700000 39.763229 20.740641  2.603842 1 1
          327.800000 39.897181 20.840303  2.605841 1 1
          327.900000 40.031133 20.951038  2.612840 1 1
          328.000000 40.185694 21.039626  2.620839 1 1
          328.100000 40.309342 21.139288  2.639837 1 1
          328.200000 40.453598 21.227876  2.656836 1 1
          328.300000 40.608158 21.294317  2.658835 1 1
          328.400000 40.773022 21.360758  2.644834 1 1
          328.500000 40.927582 21.427199  2.651833 1 1
          328.700000 41.236703 21.537935  2.658830 1 1
          328.800000 41.391263 21.615449  2.654829 1 1
          328.900000 41.545823 21.692964  2.629828 1 1
          329.000000 41.700383 21.748332  2.637826 1 1
          329.100000 41.865248 21.792626  2.673825 1 1
          329.300000 42.174368 21.870141  2.647823 1 1
          329.500000 42.514401 21.914436  2.670821 1 1
          329.700000 42.844129 21.947657  2.653818 1 1
          329.800000 43.019298 22.003025  2.639817 1 1
          329.900000 43.173858 22.025172  2.636816 1 1
          330.000000 43.349026 22.047320  2.676814 1 1
          330.100000 43.524195 22.069467  2.667813 1 1
          330.300000 43.853923 22.080541  2.623811 1 1
          330.500000 44.204260 22.080542  2.628808 1 1
          330.700000 44.554596 22.102690  2.557806 1 1
          330.800000 44.719460 22.113764  2.530805 1 1
          330.900000 44.874021 22.124838  2.534804 1 1
          331.000000 45.080101 22.124838  2.557802 1 1
          331.100000 45.234661 22.124839  2.498801 1 1
          331.200000 45.420133 22.124839  2.437800 1 1
          331.300000 45.584998 22.102692  2.436799 1 1
          331.500000 45.945639 22.080547  2.442796 1 1
          331.700000 46.285671 22.058401  2.408794 1 1
          331.800000 46.450536 22.069475  2.412793 1 1
          331.900000 46.615400 22.036255  2.424791 1 1
          332.000000 46.780264 22.025182  2.421790 1 1
          332.100000 46.945129 22.003035  2.383789 1 1
          332.200000 47.099689 21.980889  2.436788 1 1
          332.300000 47.254250 21.958743  2.510787 1 1
          332.500000 47.594283 21.914450  2.478785 1 1
          332.700000 47.944620 21.892304  2.496782 1 1
          332.800000 48.119789 21.859084  2.498781 1 1
          332.900000 48.294957 21.848011  2.489780 1 1
          333.000000 48.459821 21.814791  2.431778 1 1
          333.100000 48.634989 21.781571  2.415777 1 1
          333.200000 48.789550 21.737278  2.436776 1 1
          333.300000 48.964719 21.692985  2.443775 1 1
          333.400000 49.119279 21.670838  2.423774 1 1
          333.500000 49.294447 21.648692  2.418773 1 1
          333.700000 49.624176 21.615473  2.412770 1 1
          333.900000 49.943601 21.537959  2.370768 1 1
          334.000000 50.118769 21.493666  2.382767 1 1
          334.200000 50.335154 21.936606  2.536764 1 2
          334.400000 50.675186 21.881239  2.495761 1 2
          334.600000 51.015219 21.836946  2.487758 1 2
          334.800000 51.324340 21.770507  2.457756 1 2
          334.900000 51.489204 21.726213  2.439755 1 2
          335.100000 51.798325 21.637627  2.453753 1 2
          335.200000 51.952886 21.615480  2.497752 1 2
          335.400000 52.272311 21.571188  2.481749 1 2
          335.600000 52.612344 21.526895  2.512747 1 2
          335.800000 52.921465 21.471529  2.509744 1 2
          336.000000 53.261498 21.394016  2.538742 1 2
          336.100000 53.436667 21.360796  2.553740 1 2
          336.300000 53.745787 21.338650  2.527738 1 2
          336.500000 54.065212 21.305431  2.557735 1 2
          336.700000 54.374333 21.238991  2.574733 1 2
          336.900000 54.704063 21.161478  2.583730 1 2
          337.100000 55.033791 21.106112  2.550728 1 2
          337.200000 55.208960 21.095039  2.547726 1 2
          337.300000 55.373824 21.061819  2.518725 1 2
          337.400000 55.538689 21.039673  2.533723 1 2
          337.500000 55.713857 21.006453  2.534722 1 2
          337.700000 56.012674 20.906793  2.494720 1 2
          337.800000 56.167234 20.873573  2.485718 1 2
          337.900000 56.342403 20.818207  2.522717 1 2
          338.000000 56.496963 20.784987  2.502716 1 2
          338.100000 56.661828 20.751767  2.511714 1 2
          338.200000 56.836996 20.751768  2.481713 1 2
          338.300000 57.001861 20.729621  2.493712 1 2
          338.400000 57.187333 20.685328  2.508710 1 2
          338.500000 57.341894 20.663182  2.519709 1 2
          338.700000 57.651015 20.574595  2.515706 1 2
          338.800000 57.826183 20.530302  2.508705 1 2
          338.900000 58.001352 20.497082  2.516703 1 2
          339.000000 58.155912 20.497083  2.511702 1 2
          339.100000 58.320777 20.474937  2.487700 1 2
          339.200000 58.475337 20.463864  2.475699 1 2
          339.300000 58.650505 20.441717  2.471698 1 2
          339.500000 58.969930 20.386351  2.465695 1 2
          339.700000 59.309964 20.319912  2.491692 1 2
          339.800000 59.485132 20.297766  2.482690 1 2
          339.900000 59.629388 20.264546  2.471689 1 2
          340.000000 59.794253 20.231326  2.461688 1 2
          340.100000 59.959117 20.198106  2.438686 1 2
          340.200000 60.123982 20.175960  2.456685 1 2
          340.300000 60.278542 20.131667  2.473683 1 2
          340.500000 60.587663 20.054154  2.431681 1 2
          340.700000 60.907088 19.965567  2.455678 1 2
          340.800000 61.061649 19.943421  2.460677 1 2
          340.900000 61.226513 19.910201  2.445675 1 2
          341.000000 61.391378 19.888055  2.422674 1 2
          341.100000 61.556242 19.854835  2.446672 1 2
          341.200000 61.710803 19.821615  2.477671 1 2
          341.300000 61.855060 19.777322  2.496669 1 2
          341.400000 62.009620 19.721956  2.481668 1 2
          341.500000 62.153877 19.666589  2.461667 1 2
          341.600000 62.308437 19.600149  2.483666 1 2
          341.800000 62.627862 19.522636  2.476663 1 2
          341.900000 62.803031 19.489416  2.452661 1 2
          342.000000 62.957591 19.445123  2.462660 1 2
          342.100000 63.122456 19.411903  2.505658 1 2
          342.200000 63.277017 19.367610  2.524657 1 2
          342.400000 63.575834 19.256877  2.487654 1 2
          342.600000 63.905563 19.157217  2.521651 1 2
          342.800000 64.194076 19.101851  2.528648 1 2
          342.900000 64.358941 19.057558  2.509647 1 2
          343.000000 64.534110 19.024338  2.540645 1 2
          343.100000 64.678367 18.968971  2.566644 1 2
          343.200000 64.822623 18.913605  2.564643 1 2
          343.400000 65.142048 18.813945  2.541640 1 2
          343.600000 65.461473 18.703211  2.511637 1 2
          343.800000 65.770594 18.614625  2.480634 1 2
          343.900000 65.914850 18.570332  2.470632 1 2
          344.000000 66.069411 18.514965  2.488631 1 2
          344.100000 66.213667 18.459598  2.453630 1 2
          344.200000 66.347620 18.426379  2.456628 1 2
          344.300000 66.502180 18.359938  2.443627 1 2
          344.500000 66.821606 18.260279  2.449624 1 2
          344.700000 67.141031 18.193839  2.425621 1 2
          344.800000 67.295591 18.171693  2.430619 1 2
          344.900000 67.460456 18.116326  2.446618 1 2
          345.000000 67.615016 18.072033  2.450616 1 2
          345.100000 67.748969 18.038813  2.438615 1 2
          345.200000 67.924137 17.972373  2.400613 1 2
          345.300000 68.099306 17.894860  2.371611 1 2
          345.500000 68.418731 17.806274  2.358608 1 2
          345.700000 68.727851 17.739834  2.307605 1 2
          345.800000 68.882412 17.739835  2.358603 1 2
          345.900000 69.057581 17.695542  2.386602 1 2
          346.000000 69.212142 17.662322  2.389600 1 2
          346.100000 69.356398 17.618029  2.376599 1 2
          346.200000 69.521263 17.562662  2.366597 1 2
          346.300000 69.696432 17.507296  2.394595 1 2
          346.400000 69.861296 17.485150  2.402593 1 2
          346.500000 70.005552 17.474077  2.373592 1 2
          346.700000 70.345585 17.418711  2.376588 1 2
          346.800000 70.510450 17.385492  2.409587 1 2
          346.900000 70.665011 17.352272  2.404585 1 2
          347.000000 70.809268 17.330126  2.425583 1 2
          347.100000 70.953524 17.307979  2.423582 1 2
          347.200000 71.118389 17.263686  2.444580 1 2
          347.300000 71.283254 17.219393  2.468578 1 2
          347.400000 71.427510 17.219394  2.470577 1 2
          347.600000 71.746935 17.164028  2.418573 1 2
          347.700000 71.901495 17.130808  2.428572 1 2
          347.800000 72.066360 17.086515  2.426570 1 2
          347.900000 72.220920 17.053296  2.396568 1 2
          348.000000 72.396088 17.009002  2.360567 1 2
          348.100000 72.550649 16.964709  2.351565 1 2
          348.200000 72.736121 16.920416  2.342563 1 2
          348.300000 72.890682 16.887197  2.334561 1 2
          348.400000 73.055546 16.887197  2.326559 1 2
          348.500000 73.220411 16.887198  2.321557 1 2
          348.700000 73.550140 16.842906  2.342554 1 2
          348.800000 73.694397 16.820760  2.365552 1 2
          348.900000 73.869565 16.787540  2.319550 1 2
          349.000000 74.034429 16.754320  2.308548 1 2
          349.100000 74.199294 16.710027  2.317547 1 2
          349.200000 74.364159 16.676808  2.351545 1 2
          349.300000 74.518719 16.665735  2.369543 1 2
          349.400000 74.693888 16.665736  2.353541 1 2
          349.500000 74.848448 16.665737  2.373539 1 2
          349.600000 75.033921 16.632517  2.371537 1 2
          349.700000 75.178178 16.610371  2.402535 1 2
          349.800000 75.322434 16.588225  2.384534 1 2
          349.900000 75.487298 16.521785  2.344532 1 2
          350.000000 75.652163 16.499639  2.376530 1 2
          350.100000 75.817028 16.466419  2.404528 1 2
          350.200000 75.971589 16.477494  2.446526 1 2
          350.300000 76.115846 16.455348  2.484525 1 2
          350.400000 76.280711 16.455348  2.504523 1 2
          350.500000 76.445576 16.411055  2.529521 1 2
          350.600000 76.600137 16.377836  2.567519 1 2
          350.800000 76.888650 16.322470  2.581516 1 2
          350.900000 77.032906 16.278177  2.588514 1 2
          351.000000 77.187467 16.211737  2.592512 1 2
          351.100000 77.331724 16.156370  2.604511 1 2
          351.200000 77.486283 16.134224  2.494509 1 2
          351.300000 77.651147 16.089931  2.429507 1 2
          351.400000 77.785100 16.023491  2.409506 1 2
          351.500000 77.949965 15.957051  2.430504 1 2
          351.600000 78.094221 15.879537  2.430502 1 2
          351.700000 78.197261 15.802023  2.377501 1 2
          351.800000 78.289998 15.669142  2.324500 1 2
          351.900000 78.393039 15.558408  2.328499 1 2
          352.000000 78.496079 15.392307  2.309499 1 2
          352.100000 78.599120 15.292646  2.275498 1 2
          352.200000 78.681553 15.159765  2.295497 1 2
          352.300000 78.743378 15.037957  2.302496 1 2
          352.500000 78.867028 14.716828  2.312496 1 2
          352.700000 78.867030 14.451065  2.340496 1 2
          352.800000 78.846422 14.284963  2.309497 1 2
          352.900000 78.856727 14.107787  2.338497 1 2
          353.000000 78.815512 13.952759  2.377498 1 2
          353.100000 78.805209 13.830951  2.391498 1 2
          353.200000 78.763994 13.675922  2.397499 1 2
          353.300000 78.743387 13.498747  2.404500 1 2
          353.400000 78.712476 13.332645  2.424501 1 2
          353.500000 78.650653 13.210836  2.448502 1 2
          353.700000 78.506397 12.945072  2.433504 1 2
          353.800000 78.413662 12.801117  2.420505 1 2
          353.900000 78.372446 12.623941  2.390506 1 2
          354.000000 78.300318 12.491059  2.369507 1 2
          354.100000 78.217887 12.324957  2.367509 1 2
          354.200000 78.156063 12.169928  2.375510 1 2
          354.300000 78.094240 12.014900  2.370511 1 2
          354.400000 77.991201 11.893091  2.410512 1 2
          354.500000 77.919073 11.749136  2.358513 1 2
          354.600000 77.805729 11.649474  2.372515 1 2
          354.700000 77.712993 11.494445  2.355516 1 2
          354.800000 77.609954 11.350490  2.381518 1 2
          355.000000 77.476003 11.084726  2.383520 1 2
          355.100000 77.414180 10.929697  2.395521 1 2
          355.200000 77.362660 10.796816  2.404522 1 2
          355.300000 77.290533 10.619640  2.413523 1 2
          355.400000 77.218406 10.475684  2.411524 1 2
          355.500000 77.135974 10.320656  2.414525 1 2
          355.600000 77.043239 10.165627  2.427527 1 2
          355.700000 76.960808  9.977378  2.441528 1 2
          355.800000 76.898985  9.833422  2.480529 1 2
          355.900000 76.806250  9.689467  2.531530 1 2
          356.000000 76.744426  9.534438  2.537531 1 2
          356.100000 76.682603  9.434777  2.565532 1 2
          356.200000 76.610476  9.312968  2.590533 1 2
          356.300000 76.538348  9.169013  2.599534 1 2
          356.400000 76.455917  9.058278  2.609536 1 2
          356.500000 76.383789  8.914323  2.594537 1 2
          356.600000 76.280750  8.781441  2.646538 1 2
          356.700000 76.198319  8.670706  2.675539 1 2
          356.800000 76.115886  8.548897  2.622540 1 2
          356.900000 76.012846  8.460309  2.606542 1 2
          357.000000 75.920110  8.338501  2.590543 1 2
          357.100000 75.827374  8.216692  2.548544 1 2
          357.200000 75.734638  8.117030  2.498545 1 2
          357.300000 75.621294  8.028442  2.498547 1 2
          357.400000 75.497646  7.939854  2.483548 1 2
          357.500000 75.363692  7.895559  2.398550 1 2
          357.600000 75.260651  7.862338  2.281551 1 2
          357.800000 74.992746  7.751602  2.255555 1 1
          357.900000 74.858793  7.740528  2.195556 1 1
          358.000000 74.683625  7.663013  2.173558 1 1
          358.100000 74.529065  7.651939  2.195560 1 1
          358.200000 74.343594  7.651938  2.320562 1 2
          358.300000 74.178729  7.663011  2.335564 1 2
          358.500000 73.849000  7.685156  2.319568 1 2
          358.600000 73.684135  7.696229  2.326570 1 2
          358.700000 73.498663  7.762669  2.375572 1 2
          358.800000 73.344102  7.773741  2.342574 1 2
          358.900000 73.179237  7.829108  2.329576 1 2
          359.000000 73.014372  7.818034  2.308577 1 2
          359.100000 72.849508  7.840180  2.306579 1 2
          359.200000 72.715555  7.884473  2.328581 1 2
          359.300000 72.560995  7.917693  2.332583 1 2
          359.400000 72.427042  8.006280  2.347584 1 2
          359.500000 72.324001  8.061647  2.286585 1 2
          359.700000 72.066400  8.283115  2.339588 1 2
          359.800000 71.901535  8.316334  2.353589 1 2
          359.900000 71.746974  8.382774  2.341591 1 2
          360.000000 71.592414  8.438141  2.357593 1 2
          360.100000 71.458461  8.515655  2.362594 1 2
          360.200000 71.324509  8.571021  2.380596 1 2
          360.300000 71.169947  8.659608  2.368597 1 2
          360.400000 71.035994  8.726048  2.327599 1 2
          360.500000 70.922649  8.825709  2.309600 1 2
          360.600000 70.799000  8.881076  2.291601 1 2
          360.800000 70.489879  9.058250  2.306604 1 2
          360.900000 70.325014  9.124690  2.290606 1 2
          361.000000 70.170453  9.191130  2.288608 1 2
          361.100000 70.036501  9.257570  2.301609 1 2
          361.200000 69.892244  9.324010  2.308610 1 2
          361.300000 69.727379  9.401523  2.291612 1 2
          361.400000 69.603730  9.467963  2.261613 1 2
          361.500000 69.469777  9.556551  2.249615 1 2
          361.700000 69.160656  9.678357  2.261618 1 2
          361.800000 68.985487  9.722650  2.258620 1 2
          361.900000 68.820622  9.800164  2.288621 1 2
          362.000000 68.676366  9.855531  2.307623 1 2
          362.100000 68.521805  9.933044  2.336624 1 2
          362.200000 68.356941 10.043778  2.396626 1 2
          362.400000 68.047820 10.243099  2.444629 1 2
          362.600000 67.749003 10.387053  2.485632 1 2
          362.700000 67.594442 10.475640  2.467633 1 2
          362.800000 67.460489 10.564227  2.449635 1 2
          362.900000 67.326536 10.641740  2.442636 1 2
          363.000000 67.192584 10.708181  2.477637 1 2
          363.100000 67.058631 10.818915  2.505638 1 2
          363.200000 66.924678 10.918575  2.480640 1 2
          363.300000 66.790725 11.007162  2.430641 1 2
          363.400000 66.646468 11.062529  2.431642 1 2
          363.500000 66.481603 11.173263  2.470644 1 2
          363.700000 66.182786 11.350437  2.457647 1 2
          363.800000 66.028225 11.427951  2.432648 1 2
          363.900000 65.883968 11.483317  2.432649 1 2
          364.000000 65.739711 11.594051  2.462651 1 2
          364.100000 65.595454 11.682638  2.448652 1 2
          364.200000 65.461501 11.749078  2.417653 1 2
          364.300000 65.306941 11.815519  2.438655 1 2
          364.400000 65.183292 11.859812  2.418656 1 2
          364.500000 65.018428 11.915178  2.426658 1 2
          364.700000 64.688698 12.036985  2.427661 1 2
          364.800000 64.565049 12.092352  2.420662 1 2
          364.900000 64.420793 12.147719  2.412663 1 2
          365.000000 64.297144 12.192012  2.360664 1 2
          365.100000 64.173495 12.291672  2.332665 1 2
          365.300000 63.884981 12.457773  2.340668 1 2
          365.500000 63.586163 12.590653  2.279671 1 2
          365.700000 63.266738 12.734607  2.336674 1 2
          365.900000 62.967921 12.889634  2.348676 1 2
          366.000000 62.823664 12.989295  2.346677 1 2
          366.100000 62.689711 13.077882  2.333679 1 2
          366.200000 62.524847 13.155396  2.368680 1 2
          366.400000 62.236333 13.310423  2.337683 1 2
          366.600000 61.947820 13.421156  2.365685 1 2
          366.800000 61.649003 13.620477  2.374688 1 2
          367.000000 61.350185 13.786578  2.351690 1 2
          367.100000 61.216232 13.875165  2.355691 1 2
          367.200000 61.082279 13.919459  2.312692 1 2
          367.400000 60.773157 14.074486  2.269695 1 2
          367.600000 60.484644 14.262733  2.299697 1 2
          367.800000 60.206435 14.439908  2.286700 1 2
          367.900000 60.062178 14.539568  2.300701 1 2
          368.000000 59.928225 14.617082  2.287702 1 2
          368.100000 59.773665 14.705669  2.313703 1 2
          368.300000 59.485151 14.882843  2.272705 1 2
          368.500000 59.196638 15.048944  2.297708 1 2
          368.700000 58.918428 15.248265  2.292710 1 2
          368.800000 58.774171 15.336852  2.280711 1 2
          368.900000 58.640219 15.447587  2.303712 1 2
          369.000000 58.495962 15.558321  2.308713 1 2
          369.100000 58.362009 15.635834  2.301714 1 2
          369.200000 58.217752 15.735495  2.291715 1 2
          369.300000 58.063192 15.824082  2.357716 1 2
          369.500000 57.795287 16.012330  2.396718 1 2
          369.700000 57.517078 16.233798  2.390720 1 2
          369.800000 57.362517 16.344532  2.425721 1 2
          369.900000 57.218261 16.444193  2.466722 1 2
          370.100000 56.929747 16.632441  2.473724 1 2
          370.300000 56.641234 16.798542  2.492726 1 2
          370.500000 56.352721 16.964643  2.507728 1 1
          370.700000 56.074512 17.175037  2.532730 1 1
          370.800000 55.919951 17.241478  2.528732 1 1
          371.000000 55.631438 17.407578  2.519734 1 1
          371.200000 55.322316 17.551532  2.502736 1 1
          371.300000 55.157452 17.651193  2.554737 1 1
          371.500000 54.868938 17.861588  2.539739 1 1
          371.700000 54.590729 18.060909  2.541741 1 1
          371.900000 54.281607 18.227010  2.541743 1 1
          372.100000 53.962182 18.370964  2.569745 1 1
          372.300000 53.653061 18.548138  2.587747 1 1
          372.500000 53.364547 18.747459  2.540749 1 1
          372.700000 53.065730 18.946780  2.557751 1 1
          372.900000 52.756609 19.112881  2.526753 1 1
          373.100000 52.447487 19.301129  2.565755 1 2
          373.300000 52.158974 19.478303  2.538757 1 1
          373.500000 51.880765 19.666551  2.519759 1 1
          373.700000 51.581947 19.865873  2.499760 1 1
          373.900000 51.272826 20.031973  2.511762 1 1
          374.100000 50.984313 20.220221  2.520764 1 1
          374.300000 50.706103 20.441690  2.499766 1 2
          374.500000 50.396982 20.618864  2.490767 1 1
          374.700000 50.098164 20.784965  2.499769 1 1
          374.900000 49.778739 20.962139  2.537771 1 1
          375.100000 49.510834 21.205755  2.518772 1 1
          375.300000 49.212017 21.405076  2.542774 1 1
          375.500000 48.923503 21.593324  2.529776 1 1
          375.700000 48.614382 21.759425  2.557778 1 1
          375.800000 48.459822 21.848012  2.594778 1 1
          375.900000 48.325870 21.947673  2.601779 1 1
          376.100000 48.047660 22.169141  2.557780 1 1
          376.300000 47.748842 22.379536  2.506782 1 1
          376.500000 47.450025 22.523490  2.463784 1 1
          376.700000 47.140904 22.700664  2.466785 1 1
          376.900000 46.872998 22.855692  2.445787 1 1
          377.000000 46.728742 22.944279  2.437787 1 1
          377.100000 46.553573 23.032866  2.470788 1 1
          377.200000 46.388709 23.110380  2.488789 1 1
          377.300000 46.254756 23.176820  2.487790 1 1
          377.500000 45.935331 23.298627  2.499792 1 1
          377.700000 45.595298 23.442581  2.492794 1 1
          377.800000 45.461345 23.531169  2.470794 1 1
          377.900000 45.317089 23.597609  2.465795 1 1
          378.000000 45.152224 23.686196  2.465796 1 1
          378.100000 44.977056 23.752636  2.453797 1 1
          378.200000 44.832799 23.819077  2.440798 1 1
          378.300000 44.667935 23.863370  2.446799 1 1
          378.500000 44.317598 23.985177  2.461801 1 1
          378.700000 44.029085 24.118058  2.462802 1 1
          378.800000 43.864220 24.195571  2.442803 1 1
          378.900000 43.709659 24.284159  2.446804 1 1
          379.000000 43.524187 24.361672  2.445805 1 1
          379.100000 43.369626 24.405966  2.417806 1 1
          379.200000 43.215066 24.450259  2.411807 1 1
          379.300000 43.029593 24.516699  2.422808 1 1
          379.500000 42.699864 24.627433  2.417809 1 1
          379.600000 42.524696 24.682800  2.437810 1 1
          379.700000 42.359831 24.749240  2.442811 1 1
          379.800000 42.184663 24.804607  2.476812 1 1
          379.900000 42.019799 24.859974  2.502813 1 1
          380.000000 41.875542 24.915341  2.495814 1 1
          380.100000 41.710678 24.937488  2.498815 1 1
          380.200000 41.525206 24.970708  2.519816 1 1
          380.300000 41.350037 25.026074  2.534817 1 2
          380.500000 41.030612 25.092514  2.545818 1 2
          380.700000 40.680276 25.192175  2.579820 1 2
          380.900000 40.319634 25.280761  2.513822 1 2
          381.000000 40.134161 25.336128  2.453823 1 2
          381.100000 39.989905 25.369348  2.406824 1 2
          381.200000 39.804432 25.435788  2.415825 1 2
          381.300000 39.660175 25.491155  2.346826 1 2
          381.500000 39.392270 25.601888  2.312827 1 2
          381.600000 39.217102 25.679402  2.330828 1 2
          381.800000 38.949198 25.734769  2.390829 1 2
          381.900000 38.835853 25.779063  2.430829 1 1
          382.000000 38.650381 25.779062  2.460831 1 1
          382.100000 38.495821 25.834429  2.478831 1 1
          382.200000 38.341261 25.856576  2.490832 1 0
          382.300000 38.217612 25.923017  2.500833 1 0
          382.500000 37.949708 26.066971  2.539834 1 0
          382.600000 37.784843 26.089118  2.562834 1 0
          382.800000 37.516939 26.155558  2.586836 1 0
          382.900000 37.382987 26.199852  2.617836 1 0
          383.000000 37.207818 26.210925  2.664837 1 0
          383.100000 37.053258 26.233071  2.668838 1 0
          383.200000 36.950218 26.288438  2.667839 1 0
          383.300000 36.816266 26.332732  2.713839 1 0
          383.500000 36.455625 26.377025  2.777841 1 0
          383.600000 36.331977 26.377025  2.772842 1 0
          383.800000 36.022857 26.388098  2.818843 1 0
          383.900000 35.878601 26.377024  2.860844 1 0
          384.000000 35.744648 26.365951  2.871845 1 0
          384.100000 35.610696 26.399171  2.850846 1 0
          384.200000 35.548872 26.410244  2.889846 1 0
          384.300000 35.476744 26.388097  2.926847 1 0
          384.400000 35.384008 26.288436  2.968847 1 0
          384.500000 35.250056 26.233068  2.976848 1 0
          384.600000 35.136712 26.233068  2.984849 1 0
          384.700000 35.054280 26.177701  3.009850 1 0
          384.800000 34.992456 26.100187  3.041850 1 0
          384.900000 34.879113 26.000525  3.067851 1 0
          385.000000 34.755464 26.000525  3.081852 1 0
          385.100000 34.703944 25.989452  3.125852 1 0
          385.200000 34.652425 25.900864  3.160853 1 0
          385.300000 34.611209 25.767983  3.207854 1 0
          385.400000 34.569994 25.668322  3.263854 1 0
          385.500000 34.508170 25.612954  3.284855 1 0
          385.600000 34.477258 25.579734  3.325855 1 0
          385.700000 34.415434 25.568660  3.363856 1 0
          385.800000 34.353610 25.579734  3.428856 1 0
          385.900000 34.271179 25.568661  3.511856 1 0
          386.000000 34.178443 25.612955  3.591857 1 0
          386.100000 34.116619 25.679396  3.665857 1 0
          386.200000 34.054795 25.679396  3.764857 1 0
          386.300000 33.972364 25.679396  3.860858 1 0
          386.400000 33.869324 25.701543  3.973858 1 0
          386.500000 33.766284 25.745837  4.068858 1 0
          386.600000 33.663244 25.823352  4.161859 1 0
          386.700000 33.570508 25.900866  4.251859 1 0
          386.800000 33.508685 25.934087  4.410859 1 0
          386.900000 33.446861 25.945161  4.555859 1 0
          387.000000 33.385038 25.945161  4.713860 1 0
          387.100000 33.333519 25.989456  4.850860 1 0
          387.200000 33.312911 26.022677  4.985860 1 0
          387.300000 33.312912 25.945163  5.083860 1 0
          387.400000 33.302608 25.900869  5.175860 1 0
          387.500000 33.302609 25.834429  5.287861 1 0
          387.600000 33.292306 25.767989  5.411861 1 0
          387.700000 33.292307 25.679401  5.542861 1 0
          387.800000 33.302612 25.568667  5.674862 1 0
          387.900000 33.302613 25.457933  5.806862 1 0
          388.000000 33.282006 25.336126  5.928863 1 0
          388.100000 33.251094 25.236465  6.047863 1 0
          388.200000 33.209879 25.158951  6.161864 1 0
          388.300000 33.199576 25.103584  6.280864 1 0
          388.400000 33.230489 25.026070  6.397864 1 0
          388.500000 33.271705 24.948556  6.498864 1 0
          388.600000 33.292314 24.882116  6.599864 1 0
          388.700000 33.333531 24.793529  6.720864 1 0
          388.800000 33.385052 24.671721  6.861865 1 0
          388.900000 33.405661 24.527767  6.974865 1 0
          389.000000 33.415966 24.372739  7.078866 1 0
          389.100000 33.415967 24.206637  7.173866 1 0
          389.200000 33.405664 24.018388  7.279867 1 0
          389.300000 33.374753 23.830140  7.377868 1 0
          389.400000 33.354146 23.608671  7.486869 1 0
          389.500000 33.323235 23.387202  7.595870 1 0
          389.600000 33.282019 23.176806  7.701871 1 0
          389.700000 33.230500 22.966410  7.807872 1 0
          389.800000 33.127461 22.778162  7.924873 1 0
          389.900000 32.972902 22.567766  8.044875 1 0
          390.000000 32.818342 22.335223  8.166876 1 0
          390.100000 32.684391 22.124827  8.266878 1 0
          390.200000 32.529831 21.958725  8.360879 1 0
          390.300000 32.375271 21.836917  8.467880 1 0
          390.400000 32.179496 21.715109  8.573882 1 0
          390.500000 32.066152 21.560080  8.689883 1 0
          390.600000 31.942504 21.416125  8.791884 1 0
          390.700000 31.777641 21.294317  8.908885 1 0
          390.800000 31.623081 21.139289  9.025886 1 0
          390.900000 31.447913 20.984260  9.141888 1 0
          391.000000 31.313961 20.951040  9.226889 1 0
          391.100000 31.241834 20.862452  9.301889 1 0
          391.200000 31.231530 20.840305  9.387889 1 0
          391.300000 31.118187 20.740644  9.497890 1 0
          391.400000 30.973931 20.707424  9.623891 1 0
          391.500000 30.901803 20.674204  9.755891 1 0
          391.600000 30.798764 20.441661  9.903893 1 0
          391.700000 30.675117 20.186972 10.048894 1 0
          391.800000 30.633902 20.065164 10.210895 1 0
          391.900000 30.592687 19.932283 10.362895 1 0
          392.000000 30.489648 19.345388 10.412898 1 0
          392.100000 30.304177 19.013184 10.628900 1 0
          392.200000 30.211441 18.979964 10.840900 1 0
          392.300000 29.871408 18.913523 10.830902 1 0
          392.400000 29.253166 18.304480 10.641907 1 0
          392.500000 28.717358 17.939055 10.913910 1 0
          392.600000 28.233068 17.562556 10.814913 1 0
          392.700000 27.954859 17.174983 10.553916 1 0
          392.800000 27.748778 17.075321 10.494917 1 0
          392.900000 27.573610 17.152836 10.727917 1 0
          393.000000 27.336618 17.186056 10.865918 1 0
          393.100000 27.058408 17.075321 10.707920 1 0
          393.200000 26.635942 16.887070 10.434922 1 0
          393.300000 26.306213 16.853849 10.458923 1 0
          393.400000 25.894051 16.654526 10.485926 1 0
          393.500000 25.512802 16.599158 10.571927 1 0
          393.600000 25.234593 16.433055 10.393929 1 0
          393.700000 24.709087 16.222658 10.274931 1 0
          393.800000 24.307230 16.189438 10.527933 1 0
          393.900000 23.864157 16.034408 10.551935 1 0
          394.000000 23.472603 15.923673 10.444937 1 0
          394.100000 23.153178 15.857231 10.313938 1 0
          394.200000 22.916185 15.735423 10.388939 1 0
          394.300000 22.720409 15.635762 10.623940 1 0
          394.400000 22.493721 15.536100 10.677941 1 0
          394.500000 22.225815 15.447512 10.516942 1 0
          394.600000 21.896086 15.325703 10.481944 1 0
          394.700000 21.659094 15.148527 10.587945 1 0
          394.800000 21.360276 15.071012 10.431946 1 0
          394.900000 21.174804 15.015645 10.534947 1 0
          395.000000 20.803857 14.827394  9.996949 1 0
          395.100000 20.659600 14.794173  9.871949 1 0
          395.200000 20.443215 14.749879  9.995950 1 0
          395.300000 20.226831 14.705585  9.944951 1 0
          395.400000 20.010446 14.616997  9.994952 1 0
          395.500000 19.742541 14.450895  9.924953 1 0
          395.600000 19.567371 14.450894  9.649954 1 0
          395.700000 19.361291 14.340159  9.779954 1 0
          395.800000 19.196427 14.229424  9.856955 1 0
          395.900000 18.887303 14.229422  9.089956 1 0
          396.000000 18.743047 14.185128  9.043957 1 0
          396.100000 18.598791 13.897218  9.266958 1 0
          396.200000 18.330886 13.775409  9.104959 1 0
          396.300000 18.207237 13.764335  8.998959 1 0
          396.400000 18.114501 13.720041  9.011959 1 0
          396.500000 17.970244 13.742188  9.041960 1 0
          396.600000 17.774468 13.753261  9.038960 1 0
          396.700000 17.568387 13.797555  9.045961 1 0
          396.800000 17.382913 13.952583  8.800961 1 0
          396.900000 17.187136 14.074390  8.537961 1 0
          397.000000 17.053184 14.063317  8.720962 1 0
          397.100000 16.919232 13.985803  8.951962 1 0
          397.200000 16.795583 14.007950  8.928962 1 0
          397.300000 16.620413 14.085463  8.509963 1 0
          397.400000 17.918723 15.071005  9.008957 1 1
          397.600000 18.145411 15.237107  8.959956 1 1
          397.700000 18.279363 15.369988  8.680955 1 1
          397.800000 18.289666 15.336767  8.428955 1 1
          397.900000 18.248449 15.314620  8.254955 1 1
          398.100000 18.011456 15.214958  8.045956 1 1
          398.200000 17.949631 15.126369  7.788957 1 1
          398.300000 17.856895 15.015634  7.801957 1 1
          398.500000 17.692028 14.794162  6.805958 1 1
          398.700000 17.475642 14.605912  6.312959 1 1
          398.800000 17.341689 14.550544  6.122960 1 1
          399.000000 17.073784 14.406588  5.890961 1 1
          399.200000 16.795575 14.207265  5.737962 1 1
          399.300000 16.641014 14.107604  5.722963 1 1
          399.500000 16.321589 13.952575  5.582964 1 1
          399.700000 16.002164 13.797546  5.534965 1 1
          399.900000 15.713651 13.609296  5.357966 1 1
          400.100000 15.425138 13.376753  5.287967 1 1
          400.200000 15.270578 13.243871  5.271968 1 1
          400.300000 15.126321 13.166357  5.192968 1 1
          400.400000 15.002673 13.066695  5.132969 1 1
          400.600000 14.714160 12.878446  5.090970 1 1
          400.700000 14.549295 12.756638  5.076971 1 1
          400.800000 14.405039 12.634829  5.010971 1 1
          400.900000 14.281390 12.524094  4.940972 1 1
          401.000000 14.178350 12.402286  4.876972 1 1
          401.100000 14.023790 12.258331  4.890973 1 1
          401.200000 13.900141 12.136523  4.881973 1 1
          401.300000 13.776493 12.036861  4.807974 1 1
          401.400000 13.652844 11.892906  4.765974 1 1
          401.600000 13.374636 11.627143  4.777975 1 1
          401.700000 13.261292 11.505335  4.820976 1 1
          401.800000 13.158251 11.405673  4.779976 1 1
          401.900000 13.055211 11.250645  4.768977 1 1
          402.000000 12.931563 11.106690  4.783977 1 1
          402.100000 12.807914 10.973808  4.804978 1 1
          402.200000 12.704874 10.852000  4.775978 1 1
          402.300000 12.570922 10.741265  4.745979 1 1
          402.500000 12.323625 10.486575  4.749979 1 1
          402.700000 12.096936 10.254032  4.688980 1 1
          402.800000 11.973288 10.110077  4.660981 1 1
          403.000000 11.725992  9.833240  4.705982 1 1
          403.100000 11.602343  9.733579  4.643982 1 1
          403.200000 11.458087  9.622844  4.593982 1 1
          403.400000 11.210790  9.412448  4.621983 1 1
          403.600000 10.984101  9.179905  4.526984 1 1
          403.800000 10.736805  8.903068  4.579985 1 1
          404.000000 10.468900  8.648378  4.551986 1 1
          404.100000 10.324643  8.537644  4.516986 1 1
          404.200000 10.180387  8.404762  4.509986 1 1
          404.400000 9.902178 8.150072 4.524987 1 1
          404.600000 9.644577 7.828942 4.481988 1 1
          404.800000 9.386977 7.507811 4.513989 1 1
          404.900000 9.242720 7.352782 4.505989 1 1
          405.000000 9.098464 7.197754 4.467989 1 1
          405.200000 8.840863 6.909844 4.493990 1 1
          405.400000 8.583262 6.577639 4.427991 1 1
          405.600000 8.335966 6.267582 4.426991 1 1
          405.800000 8.068061 5.957525 4.398992 1 1
          406.000000 7.800156 5.680688 4.363993 1 1
          406.200000 7.552859 5.392778 4.380993 1 1
          406.400000 7.336475 5.115942 4.333994 1 1
          406.600000 7.099482 4.850178 4.365994 1 1
          406.800000 6.852185 4.562268 4.270995 1 1
          407.000000 6.646104 4.274358 4.256995 1 1
          407.200000 6.419416 3.953228 4.203996 1 1
          407.400000 6.161815 3.665317 4.158996 1 1
          407.600000 5.904214 3.366334 4.157996 1 1
          407.800000 5.626005 3.111644 4.068997 1 1
          408.000000 5.378708 2.901248 4.118997 1 1
          408.200000 5.141715 2.679779 4.014997 1 1
          408.300000 5.007763 2.546897 4.032998 1 1
          408.500000 4.770770 2.325428 4.080998 1 1
          408.600000 4.647121 2.214693 4.060998 1 1
          408.800000 4.399825 2.015371 4.004998 1 1
          409.000000 4.183440 1.793901 4.001998 1 1
          409.200000 4.018575 1.572432 3.919999 1 1
          409.400000 3.822798 1.373110 3.890999 1 1
          409.600000 3.647630 1.207008 3.786999 1 1
          409.800000 3.462157 1.051979 3.662999 1 1
          410.000000 3.307597 0.896951 3.625999 1 1
          410.200000 3.163340 0.719775 3.515999 1 1
          410.300000 3.101516 0.642261 3.457999 1 1
          410.500000 2.957259 0.476159 3.311999 1 1
          410.700000 2.813003 0.420792 3.247999 1 1
          410.900000 2.720266 0.409718 3.090999 1 1
          411.100000 2.658442 0.398645 2.962999 1 1
          411.200000 2.637834 0.420792 2.905999 1 1
          411.300000 2.627530 0.431865 2.795999 1 1
          411.500000 2.627530 0.431865 2.698999 1 1
          411.700000 2.606922 0.431865 2.658999 1 1
          411.900000 2.606922 0.476159 2.603999 1 1
          412.100000 2.606921 0.487232 2.504999 1 1
          412.300000 2.576009 0.520453 2.540999 1 1
          412.500000 2.576009 0.542600 2.490999 1 1
          412.700000 2.576009 0.586894 2.480999 1 1
          412.900000 2.555401 0.586894 2.394999 1 1
          413.100000 2.534793 0.597967 2.381999 1 1
          413.300000 2.524489 0.609040 2.370999 1 1
          413.500000 2.503881 0.620114 2.349999 1 1
          413.700000 2.483273 0.620114 2.293999 1 1
          413.900000 -0.844931  0.498306  0.534000 1 2
          414.000000 -0.824323  0.476159  0.452000 1 2
          414.200000 -0.824323  0.476159  0.438000 1 2
          414.300000 -0.824323  0.465085  0.430000 1 2
          414.500000 -0.814019  0.476159  0.442000 1 2
          414.700000 -0.834627  0.476159  0.462000 1 2
          414.800000 -0.834627  0.487232  0.475000 1 2
          415.000000 -0.834627  0.487232  0.479000 1 2
          415.200000 -0.834627  0.476159  0.464000 1 2
          415.400000 -0.844931  0.487232  0.488000 1 2
          415.600000 -0.844931  0.487232  0.493000 1 2
          415.800000 -0.844931  0.487232  0.495000 1 2
          416.000000 -0.844931  0.487232  0.480000 1 2
          416.200000 -0.844931  0.487232  0.482000 1 2
          416.400000 -0.834627  0.476159  0.497000 1 2
          416.600000 -0.834627  0.476159  0.494000 1 2
          416.700000 -0.844931  0.476159  0.492000 1 2
          416.800000 -0.844931  0.487232  0.496000 1 2
          416.900000 -0.844931  0.487232  0.512000 1 2
          417.100000 -0.855235  0.487232  0.527000 1 2
          417.300000 -0.855235  0.498306  0.540000 1 2
          417.500000 -0.855235  0.487232  0.536000 1 2
          417.700000 -0.844931  0.487232  0.510000 1 2
          417.800000 -0.844931  0.487232  0.497000 1 2
          417.900000 -0.844931  0.487232  0.495000 1 2
          418.100000 -0.834627  0.476159  0.478000 1 2
          418.300000 -0.844931  0.487232  0.498000 1 2
          418.500000 -0.844931  0.487232  0.494000 1 2
          418.700000 -0.844931  0.476159  0.474000 1 2
          418.800000 -0.844931  0.487232  0.492000 1 2
          418.900000 -0.844931  0.487232  0.501000 1 2
          419.100000 -0.855235  0.498306  0.526000 1 2
          419.200000 -0.855235  0.498306  0.529000 1 2
          419.300000 -0.844931  0.498306  0.538000 1 2
          419.500000 -0.855235  0.498306  0.542000 1 2
          419.700000 -0.855235  0.498306  0.512000 1 2
          419.800000 -0.855235  0.498306  0.518000 1 2
          419.900000 -0.855235  0.498306  0.521000 1 2
          420.100000 -0.855235  0.498306  0.528000 1 2
          420.200000 -0.844931  0.487232  0.510000 1 2
          420.300000 -0.844931  0.498306  0.520000 1 2
          420.500000 -0.844931  0.498306  0.517000 1 2
          420.700000 -0.855235  0.498306  0.536000 1 2
          420.800000 -0.855235  0.498306  0.522000 1 2
          420.900000 -0.844931  0.487232  0.511000 1 2
          421.100000 -0.844931  0.498306  0.517000 1 2
          421.200000 -0.844931  0.487232  0.509000 1 2
          421.300000 -0.844931  0.498306  0.514000 1 2
          421.500000 -0.844931  0.498306  0.526000 1 2
          421.700000 -0.844931  0.487232  0.504000 1 2
          421.800000 -0.834627  0.487232  0.486000 1 2
          421.900000 -0.834627  0.487232  0.471000 1 2
          422.000000 -0.844931  0.487232  0.484000 1 2
          422.100000 -0.844931  0.487232  0.485000 1 2
          422.200000 -0.844931  0.487232  0.491000 1 2
          422.300000 -0.834627  0.487232  0.485000 1 2
          422.500000 -0.834627  0.487232  0.472000 1 2
          422.700000 -0.834627  0.476159  0.461000 1 2
          422.800000 -0.834627  0.487232  0.467000 1 2
          422.900000 -0.834627  0.487232  0.476000 1 2
          423.000000 -0.834627  0.487232  0.471000 1 2
          423.100000 -0.834627  0.487232  0.472000 1 2
          423.200000 -0.834627  0.487232  0.466000 1 2
          423.300000 -0.834627  0.487232  0.467000 1 2
          423.500000 -0.834627  0.476159  0.462000 1 2
          423.700000 -0.834627  0.487232  0.480000 1 2
          423.800000 -0.844931  0.487232  0.481000 1 2
          423.900000 -0.834627  0.487232  0.473000 1 2
          424.100000 -0.844931  0.487232  0.490000 1 2
