            0.000000 -14099.884859  12411.690955     54.763727
            0.125000 -14100.043128  12411.325172     56.314099
            0.218750 -14100.019863  12411.344486     56.925725
            0.312500 -14100.224663  12411.402664     57.442612
            0.406250 -14100.201398  12411.190684     57.959354
            0.500000 -14100.406198  12411.248862     58.476241
            0.625000 -14100.201398  12411.190684     57.959354
            0.718750 -14100.201398  12411.421979     58.054237
            0.812500 -14100.224663  12411.633959     57.537494
            0.906250 -14100.201398  12411.421979     58.054237
            1.000000 -14100.224663  12411.633959     57.537494
            1.125000 -14100.224663  12411.633959     57.537494
            1.218750 -14100.452729  12411.904118     57.537639
            1.312500 -14100.224663  12411.633959     57.537494
            1.406250 -14100.019863  12411.575781     57.020607
            1.500000 -14100.019863  12411.575781     57.020607
            1.625000 -14100.224663  12411.402664     57.442612
            1.718750 -14100.019863  12411.575781     57.020607
            1.812500 -14100.019863  12411.807076     57.115490
            1.906250 -14100.019863  12411.575781     57.020607
            2.000000 -14100.247929  12411.614645     56.925869
            2.125000 -14100.247929  12411.845940     57.020752
            2.218750 -14100.247929  12411.845940     57.020752
            2.312500 -14100.247929  12411.845940     57.020752
            2.406250 -14100.224663  12411.402664     57.442612
            2.500000 -14100.019863  12411.575781     57.020607
            2.625000 -14100.019863  12411.575781     57.020607
            2.718750 -14100.224663  12411.402664     57.442612
            2.812500 -14100.224663  12411.402664     57.442612
            2.906250 -14100.224663  12411.402664     57.442612
            3.000000 -14099.996597  12411.363800     57.537350
            3.125000 -14099.996597  12411.363800     57.537350
            3.218750 -14100.201398  12411.190684     57.959354
            3.312500 -14100.201398  12411.190684     57.959354
            3.406250 -14099.768531  12411.324936     57.632089
            3.500000 -14099.996597  12411.363800     57.537350
            3.625000 -14099.996597  12411.363800     57.537350
            3.718750 -14099.768531  12411.093641     57.537206
            3.812500 -14099.768531  12411.324936     57.632089
            3.906250 -14099.768531  12411.324936     57.632089
            4.000000 -14099.768531  12411.324936     57.632089
            4.125000 -14099.768531  12411.093641     57.537206
            4.218750 -14099.791797  12411.536917     57.115346
            4.312500 -14099.791797  12411.536917     57.115346
            4.406250 -14098.567584  12413.962673     49.225986
            4.500000 -14098.567584  12413.962673     49.225986
            4.625000 -14098.795650  12414.232832     49.226130
            4.718750 -14098.795650  12414.232832     49.226130
            4.812500 -14098.795650  12414.232832     49.226130
            4.906250 -14098.795650  12414.232832     49.226130
            5.000000 -14098.795650  12414.232832     49.226130
            5.125000 -14098.567584  12414.193968     49.320868
            5.218750 -14098.590849  12414.174654     48.709243
            5.312500 -14098.590849  12414.174654     48.709243
            5.406250 -14098.590849  12414.174654     48.709243
            5.500000 -14098.795650  12414.232832     49.226130
            5.625000 -14098.795650  12414.232832     49.226130
            5.718750 -14098.795650  12414.232832     49.226130
            5.812500 -14098.795650  12414.232832     49.226130
            5.906250 -14098.795650  12414.232832     49.226130
            6.000000 -14098.818915  12414.444813     48.709387
            6.125000 -14099.023716  12414.502991     49.226274
            6.218750 -14099.023716  12414.502991     49.226274
            6.312500 -14099.023716  12414.502991     49.226274
            6.406250 -14098.818915  12414.676107     48.804270
            6.500000 -14099.023716  12414.502991     49.226274
            6.625000 -14099.023716  12414.502991     49.226274
            6.718750 -14099.023716  12414.502991     49.226274
            6.812500 -14099.023716  12414.502991     49.226274
            6.906250 -14099.023716  12414.502991     49.226274
            7.000000 -14099.023716  12414.502991     49.226274
            7.125000 -14099.228516  12414.561169     49.743161
            7.218750 -14099.228516  12414.561169     49.743161
            7.312500 -14099.228516  12414.561169     49.743161
            7.406250 -14099.228516  12414.561169     49.743161
            7.500000 -14099.228516  12414.561169     49.743161
            7.625000 -14099.228516  12414.561169     49.743161
            7.718750 -14099.228516  12414.561169     49.743161
            7.812500 -14099.228516  12414.561169     49.743161
            7.906250 -14098.795650  12414.464127     49.321013
            8.000000 -14098.795650  12414.232832     49.226130
            8.125000 -14098.795650  12414.232832     49.226130
            8.218750 -14098.795650  12414.232832     49.226130
            8.312500 -14098.590849  12414.174654     48.709243
            8.406250 -14098.590849  12414.174654     48.709243
            8.500000 -14098.590849  12414.174654     48.709243
            8.625000 -14098.795650  12414.232832     49.226130
            8.718750 -14098.567584  12413.962673     49.225986
            8.812500 -14098.567584  12413.962673     49.225986
            8.906250 -14098.567584  12413.962673     49.225986
            9.000000 -14098.339517  12413.923809     49.320724
            9.125000 -14098.567584  12413.962673     49.225986
            9.218750 -14098.567584  12413.962673     49.225986
            9.312500 -14098.567584  12413.962673     49.225986
            9.406250 -14098.544318  12413.750693     49.742728
            9.500000 -14098.772384  12413.789557     49.647990
            9.625000 -14098.544318  12413.750693     49.742728
            9.718750 -14098.544318  12413.750693     49.742728
            9.812500 -14098.567584  12413.962673     49.225986
            9.906250 -14098.567584  12413.962673     49.225986
           10.000000 -14098.339517  12413.923809     49.320724
           10.125000 -14098.772384  12413.789557     49.647990
           10.218750 -14098.749118  12413.808871     50.259615
           10.312500 -14098.544318  12413.981987     49.837611
           10.406250 -14098.772384  12414.020851     49.742872
           10.500000 -14098.772384  12414.020851     49.742872
           10.625000 -14098.772384  12414.020851     49.742872
           10.718750 -14098.772384  12414.252146     49.837755
           10.812500 -14099.000450  12414.291010     49.743017
           10.906250 -14098.567584  12414.193968     49.320868
           11.000000 -14098.567584  12414.193968     49.320868
           11.125000 -14098.567584  12414.193968     49.320868
           11.218750 -14098.567584  12414.193968     49.320868
           11.312500 -14098.339517  12413.923809     49.320724
           11.406250 -14098.567584  12413.962673     49.225986
           11.500000 -14098.772384  12414.020851     49.742872
           11.625000 -14098.544318  12413.981987     49.837611
           11.718750 -14098.772384  12414.252146     49.837755
           11.812500 -14098.977185  12414.079030     50.259759
           11.906250 -14098.977185  12414.079030     50.259759
           12.000000 -14098.977185  12414.079030     50.259759
           12.125000 -14098.977185  12414.079030     50.259759
           12.218750 -14098.977185  12414.310324     50.354642
           12.312500 -14099.181985  12414.137208     50.776646
           12.406250 -14098.953919  12413.867049     50.776502
           12.500000 -14098.953919  12414.098344     50.871385
           12.625000 -14099.181985  12414.137208     50.776646
           12.718750 -14101.588470  12411.405265     62.705930
           12.812500 -14098.046874  12390.549889     93.783621
           12.906250 -14098.023608  12390.106614     94.205481
           13.000000 -14097.772276  12389.855769     94.816962
           13.125000 -14097.953811  12389.701967     95.850592
           13.218750 -14098.158612  12389.528850     96.272596
           13.312500 -14098.135346  12389.316870     96.789339
           13.406250 -14098.112080  12389.104889     97.306081
           13.500000 -14097.702479  12389.219828     96.367190
           13.625000 -14097.316144  12389.315452     94.816674
           13.718750 -14096.929808  12389.873665     93.455923
           13.812500 -14096.976340  12390.066332     92.327555
           13.906250 -14096.999605  12390.278312     91.810813
           14.000000 -14097.432472  12390.606649     92.327844
           14.125000 -14097.432472  12390.837944     92.422726
           14.218750 -14096.818070  12390.894704     90.966949
           14.312500 -14097.046136  12390.933568     90.872210
           14.406250 -14096.636535  12391.279801     90.028202
           14.500000 -14096.659801  12391.260487     89.416577
           14.625000 -14096.455000  12391.433603     88.994572
           14.718750 -14096.478266  12391.876879     88.572713
           14.812500 -14096.091931  12392.203797     87.117079
           14.906250 -14096.115196  12392.415778     86.600336
           15.000000 -14096.138462  12392.627759     86.083594
           15.125000 -14096.161728  12392.839739     85.566851
           15.218750 -14095.775392  12393.166658     84.111218
           15.312500 -14095.798658  12393.378639     83.594475
           15.406250 -14095.821923  12393.590619     83.077732
           15.500000 -14084.939639  12390.989786     62.410753
           15.625000 -14085.395771  12391.298809     62.316158
           15.718750 -14085.419037  12391.742084     61.894299
           15.812500 -14086.079970  12392.109286     62.316591
           15.906250 -14086.103235  12392.552561     61.894731
           16.000000 -14086.331301  12392.822720     61.894876
           16.125000 -14086.559368  12393.324173     61.989903
           16.218750 -14087.425101  12393.518258     62.834199
           16.312500 -14087.220301  12393.691375     62.412195
           16.406250 -14087.448367  12393.961533     62.412339
           16.500000 -14087.471632  12394.173514     61.895597
           16.625000 -14087.699699  12394.443673     61.895741
           16.718750 -14088.337366  12394.830188     62.929659
           16.812500 -14089.203099  12395.486862     63.963721
           16.906250 -14089.635966  12395.583905     64.385869
           17.000000 -14090.068833  12395.912242     64.902900
           17.125000 -14089.659232  12395.795885     63.869127
           17.218750 -14089.249631  12395.910823     62.930236
           17.312500 -14092.414701  12397.168830     68.426803
           17.406250 -14092.005100  12397.283768     67.487912
           17.500000 -14091.823565  12397.437571     66.454282
           17.625000 -14092.051632  12397.476435     66.359544
           17.718750 -14091.846831  12397.880846     66.032422
           17.812500 -14092.074897  12397.919710     65.937684
           17.906250 -14092.098163  12398.362985     65.515824
           18.000000 -14090.641293  12397.975052     62.509241
           18.125000 -14091.278961  12398.130272     63.448277
           18.218750 -14092.349495  12398.613830     64.904343
           18.312500 -14092.144694  12398.786947     64.482339
           18.406250 -14094.457802  12407.250167     54.390960
           18.500000 -14094.457802  12407.018872     54.296077
           18.625000 -14095.300270  12407.232271     55.751999
           18.718750 -14095.937937  12407.618787     56.785917
           18.812500 -14094.685868  12407.520326     54.391104
           18.906250 -14095.118735  12407.617368     54.813252
           19.000000 -14095.756402  12408.003884     55.847170
           19.125000 -14097.236537  12408.372503     58.242128
           19.218750 -14098.079005  12408.817197     59.792932
           19.312500 -14098.488606  12408.933553     60.826706
           19.406250 -14097.031737  12408.314325     57.725241
           19.500000 -14097.031737  12408.545620     57.820123
           19.625000 -14098.079005  12408.585902     59.698050
           19.718750 -14098.283806  12408.875375     60.309819
           19.812500 -14099.559140  12409.185816     62.187890
           19.906250 -14098.511872  12409.145534     60.309963
           20.000000 -14099.354340  12409.358933     61.765885
           20.125000 -14099.149539  12409.300754     61.248999
           20.218750 -14099.354340  12409.358933     61.765885
           20.312500 -14100.196807  12409.572332     63.221807
           20.406250 -14099.968741  12409.533467     63.316546
           20.500000 -14099.149539  12409.300754     61.248999
           20.625000 -14099.992007  12409.745448     62.799803
           20.718750 -14100.606409  12409.919983     64.350464
           20.812500 -14099.992007  12409.514153     62.704921
           20.906250 -14098.307071  12409.318650     59.887959
           21.000000 -14098.739938  12409.184398     60.215225
           21.125000 -14098.535137  12409.357514     59.793221
           21.218750 -14098.535137  12409.357514     59.793221
           21.312500 -14098.739938  12409.415693     60.310108
           21.406250 -14098.535137  12409.357514     59.793221
           21.500000 -14098.535137  12409.357514     59.793221
           21.625000 -14098.535137  12409.357514     59.793221
           21.718750 -14098.535137  12409.357514     59.793221
           21.812500 -14098.535137  12409.357514     59.793221
           21.906250 -14098.739938  12409.415693     60.310108
           22.000000 -14098.102271  12409.260472     59.371073
           22.125000 -14097.897470  12409.202294     58.854186
           22.218750 -14097.692670  12409.144116     58.337299
           22.312500 -14097.487869  12409.085937     57.820412
           22.406250 -14097.487869  12409.317232     57.915295
           22.500000 -14097.283069  12409.027759     57.303525
           22.625000 -14097.078268  12409.200876     56.881521
           22.718750 -14097.078268  12409.200876     56.881521
           22.812500 -14097.078268  12409.200876     56.881521
           22.906250 -14097.511135  12409.529213     57.398552
           23.000000 -14097.511135  12409.297918     57.303669
           23.125000 -14115.770829  12415.148931     91.126357
           23.218750 -14115.361228  12415.032574     90.092583
           23.312500 -14115.361228  12414.801279     89.997701
           23.406250 -14115.361228  12415.032574     90.092583
           23.500000 -14115.794095  12415.129617     90.514732
           23.625000 -14115.794095  12415.360911     90.609614
           23.718750 -14115.794095  12415.360911     90.609614
           23.812500 -14115.794095  12415.360911     90.609614
           23.906250 -14115.589294  12415.302733     90.092728
           24.000000 -14115.384494  12415.244555     89.575841
           24.125000 -14115.179693  12415.417671     89.153837
           24.218750 -14114.974893  12415.128198     88.542067
           24.312500 -14114.770092  12415.301315     88.120063
           24.406250 -14114.565292  12415.011842     87.508293
           24.500000 -14113.927624  12415.087916     86.664141
           24.625000 -14113.927624  12414.856621     86.569258
           24.718750 -14113.518023  12414.971559     85.630367
           24.812500 -14113.518023  12414.971559     85.630367
           24.906250 -14113.313223  12414.913381     85.113480
           25.000000 -14113.108422  12414.855203     84.596593
           25.125000 -14112.903622  12414.797025     84.079707
           25.218750 -14112.675555  12414.758161     84.174445
           25.312500 -14112.470755  12414.699982     83.657558
           25.406250 -14112.265954  12414.641804     83.140671
           25.500000 -14112.061154  12414.583626     82.623785
           25.625000 -14112.061154  12414.583626     82.623785
           25.718750 -14111.856353  12414.525448     82.106898
           25.812500 -14111.856353  12414.525448     82.106898
           25.906250 -14111.651553  12414.467269     81.590011
           26.000000 -14111.446752  12414.640386     81.168007
           26.125000 -14111.446752  12414.409091     81.073124
           26.218750 -14111.218686  12414.370227     81.167863
           26.312500 -14111.446752  12414.409091     81.073124
           26.406250 -14111.446752  12414.409091     81.073124
           26.500000 -14111.241952  12414.582208     80.651120
           26.625000 -14111.241952  12414.582208     80.651120
           26.718750 -14111.241952  12414.582208     80.651120
           26.812500 -14111.241952  12414.582208     80.651120
           26.906250 -14111.241952  12414.582208     80.651120
           27.000000 -14111.241952  12414.582208     80.651120
           27.125000 -14111.241952  12414.350913     80.556237
           27.218750 -14111.037151  12414.524029     80.134233
           27.312500 -14111.241952  12414.582208     80.651120
           27.406250 -14111.241952  12414.582208     80.651120
           27.500000 -14111.241952  12414.582208     80.651120
           27.625000 -14111.241952  12414.582208     80.651120
           27.718750 -14111.470018  12414.621072     80.556381
           27.812500 -14111.470018  12414.621072     80.556381
           27.906250 -14112.084419  12414.795606     82.107042
           28.000000 -14112.494021  12414.911963     83.140816
           28.125000 -14113.131688  12414.835889     83.984968
           28.218750 -14113.131688  12414.835889     83.984968
           28.312500 -14113.131688  12414.835889     83.984968
           28.406250 -14113.131688  12414.835889     83.984968
           28.500000 -14113.131688  12414.835889     83.984968
           28.625000 -14112.926887  12414.777710     83.468081
           28.718750 -14112.926887  12414.777710     83.468081
           28.812500 -14112.722087  12414.950827     83.046077
           28.906250 -14112.517286  12414.892649     82.529190
           29.000000 -14112.517286  12414.661354     82.434307
           29.125000 -14112.312486  12414.834470     82.012303
           29.218750 -14111.879619  12414.737428     81.590155
           29.312500 -14111.674818  12414.910545     81.168151
           29.406250 -14111.470018  12414.852366     80.651264
           29.500000 -14111.265217  12414.794188     80.134377
           29.625000 -14111.060417  12414.736010     79.617490
           29.718750 -14110.855616  12414.677832     79.100604
           29.812500 -14110.650816  12414.850948     78.678600
           29.906250 -14110.446015  12414.792770     78.161713
           30.000000 -14110.446015  12414.792770     78.161713
           30.125000 -14110.241215  12414.734592     77.644826
           30.218750 -14110.036414  12414.907708     77.222822
           30.312500 -14109.808348  12414.637549     77.222678
           30.406250 -14109.831613  12414.849530     76.705935
           30.500000 -14109.603547  12414.579371     76.705791
           30.625000 -14109.398747  12414.752487     76.283787
           30.718750 -14109.193946  12414.925604     75.861783
           30.812500 -14109.193946  12414.694309     75.766900
           30.906250 -14108.989146  12414.867426     75.344896
           31.000000 -14108.989146  12414.636131     75.250013
           31.125000 -14108.784345  12414.809247     74.828009
           31.218750 -14108.784345  12414.809247     74.828009
           31.312500 -14108.579545  12414.751069     74.311122
           31.406250 -14108.579545  12414.751069     74.311122
           31.500000 -14108.579545  12414.751069     74.311122
           31.625000 -14108.374744  12414.692891     73.794235
           31.718750 -14108.146678  12414.654027     73.888974
           31.812500 -14107.941877  12414.595849     73.372087
           31.906250 -14107.941877  12414.595849     73.372087
           32.000000 -14107.941877  12414.595849     73.372087
           32.125000 -14107.737077  12414.768965     72.950083
           32.218750 -14107.737077  12414.537670     72.855200
           32.312500 -14107.737077  12414.537670     72.855200
           32.406250 -14107.737077  12414.537670     72.855200
           32.500000 -14107.532276  12414.710787     72.433196
           32.625000 -14107.532276  12414.710787     72.433196
           32.718750 -14107.532276  12414.479492     72.338313
           32.812500 -14107.532276  12414.479492     72.338313
           32.906250 -14107.327476  12414.652608     71.916309
           33.000000 -14107.327476  12414.652608     71.916309
           33.125000 -14107.327476  12414.652608     71.916309
           33.218750 -14107.327476  12414.421314     71.821426
           33.312500 -14107.122675  12414.825725     71.494305
           33.406250 -14107.122675  12414.594430     71.399422
           33.500000 -14107.122675  12414.594430     71.399422
           33.625000 -14107.122675  12414.594430     71.399422
           33.718750 -14107.122675  12414.594430     71.399422
           33.812500 -14106.917875  12414.767547     70.977418
           33.906250 -14107.122675  12414.594430     71.399422
           34.000000 -14106.917875  12414.767547     70.977418
           34.125000 -14106.917875  12414.767547     70.977418
           34.218750 -14106.917875  12414.767547     70.977418
           34.312500 -14106.689808  12414.497388     70.977274
           34.406250 -14106.917875  12414.536252     70.882535
           34.500000 -14106.689808  12414.497388     70.977274
           34.625000 -14106.689808  12414.497388     70.977274
           34.718750 -14106.485008  12414.670504     70.555270
           34.812500 -14106.713074  12414.709368     70.460531
           34.906250 -14106.485008  12414.670504     70.555270
           35.000000 -14106.485008  12414.670504     70.555270
           35.125000 -14106.485008  12414.670504     70.555270
           35.218750 -14106.485008  12414.670504     70.555270
           35.312500 -14106.485008  12414.670504     70.555270
           35.406250 -14106.485008  12414.670504     70.555270
           35.500000 -14106.280207  12414.612326     70.038383
           35.625000 -14106.280207  12414.612326     70.038383
           35.718750 -14106.280207  12414.612326     70.038383
           35.812500 -14106.280207  12414.612326     70.038383
           35.906250 -14106.280207  12414.612326     70.038383
           36.000000 -14106.280207  12414.612326     70.038383
           36.125000 -14106.280207  12414.612326     70.038383
           36.218750 -14106.280207  12414.612326     70.038383
           36.312500 -14106.075407  12414.785443     69.616379
           36.406250 -14106.075407  12414.785443     69.616379
           36.500000 -14106.075407  12414.554148     69.521496
           36.625000 -14106.075407  12414.554148     69.521496
           36.718750 -14106.075407  12414.554148     69.521496
           36.812500 -14106.075407  12414.554148     69.521496
           36.906250 -14106.075407  12414.554148     69.521496
           37.000000 -14106.075407  12414.554148     69.521496
           37.125000 -14105.870606  12414.727264     69.099492
           37.218750 -14105.642540  12414.688400     69.194231
           37.312500 -14105.642540  12414.688400     69.194231
           37.406250 -14105.642540  12414.688400     69.194231
           37.500000 -14105.642540  12414.688400     69.194231
           37.625000 -14105.642540  12414.688400     69.194231
           37.718750 -14105.642540  12414.457106     69.099348
           37.812500 -14105.642540  12414.457106     69.099348
           37.906250 -14105.642540  12414.457106     69.099348
           38.000000 -14105.642540  12414.457106     69.099348
           38.125000 -14105.642540  12414.457106     69.099348
           38.218750 -14105.642540  12414.457106     69.099348
           38.312500 -14105.437739  12414.630222     68.677344
           38.406250 -14105.437739  12414.630222     68.677344
           38.500000 -14105.437739  12414.630222     68.677344
           38.625000 -14105.437739  12414.630222     68.677344
           38.718750 -14105.437739  12414.630222     68.677344
           38.812500 -14105.437739  12414.630222     68.677344
           38.906250 -14105.437739  12414.630222     68.677344
           39.000000 -14105.437739  12414.630222     68.677344
           39.125000 -14105.437739  12414.630222     68.677344
           39.218750 -14105.437739  12414.630222     68.677344
           39.312500 -14105.437739  12414.630222     68.677344
           39.406250 -14105.437739  12414.398927     68.582461
           39.500000 -14105.437739  12414.398927     68.582461
           39.625000 -14105.437739  12414.398927     68.582461
           39.718750 -14105.437739  12414.398927     68.582461
           39.812500 -14105.437739  12414.398927     68.582461
           39.906250 -14105.004873  12414.533180     68.255195
           40.000000 -14105.232939  12414.572044     68.160457
           40.125000 -14105.004873  12414.533180     68.255195
           40.218750 -14105.004873  12414.533180     68.255195
           40.312500 -14105.004873  12414.533180     68.255195
           40.406250 -14105.004873  12414.533180     68.255195
           40.500000 -14105.004873  12414.533180     68.255195
           40.625000 -14105.004873  12414.533180     68.255195
           40.718750 -14105.004873  12414.533180     68.255195
           40.812500 -14105.004873  12414.533180     68.255195
           40.906250 -14105.004873  12414.533180     68.255195
           41.000000 -14105.004873  12414.533180     68.255195
           41.125000 -14105.004873  12414.533180     68.255195
           41.218750 -14105.004873  12414.533180     68.255195
           41.312500 -14105.004873  12414.301885     68.160313
           41.406250 -14105.004873  12414.533180     68.255195
           41.500000 -14105.004873  12414.301885     68.160313
           41.625000 -14105.004873  12414.301885     68.160313
           41.718750 -14104.800072  12414.475001     67.738309
           41.812500 -14104.800072  12414.475001     67.738309
           41.906250 -14104.800072  12414.475001     67.738309
           42.000000 -14104.800072  12414.475001     67.738309
           42.125000 -14104.800072  12414.475001     67.738309
           42.218750 -14104.800072  12414.475001     67.738309
           42.312500 -14104.800072  12414.475001     67.738309
           42.406250 -14104.800072  12414.475001     67.738309
           42.500000 -14104.800072  12414.475001     67.738309
           42.625000 -14104.800072  12414.475001     67.738309
           42.718750 -14104.800072  12414.475001     67.738309
           42.812500 -14104.800072  12414.475001     67.738309
           42.906250 -14104.800072  12414.475001     67.738309
           43.000000 -14104.800072  12414.475001     67.738309
           43.125000 -14104.800072  12414.475001     67.738309
           43.218750 -14104.800072  12414.475001     67.738309
           43.312500 -14104.572006  12414.436137     67.833047
           43.406250 -14104.572006  12414.436137     67.833047
           43.500000 -14104.572006  12414.436137     67.833047
           43.625000 -14104.572006  12414.436137     67.833047
           43.718750 -14104.572006  12414.436137     67.833047
           43.812500 -14104.572006  12414.436137     67.833047
           43.906250 -14104.572006  12414.204843     67.738164
           44.000000 -14104.367205  12414.377959     67.316160
           44.125000 -14104.367205  12414.377959     67.316160
           44.218750 -14104.572006  12414.436137     67.833047
           44.312500 -14104.367205  12414.377959     67.316160
           44.406250 -14104.367205  12414.377959     67.316160
           44.500000 -14104.367205  12414.377959     67.316160
           44.625000 -14104.367205  12414.377959     67.316160
           44.718750 -14104.367205  12414.377959     67.316160
           44.812500 -14104.367205  12414.377959     67.316160
           44.906250 -14104.367205  12414.377959     67.316160
           45.000000 -14104.367205  12414.377959     67.316160
           45.125000 -14104.367205  12414.377959     67.316160
           45.218750 -14104.367205  12414.377959     67.316160
           45.312500 -14104.367205  12414.377959     67.316160
           45.406250 -14104.367205  12414.377959     67.316160
           45.500000 -14104.367205  12414.377959     67.316160
           45.625000 -14104.367205  12414.377959     67.316160
           45.718750 -14104.367205  12414.377959     67.316160
           45.812500 -14104.367205  12414.377959     67.316160
           45.906250 -14104.367205  12414.377959     67.316160
           46.000000 -14104.367205  12414.377959     67.316160
           46.125000 -14104.367205  12414.377959     67.316160
           46.218750 -14104.367205  12414.377959     67.316160
           46.312500 -14104.367205  12414.377959     67.316160
           46.406250 -14104.367205  12414.377959     67.316160
           46.500000 -14104.367205  12414.377959     67.316160
           46.625000 -14104.367205  12414.377959     67.316160
           46.718750 -14104.367205  12414.377959     67.316160
           46.812500 -14104.367205  12414.377959     67.316160
           46.906250 -14104.367205  12414.377959     67.316160
           47.000000 -14104.367205  12414.377959     67.316160
           47.125000 -14104.367205  12414.377959     67.316160
           47.218750 -14104.367205  12414.377959     67.316160
           47.312500 -14104.367205  12414.377959     67.316160
           47.406250 -14104.367205  12414.377959     67.316160
           47.500000 -14104.162405  12414.551075     66.894156
           47.625000 -14104.139139  12414.339095     67.410899
           47.718750 -14104.139139  12414.339095     67.410899
           47.812500 -14104.367205  12414.377959     67.316160
           47.906250 -14104.139139  12414.339095     67.410899
           48.000000 -14104.139139  12414.339095     67.410899
           48.125000 -14103.934339  12414.512211     66.988895
           48.218750 -14104.139139  12414.339095     67.410899
           48.312500 -14104.162405  12414.551075     66.894156
           48.406250 -14104.139139  12414.339095     67.410899
           48.500000 -14104.139139  12414.339095     67.410899
           48.625000 -14103.934339  12414.512211     66.988895
           48.718750 -14104.139139  12414.339095     67.410899
           48.812500 -14103.934339  12414.512211     66.988895
           48.906250 -14104.139139  12414.339095     67.410899
           49.000000 -14103.934339  12414.512211     66.988895
           49.125000 -14103.934339  12414.512211     66.988895
           49.218750 -14104.139139  12414.339095     67.410899
           49.312500 -14103.934339  12414.512211     66.988895
           49.406250 -14103.934339  12414.512211     66.988895
           49.500000 -14103.934339  12414.512211     66.988895
           49.625000 -14103.934339  12414.512211     66.988895
           49.718750 -14104.139139  12414.339095     67.410899
           49.812500 -14104.139139  12414.339095     67.410899
           49.906250 -14103.934339  12414.512211     66.988895
           50.000000 -14103.934339  12414.512211     66.988895
           50.125000 -14103.934339  12414.512211     66.988895
           50.218750 -14103.934339  12414.512211     66.988895
           50.312500 -14103.934339  12414.512211     66.988895
           50.406250 -14103.934339  12414.512211     66.988895
           50.500000 -14103.934339  12414.512211     66.988895
           50.625000 -14104.139139  12414.339095     67.410899
           50.718750 -14103.934339  12414.512211     66.988895
           50.812500 -14103.934339  12414.512211     66.988895
           50.906250 -14103.934339  12414.512211     66.988895
           51.000000 -14103.934339  12414.512211     66.988895
           51.125000 -14103.934339  12414.512211     66.988895
           51.218750 -14103.934339  12414.512211     66.988895
           51.312500 -14103.934339  12414.512211     66.988895
           51.406250 -14103.934339  12414.512211     66.988895
           51.500000 -14103.934339  12414.512211     66.988895
           51.625000 -14103.934339  12414.512211     66.988895
           51.718750 -14103.934339  12414.512211     66.988895
           51.812500 -14103.934339  12414.512211     66.988895
           51.906250 -14103.934339  12414.512211     66.988895
           52.000000 -14103.934339  12414.512211     66.988895
           52.125000 -14103.934339  12414.512211     66.988895
           52.218750 -14103.934339  12414.512211     66.988895
           52.312500 -14103.934339  12414.512211     66.988895
           52.406250 -14103.934339  12414.512211     66.988895
           52.500000 -14103.934339  12414.512211     66.988895
           52.625000 -14103.934339  12414.512211     66.988895
           52.718750 -14103.934339  12414.512211     66.988895
           52.812500 -14103.934339  12414.512211     66.988895
           52.906250 -14103.934339  12414.512211     66.988895
           53.000000 -14103.934339  12414.512211     66.988895
           53.125000 -14103.934339  12414.512211     66.988895
           53.218750 -14103.934339  12414.512211     66.988895
           53.312500 -14103.934339  12414.512211     66.988895
           53.406250 -14103.934339  12414.512211     66.988895
           53.500000 -14103.934339  12414.512211     66.988895
           53.625000 -14103.934339  12414.512211     66.988895
           53.718750 -14103.934339  12414.512211     66.988895
           53.812500 -14103.934339  12414.512211     66.988895
           53.906250 -14103.934339  12414.512211     66.988895
           54.000000 -14104.139139  12414.339095     67.410899
           54.125000 -14104.139139  12414.339095     67.410899
           54.218750 -14103.911073  12414.300231     67.505637
           54.312500 -14103.911073  12414.300231     67.505637
           54.406250 -14103.911073  12414.531526     67.600520
           54.500000 -14103.911073  12414.531526     67.600520
           54.625000 -14104.115874  12414.358409     68.022524
           54.718750 -14103.887807  12414.319545     68.117263
           54.812500 -14104.637213  12413.685022     71.640155
           54.906250 -14104.637213  12413.685022     71.640155
           55.000000 -14104.613947  12413.704336     72.251781
           55.125000 -14104.455678  12414.070119     70.701409
           55.218750 -14104.227612  12414.031254     70.796147
           55.312500 -14104.022811  12414.204371     70.374143
           55.406250 -14103.841276  12414.589468     69.435397
           55.500000 -14103.636476  12414.531290     68.918510
           55.625000 -14103.431675  12414.704406     68.496506
           55.718750 -14103.250140  12415.089503     67.557759
           55.812500 -14103.250140  12415.089503     67.557759
           55.906250 -14103.045340  12415.262620     67.135755
           56.000000 -14102.840539  12415.435736     66.713751
           56.125000 -14102.840539  12415.435736     66.713751
           56.218750 -14102.635739  12415.608853     66.291747
           56.312500 -14102.430938  12415.781969     65.869743
           56.406250 -14102.226137  12415.955086     65.447739
           56.500000 -14102.226137  12415.955086     65.447739
           56.625000 -14102.226137  12415.955086     65.447739
           56.718750 -14102.226137  12415.955086     65.447739
           56.812500 -14102.021337  12416.128202     65.025735
           56.906250 -14102.021337  12416.128202     65.025735
           57.000000 -14100.294460  12417.589680     58.169571
           57.125000 -14100.294460  12417.589680     58.169571
           57.218750 -14103.724948  12414.454744     72.398641
           57.312500 -14102.975543  12415.320562     68.970631
           57.406250 -14103.157078  12414.935465     69.909378
           57.500000 -14103.157078  12415.166760     70.004261
           57.625000 -14103.157078  12415.166760     70.004261
           57.718750 -14103.157078  12415.166760     70.004261
           57.812500 -14103.361878  12414.993643     70.426265
           57.906250 -14103.361878  12414.993643     70.426265
           58.000000 -14103.338613  12414.781663     70.943007
           58.125000 -14103.338613  12414.781663     70.943007
           58.218750 -14103.338613  12414.781663     70.943007
           58.312500 -14103.543413  12414.608546     71.365011
           58.406250 -14103.543413  12414.839841     71.459894
           58.500000 -14103.520147  12414.627861     71.976637
           58.625000 -14103.520147  12414.627861     71.976637
           58.718750 -14103.724948  12414.454744     72.398641
           58.812500 -14103.724948  12414.686039     72.493524
           58.906250 -14103.929749  12414.512922     72.915528
           59.000000 -14103.724948  12414.454744     72.398641
           59.125000 -14103.724948  12414.686039     72.493524
           59.218750 -14103.724948  12414.454744     72.398641
           59.312500 -14103.724948  12414.686039     72.493524
           59.406250 -14103.724948  12414.454744     72.398641
           59.500000 -14103.724948  12414.454744     72.398641
           59.625000 -14103.724948  12414.454744     72.398641
           59.718750 -14103.724948  12414.454744     72.398641
           59.812500 -14103.724948  12414.454744     72.398641
           59.906250 -14103.724948  12414.454744     72.398641
           60.000000 -14103.724948  12414.454744     72.398641
           60.125000 -14103.724948  12414.686039     72.493524
           60.218750 -14103.724948  12414.454744     72.398641
           60.312500 -14103.724948  12414.686039     72.493524
           60.406250 -14103.929749  12414.512922     72.915528
           60.500000 -14103.701682  12414.474058     73.010266
           60.625000 -14103.929749  12414.281628     72.820645
           60.718750 -14103.701682  12414.474058     73.010266
           60.812500 -14103.701682  12414.474058     73.010266
           60.906250 -14103.906483  12414.300942     73.432270
           61.000000 -14103.906483  12414.300942     73.432270
           61.125000 -14103.906483  12414.300942     73.432270
           61.218750 -14103.906483  12414.300942     73.432270
           61.312500 -14103.906483  12414.300942     73.432270
           61.406250 -14103.906483  12414.300942     73.432270
           61.500000 -14103.906483  12414.300942     73.432270
           61.625000 -14103.906483  12414.300942     73.432270
           61.718750 -14104.111283  12414.127825     73.854275
           61.812500 -14104.111283  12414.127825     73.854275
           61.906250 -14104.111283  12414.359120     73.949157
           62.000000 -14104.111283  12414.359120     73.949157
           62.125000 -14104.111283  12414.359120     73.949157
           62.218750 -14104.111283  12414.127825     73.854275
           62.312500 -14104.111283  12414.359120     73.949157
           62.406250 -14104.111283  12414.359120     73.949157
           62.500000 -14104.111283  12414.359120     73.949157
           62.625000 -14104.111283  12414.359120     73.949157
           62.718750 -14104.111283  12414.359120     73.949157
           62.812500 -14104.111283  12414.359120     73.949157
           62.906250 -14104.111283  12414.359120     73.949157
           63.000000 -14104.134549  12414.571101     73.432415
           63.125000 -14104.134549  12414.571101     73.432415
           63.218750 -14104.134549  12414.571101     73.432415
           63.312500 -14104.134549  12414.571101     73.432415
           63.406250 -14104.134549  12414.339806     73.337532
           63.500000 -14104.134549  12414.571101     73.432415
           63.625000 -14104.134549  12414.339806     73.337532
           63.718750 -14104.134549  12414.571101     73.432415
           63.812500 -14104.134549  12414.339806     73.337532
           63.906250 -14104.134549  12414.339806     73.337532
           64.000000 -14104.134549  12414.571101     73.432415
           64.125000 -14103.929749  12414.512922     72.915528
           64.218750 -14103.929749  12414.744217     73.010411
           64.312500 -14103.929749  12414.512922     72.915528
           64.406250 -14103.929749  12414.512922     72.915528
           64.500000 -14103.929749  12414.744217     73.010411
           64.625000 -14103.929749  12414.512922     72.915528
           64.718750 -14103.929749  12414.744217     73.010411
           64.812500 -14103.929749  12414.512922     72.915528
           64.906250 -14103.929749  12414.512922     72.915528
           65.000000 -14103.929749  12414.512922     72.915528
           65.125000 -14104.157815  12414.783081     72.915672
           65.218750 -14103.929749  12414.512922     72.915528
           65.312500 -14103.953014  12414.724903     72.398785
           65.406250 -14103.953014  12414.724903     72.398785
           65.500000 -14103.953014  12414.724903     72.398785
           65.625000 -14103.953014  12414.724903     72.398785
           65.718750 -14103.953014  12414.724903     72.398785
           65.812500 -14103.953014  12414.724903     72.398785
           65.906250 -14103.953014  12414.724903     72.398785
           66.000000 -14103.953014  12414.724903     72.398785
           66.125000 -14103.953014  12414.724903     72.398785
           66.218750 -14103.953014  12414.724903     72.398785
           66.312500 -14103.748214  12414.898019     71.976781
           66.406250 -14103.929749  12414.744217     73.010411
           66.500000 -14103.385144  12415.205624     69.909522
           66.625000 -14103.180343  12415.378740     69.487518
           66.718750 -14103.203609  12415.590721     68.970775
           66.812500 -14103.203609  12415.590721     68.970775
           66.906250 -14103.203609  12415.590721     68.970775
           67.000000 -14102.998808  12415.532543     68.453889
           67.125000 -14102.998808  12415.532543     68.453889
           67.218750 -14102.998808  12415.532543     68.453889
           67.312500 -14102.998808  12415.532543     68.453889
           67.406250 -14102.998808  12415.532543     68.453889
           67.500000 -14102.998808  12415.532543     68.453889
           67.625000 -14102.794008  12415.705659     68.031885
           67.718750 -14102.794008  12415.705659     68.031885
           67.812500 -14102.794008  12415.705659     68.031885
           67.906250 -14102.794008  12415.705659     68.031885
           68.000000 -14102.794008  12415.705659     68.031885
           68.125000 -14102.794008  12415.705659     68.031885
           68.218750 -14102.794008  12415.705659     68.031885
           68.312500 -14102.998808  12415.532543     68.453889
           68.406250 -14102.998808  12415.532543     68.453889
           68.500000 -14102.998808  12415.532543     68.453889
           68.625000 -14102.998808  12415.532543     68.453889
           68.718750 -14102.998808  12415.532543     68.453889
           68.812500 -14102.998808  12415.532543     68.453889
           68.906250 -14102.998808  12415.532543     68.453889
           69.000000 -14102.998808  12415.763838     68.548771
           69.125000 -14102.998808  12415.763838     68.548771
           69.218750 -14102.998808  12415.763838     68.548771
           69.312500 -14102.998808  12415.763838     68.548771
           69.406250 -14102.998808  12415.763838     68.548771
           69.500000 -14102.998808  12415.763838     68.548771
           69.625000 -14102.998808  12415.763838     68.548771
           69.718750 -14102.998808  12415.763838     68.548771
           69.812500 -14102.998808  12415.763838     68.548771
           69.906250 -14102.998808  12415.763838     68.548771
           70.000000 -14102.998808  12415.763838     68.548771
           70.125000 -14102.998808  12415.763838     68.548771
           70.218750 -14102.998808  12415.763838     68.548771
           70.312500 -14102.998808  12415.763838     68.548771
           70.406250 -14102.998808  12415.763838     68.548771
           70.500000 -14102.998808  12415.763838     68.548771
           70.625000 -14102.998808  12415.763838     68.548771
           70.718750 -14102.998808  12415.763838     68.548771
           70.812500 -14102.998808  12415.763838     68.548771
           70.906250 -14102.998808  12415.763838     68.548771
           71.000000 -14103.203609  12415.590721     68.970775
           71.125000 -14103.203609  12415.590721     68.970775
           71.218750 -14103.203609  12415.590721     68.970775
           71.312500 -14103.203609  12415.590721     68.970775
           71.406250 -14103.203609  12415.590721     68.970775
           71.500000 -14103.203609  12415.590721     68.970775
           71.625000 -14103.203609  12415.590721     68.970775
           71.718750 -14103.203609  12415.590721     68.970775
           71.812500 -14103.203609  12415.590721     68.970775
           71.906250 -14103.203609  12415.590721     68.970775
           72.000000 -14103.203609  12415.590721     68.970775
           72.125000 -14103.203609  12415.590721     68.970775
           72.218750 -14103.203609  12415.590721     68.970775
           72.312500 -14103.203609  12415.590721     68.970775
           72.406250 -14103.203609  12415.590721     68.970775
           72.500000 -14103.203609  12415.590721     68.970775
           72.625000 -14103.203609  12415.590721     68.970775
           72.718750 -14103.203609  12415.590721     68.970775
           72.812500 -14103.203609  12415.590721     68.970775
           72.906250 -14103.203609  12415.590721     68.970775
           73.000000 -14103.203609  12415.590721     68.970775
           73.125000 -14103.203609  12415.590721     68.970775
           73.218750 -14103.203609  12415.590721     68.970775
           73.312500 -14103.203609  12415.590721     68.970775
           73.406250 -14103.203609  12415.590721     68.970775
           73.500000 -14103.203609  12415.590721     68.970775
           73.625000 -14103.203609  12415.590721     68.970775
           73.718750 -14103.203609  12415.590721     68.970775
           73.812500 -14103.203609  12415.590721     68.970775
           73.906250 -14103.203609  12415.590721     68.970775
           74.000000 -14103.408409  12415.417605     69.392780
           74.125000 -14103.408409  12415.417605     69.392780
           74.218750 -14103.408409  12415.417605     69.392780
           74.312500 -14103.180343  12415.378740     69.487518
           74.406250 -14103.180343  12415.378740     69.487518
           74.500000 -14103.180343  12415.147446     69.392635
           74.625000 -14103.180343  12415.147446     69.392635
           74.718750 -14103.180343  12415.147446     69.392635
           74.812500 -14102.952277  12414.877287     69.392491
           74.906250 -14102.952277  12414.877287     69.392491
           75.000000 -14102.952277  12414.645992     69.297608
           75.125000 -14102.724211  12414.607128     69.392347
           75.218750 -14102.724211  12414.375833     69.297464
           75.312500 -14102.496145  12414.336969     69.392203
           75.406250 -14102.496145  12414.105675     69.297320
           75.500000 -14102.268079  12414.066810     69.392058
           75.625000 -14102.268079  12413.835516     69.297176
           75.718750 -14102.040012  12413.565357     69.297031
           75.812500 -14102.040012  12413.334062     69.202149
           75.906250 -14101.811946  12413.295198     69.296887
           76.000000 -14101.811946  12413.063903     69.202004
           76.125000 -14101.583880  12412.793744     69.201860
           76.218750 -14101.355814  12412.523586     69.201716
           76.312500 -14101.355814  12412.292291     69.106833
           76.406250 -14101.127748  12412.022132     69.106689
           76.500000 -14100.899681  12411.751973     69.106545
           76.625000 -14100.671615  12411.481814     69.106400
           76.718750 -14100.443549  12411.211656     69.106256
           76.812500 -14100.443549  12410.980361     69.011373
           76.906250 -14100.420283  12410.537086     69.433233
           77.000000 -14099.987417  12410.440043     69.011085
           77.125000 -14099.964151  12409.996768     69.432945
           77.218750 -14099.736085  12409.726609     69.432800
           77.312500 -14099.736085  12409.495314     69.337918
           77.406250 -14099.508019  12409.225155     69.337773
           77.500000 -14099.279952  12408.954997     69.337629
           77.625000 -14099.051886  12408.453543     69.242602
           77.718750 -14098.823820  12408.414679     69.337341
           77.812500 -14098.595754  12407.913225     69.242314
           77.906250 -14098.367688  12407.643067     69.242169
           78.000000 -14098.139622  12407.372908     69.242025
           78.125000 -14098.139622  12407.141613     69.147142
           78.218750 -14098.116356  12406.698338     69.569002
           78.312500 -14097.888290  12406.428179     69.568858
           78.406250 -14097.660224  12406.158020     69.568714
           78.500000 -14097.660224  12405.926725     69.473831
           78.625000 -14097.432157  12405.656566     69.473687
           78.718750 -14105.507536  12416.653932     67.696413
           78.812500 -14101.248666  12414.700387     61.260522
           78.906250 -14101.271932  12414.912368     60.743780
           79.000000 -14092.675214  12405.050979     59.093188
           79.125000 -14096.831841  12401.069539     77.361893
           79.218750 -14096.808575  12400.626264     77.783753
           79.312500 -14096.627040  12401.011361     76.845006
           79.406250 -14096.240705  12401.338280     75.389373
           79.500000 -14096.263971  12401.318966     74.777747
           79.625000 -14095.854370  12401.665199     73.933739
           79.718750 -14095.854370  12401.433904     73.838856
           79.812500 -14095.649569  12401.375726     73.321970
           79.906250 -14096.152233  12402.340005     72.288773
           80.000000 -14096.403564  12403.053439     71.867057
           80.125000 -14096.426830  12403.265419     71.350315
           80.218750 -14096.654896  12403.535578     71.350459
           80.312500 -14096.882962  12403.805737     71.350603
           80.406250 -14096.882962  12404.037032     71.445486
           80.500000 -14096.882962  12404.037032     71.445486
           80.625000 -14097.315829  12404.134074     71.867634
           80.718750 -14097.111029  12404.307191     71.445630
           80.812500 -14097.339095  12404.346055     71.350892
           80.906250 -14097.339095  12404.346055     71.350892
           81.000000 -14097.339095  12404.346055     71.350892
           81.125000 -14097.339095  12404.346055     71.350892
           81.218750 -14097.339095  12404.346055     71.350892
           81.312500 -14097.339095  12404.346055     71.350892
           81.406250 -14097.339095  12404.346055     71.350892
           81.500000 -14097.339095  12404.346055     71.350892
           81.625000 -14097.339095  12404.346055     71.350892
           81.718750 -14097.339095  12404.346055     71.350892
           81.812500 -14097.134294  12404.519171     70.928888
           81.906250 -14097.134294  12404.750466     71.023770
           82.000000 -14097.362360  12404.789330     70.929032
           82.125000 -14097.362360  12404.789330     70.929032
           82.218750 -14097.362360  12405.020625     71.023915
           82.312500 -14097.362360  12405.020625     71.023915
           82.406250 -14097.590427  12405.059489     70.929176
           82.500000 -14097.590427  12405.290784     71.024059
           82.625000 -14097.818493  12405.560942     71.024203
           82.718750 -14097.841758  12405.772923     70.507460
           82.812500 -14098.069825  12406.043082     70.507605
           82.906250 -14098.093090  12406.486357     70.085745
           83.000000 -14098.321156  12406.525221     69.991006
           83.125000 -14098.321156  12406.756516     70.085889
           83.218750 -14098.344422  12407.199791     69.664029
           83.312500 -14098.572488  12407.469950     69.664173
           83.406250 -14098.800554  12407.740109     69.664318
           83.500000 -14098.823820  12408.183384     69.242458
           83.625000 -14098.823820  12408.414679     69.337341
           83.718750 -14099.051886  12408.684838     69.337485
           83.812500 -14099.279952  12408.954997     69.337629
           83.906250 -14099.508019  12409.225155     69.337773
           84.000000 -14099.736085  12409.495314     69.337918
           84.125000 -14099.964151  12409.765473     69.338062
           84.218750 -14100.192217  12410.035632     69.338206
           84.312500 -14100.420283  12410.537086     69.433233
           84.406250 -14100.648350  12410.807244     69.433377
           84.500000 -14101.081216  12411.135581     69.950408
           84.625000 -14101.081216  12411.366876     70.045291
           84.718750 -14101.309283  12411.868330     70.140318
           84.812500 -14101.742149  12411.965372     70.562467
           84.906250 -14101.970215  12412.466826     70.657494
           85.000000 -14102.426348  12412.775849     70.562899
           85.125000 -14102.426348  12413.238438     70.752665
           85.218750 -14103.087281  12413.374345     71.080075
           85.312500 -14103.087281  12413.836934     71.269840
           85.406250 -14103.543413  12414.145957     71.175246
           85.500000 -14103.771479  12414.416116     71.175390
           85.625000 -14103.794745  12414.859391     70.753530
           85.718750 -14104.022811  12415.360845     70.848557
           85.812500 -14104.250877  12415.631003     70.848702
           85.906250 -14104.478943  12415.901162     70.848846
           86.000000 -14104.707010  12416.402616     70.943873
           86.125000 -14104.935076  12416.672775     70.944017
           86.218750 -14104.958341  12417.116050     70.522157
           86.312500 -14105.186408  12417.617504     70.617184
           86.406250 -14105.414474  12418.118957     70.712211
           86.500000 -14105.870606  12418.427980     70.617617
           86.625000 -14106.098672  12418.929434     70.712644
           86.718750 -14106.326739  12419.199592     70.712788
           86.812500 -14106.554805  12419.701046     70.807815
           86.906250 -14106.782871  12419.971205     70.807960
           87.000000 -14107.010937  12420.472658     70.902987
           87.125000 -14107.239003  12420.742817     70.903131
           87.218750 -14107.695136  12421.283135     70.903419
           87.312500 -14107.923202  12421.553294     70.903564
           87.406250 -14107.946467  12422.227864     70.576586
           87.500000 -14108.174534  12422.498023     70.576731
           87.625000 -14108.402600  12422.999476     70.671758
           87.718750 -14108.858732  12423.308499     70.577163
           87.812500 -14109.086798  12423.809953     70.672190
           87.906250 -14109.110064  12424.253228     70.250331
           88.000000 -14109.338130  12424.754682     70.345358
           88.125000 -14109.794263  12425.063704     70.250763
           88.218750 -14110.022329  12425.565158     70.345790
           88.312500 -14110.250395  12426.066612     70.440817
           88.406250 -14110.478461  12426.336770     70.440962
           88.500000 -14110.706527  12426.838224     70.535989
           88.625000 -14110.729793  12427.281499     70.114129
           88.718750 -14110.957859  12427.551658     70.114273
           88.812500 -14111.185925  12427.821817     70.114417
           88.906250 -14111.413992  12428.091976     70.114562
           89.000000 -14111.413992  12428.323271     70.209444
           89.125000 -14111.437257  12428.535251     69.692702
           89.218750 -14111.665323  12428.574115     69.597963
           89.312500 -14111.665323  12428.805410     69.692846
           89.406250 -14111.665323  12428.805410     69.692846
           89.500000 -14111.688589  12429.017391     69.176103
           89.625000 -14111.688589  12429.017391     69.176103
           89.718750 -14111.483788  12429.190507     68.754099
           89.812500 -14111.483788  12428.959212     68.659217
           89.906250 -14111.483788  12429.190507     68.754099
           90.000000 -14111.483788  12428.959212     68.659217
           90.125000 -14111.278988  12429.132329     68.237212
           90.218750 -14111.278988  12429.132329     68.237212
           90.312500 -14111.278988  12429.132329     68.237212
           90.406250 -14111.074187  12429.305445     67.815208
           90.500000 -14111.074187  12429.074151     67.720326
           90.625000 -14111.074187  12429.074151     67.720326
           90.718750 -14111.074187  12429.074151     67.720326
           90.812500 -14110.869387  12429.247267     67.298322
           90.906250 -14110.641321  12428.977108     67.298177
           91.000000 -14110.641321  12428.977108     67.298177
           91.125000 -14110.641321  12428.977108     67.298177
           91.218750 -14110.641321  12428.745813     67.203294
           91.312500 -14110.641321  12428.745813     67.203294
           91.406250 -14110.208454  12428.648771     66.781146
           91.500000 -14110.208454  12428.648771     66.781146
           91.625000 -14110.208454  12428.417476     66.686263
           91.718750 -14110.208454  12428.417476     66.686263
           91.812500 -14109.980388  12428.147318     66.686119
           91.906250 -14109.980388  12428.147318     66.686119
           92.000000 -14109.980388  12427.916023     66.591236
           92.125000 -14109.752322  12427.877159     66.685975
           92.218750 -14109.752322  12427.645864     66.591092
           92.312500 -14109.524255  12427.607000     66.685831
           92.406250 -14109.524255  12427.375705     66.590948
           92.500000 -14109.524255  12427.375705     66.590948
           92.625000 -14109.296189  12427.105546     66.590804
           92.718750 -14109.296189  12426.874252     66.495921
           92.812500 -14109.068123  12426.835387     66.590659
           92.906250 -14109.068123  12426.604093     66.495777
           93.000000 -14108.840057  12426.333934     66.495632
           93.125000 -14108.635256  12426.507050     66.073628
           93.218750 -14108.840057  12426.102639     66.400750
           93.312500 -14108.611991  12425.832480     66.400605
           93.406250 -14108.407190  12426.005597     65.978601
           93.500000 -14108.179124  12425.735438     65.978457
           93.625000 -14108.179124  12425.504143     65.883574
           93.718750 -14107.951058  12425.465279     65.978313
           93.812500 -14107.951058  12425.233984     65.883430
           93.906250 -14107.722992  12424.963826     65.883286
           94.000000 -14107.722992  12424.732531     65.788403
           94.125000 -14107.494925  12424.693667     65.883142
           94.218750 -14107.494925  12424.462372     65.788259
           94.312500 -14107.266859  12424.192213     65.788115
           94.406250 -14107.266859  12423.960918     65.693232
           94.500000 -14107.038793  12423.690760     65.693087
           94.625000 -14106.810727  12423.651895     65.787826
           94.718750 -14106.810727  12423.420601     65.692943
           94.812500 -14106.582661  12423.150442     65.692799
           94.906250 -14106.582661  12422.919147     65.597916
           95.000000 -14106.354594  12422.880283     65.692655
           95.125000 -14106.149794  12422.822105     65.175768
           95.218750 -14105.921728  12422.551946     65.175624
           95.312500 -14105.921728  12422.320651     65.080741
           95.406250 -14105.693662  12422.050492     65.080597
           95.500000 -14105.693662  12421.819198     64.985714
           95.625000 -14105.465595  12421.780334     65.080452
           95.718750 -14105.237529  12421.510175     65.080308
           95.812500 -14105.237529  12421.278880     64.985425
           95.906250 -14105.009463  12421.008721     64.985281
           96.000000 -14104.781397  12420.738562     64.985137
           96.125000 -14104.781397  12420.507268     64.890254
           96.218750 -14104.553331  12420.237109     64.890110
           96.312500 -14104.348530  12420.178931     64.373223
           96.406250 -14104.120464  12419.908772     64.373079
           96.500000 -14103.892398  12419.638613     64.372935
           96.625000 -14103.892398  12419.407318     64.278052
           96.718750 -14103.664331  12419.137159     64.277907
           96.812500 -14103.436265  12418.867001     64.277763
           96.906250 -14103.436265  12418.635706     64.182880
           97.000000 -14103.208199  12418.365547     64.182736
           97.125000 -14102.980133  12418.095388     64.182592
           97.218750 -14102.752067  12417.825229     64.182448
           97.312500 -14102.752067  12417.593935     64.087565
           97.406250 -14102.524001  12417.323776     64.087421
           97.500000 -14102.524001  12417.092481     63.992538
           97.625000 -14102.295934  12417.053617     64.087276
           97.718750 -14102.295934  12416.822322     63.992394
           97.812500 -14102.067868  12416.552163     63.992249
           97.906250 -14102.067868  12416.552163     63.992249
           98.000000 -14102.067868  12416.320869     63.897367
           98.125000 -14101.839802  12416.282004     63.992105
           98.218750 -14101.635001  12416.455121     63.570101
           98.312500 -14101.635001  12416.223826     63.475218
           98.406250 -14101.635001  12416.223826     63.475218
           98.500000 -14101.635001  12416.223826     63.475218
           98.625000 -14101.635001  12416.223826     63.475218
           98.718750 -14101.635001  12416.223826     63.475218
           98.812500 -14101.406935  12416.184962     63.569957
           98.906250 -14101.406935  12415.953667     63.475074
           99.000000 -14101.635001  12415.992531     63.380336
           99.125000 -14101.635001  12415.992531     63.380336
           99.218750 -14101.635001  12415.992531     63.380336
           99.312500 -14101.635001  12415.992531     63.380336
           99.406250 -14101.635001  12415.992531     63.380336
           99.500000 -14101.635001  12416.223826     63.475218
           99.625000 -14101.635001  12415.992531     63.380336
           99.718750 -14101.635001  12415.992531     63.380336
           99.812500 -14101.635001  12415.992531     63.380336
           99.906250 -14101.635001  12415.992531     63.380336
          100.000000 -14101.635001  12416.223826     63.475218
          100.125000 -14101.635001  12416.223826     63.475218
          100.218750 -14101.635001  12416.223826     63.475218
          100.312500 -14101.635001  12416.223826     63.475218
          100.406250 -14101.635001  12416.223826     63.475218
          100.500000 -14101.863068  12416.262690     63.380480
          100.625000 -14101.863068  12416.262690     63.380480
          100.718750 -14101.863068  12416.262690     63.380480
          100.812500 -14101.863068  12416.262690     63.380480
          100.906250 -14101.863068  12416.262690     63.380480
          101.000000 -14101.658267  12416.435807     62.958476
          101.125000 -14102.091134  12416.532849     63.380624
          101.218750 -14102.091134  12416.532849     63.380624
          101.312500 -14101.886333  12416.705966     62.958620
          101.406250 -14101.886333  12416.705966     62.958620
          101.500000 -14101.886333  12416.705966     62.958620
          101.625000 -14101.886333  12416.705966     62.958620
          101.718750 -14101.886333  12416.937260     63.053503
          101.812500 -14101.886333  12416.937260     63.053503
          101.906250 -14101.886333  12416.937260     63.053503
          102.000000 -14102.114399  12416.976124     62.958764
          102.125000 -14102.114399  12416.976124     62.958764
          102.218750 -14102.114399  12416.976124     62.958764
          102.312500 -14102.114399  12416.976124     62.958764
          102.406250 -14102.114399  12416.976124     62.958764
          102.500000 -14102.114399  12416.976124     62.958764
          102.625000 -14102.114399  12416.976124     62.958764
          102.718750 -14102.114399  12416.976124     62.958764
          102.812500 -14102.114399  12416.976124     62.958764
          102.906250 -14102.114399  12416.976124     62.958764
          103.000000 -14102.342466  12417.246283     62.958908
          103.125000 -14102.342466  12417.246283     62.958908
          103.218750 -14102.342466  12417.246283     62.958908
          103.312500 -14102.342466  12417.246283     62.958908
          103.406250 -14102.342466  12417.246283     62.958908
          103.500000 -14102.342466  12417.477578     63.053791
          103.625000 -14102.570532  12417.516442     62.959053
          103.718750 -14102.570532  12417.516442     62.959053
          103.812500 -14102.570532  12417.516442     62.959053
          103.906250 -14102.570532  12417.747737     63.053935
          104.000000 -14102.570532  12417.747737     63.053935
          104.125000 -14102.570532  12417.747737     63.053935
          104.218750 -14102.570532  12417.747737     63.053935
          104.312500 -14102.570532  12417.747737     63.053935
          104.406250 -14102.570532  12417.747737     63.053935
          104.500000 -14102.342466  12417.708873     63.148674
          104.625000 -14102.342466  12417.708873     63.148674
          104.718750 -14102.547266  12417.767051     63.665561
          104.812500 -14102.547266  12417.767051     63.665561
          104.906250 -14102.547266  12417.767051     63.665561
          105.000000 -14102.547266  12417.767051     63.665561
          105.125000 -14102.319200  12417.728187     63.760299
          105.218750 -14102.547266  12417.998346     63.760444
          105.312500 -14102.524001  12417.786365     64.277186
          105.406250 -14102.524001  12417.786365     64.277186
          105.500000 -14102.524001  12417.786365     64.277186
          105.625000 -14102.500735  12417.574385     64.793929
          105.718750 -14102.500735  12417.805679     64.888812
          105.812500 -14102.500735  12417.805679     64.888812
          105.906250 -14102.500735  12417.805679     64.888812
          106.000000 -14102.477469  12417.593699     65.405554
          106.125000 -14102.477469  12417.824993     65.500437
          106.218750 -14102.477469  12417.824993     65.500437
          106.312500 -14102.477469  12417.824993     65.500437
          106.406250 -14102.682270  12417.651877     65.922441
          106.500000 -14102.454204  12417.844308     66.112063
          106.625000 -14102.454204  12417.844308     66.112063
          106.718750 -14102.659004  12417.671191     66.534067
          106.812500 -14102.430938  12417.632327     66.628805
          106.906250 -14102.635739  12417.690505     67.145692
          107.000000 -14102.635739  12417.690505     67.145692
          107.125000 -14102.635739  12417.690505     67.145692
          107.218750 -14102.407672  12417.882936     67.335313
          107.312500 -14102.612473  12417.709819     67.757318
          107.406250 -14102.612473  12417.709819     67.757318
          107.500000 -14102.384407  12417.670955     67.852056
          107.625000 -14102.589207  12417.729134     68.368943
          107.718750 -14102.589207  12417.729134     68.368943
          107.812500 -14102.361141  12417.690270     68.463682
          107.906250 -14102.565942  12417.748448     68.980568
          108.000000 -14102.565942  12417.748448     68.980568
          108.125000 -14102.565942  12417.748448     68.980568
          108.218750 -14102.770742  12417.806626     69.497455
          108.312500 -14102.542676  12417.767762     69.592194
          108.406250 -14102.542676  12417.767762     69.592194
          108.500000 -14102.747477  12417.825940     70.109081
          108.625000 -14102.747477  12417.825940     70.109081
          108.718750 -14102.519410  12417.787076     70.203819
          108.812500 -14102.724211  12417.845254     70.720706
          108.906250 -14102.724211  12417.845254     70.720706
          109.000000 -14102.496145  12417.806390     70.815445
          109.125000 -14102.700945  12417.864568     71.332332
          109.218750 -14102.700945  12417.864568     71.332332
          109.312500 -14102.472879  12417.825704     71.427070
          109.406250 -14102.677680  12417.883883     71.943957
          109.500000 -14102.677680  12417.883883     71.943957
          109.625000 -14102.677680  12417.883883     71.943957
          109.718750 -14102.654414  12417.903197     72.555582
          109.812500 -14102.654414  12417.903197     72.555582
          109.906250 -14102.859215  12417.730080     72.977587
          110.000000 -14102.631148  12417.922511     73.167208
          110.125000 -14102.631148  12417.922511     73.167208
          110.218750 -14102.607883  12417.710530     73.683951
          110.312500 -14102.607883  12417.941825     73.778833
          110.406250 -14102.812683  12417.768709     74.200837
          110.500000 -14102.812683  12417.768709     74.200837
          110.625000 -14102.584617  12417.961139     74.390459
          110.718750 -14102.584617  12417.961139     74.390459
          110.812500 -14102.584617  12417.961139     74.390459
          110.906250 -14102.561351  12417.749159     74.907201
          111.000000 -14102.561351  12417.749159     74.907201
          111.125000 -14102.561351  12417.749159     74.907201
          111.218750 -14102.561351  12417.517864     74.812319
          111.312500 -14102.333285  12417.479000     74.907057
          111.406250 -14102.333285  12417.247705     74.812174
          111.500000 -14102.333285  12417.247705     74.812174
          111.625000 -14102.105219  12416.977546     74.812030
          111.718750 -14102.105219  12416.746252     74.717147
          111.812500 -14101.877153  12416.476093     74.717003
          111.906250 -14101.649087  12416.205934     74.716859
          112.000000 -14101.421020  12415.935775     74.716715
          112.125000 -14101.421020  12415.704480     74.621832
          112.218750 -14101.192954  12415.434321     74.621688
          112.312500 -14100.964888  12415.164163     74.621543
          112.406250 -14100.941622  12414.489593     74.948520
          112.500000 -14100.508756  12414.392550     74.526372
          112.625000 -14100.257424  12413.679116     74.948088
          112.718750 -14100.029358  12413.408957     74.947943
          112.812500 -14099.801292  12412.907504     74.852916
          112.906250 -14099.573225  12412.637345     74.852772
          113.000000 -14099.345159  12412.135891     74.757745
          113.125000 -14098.889027  12411.595574     74.757457
          113.218750 -14098.660961  12411.094120     74.662430
          113.312500 -14098.432894  12410.823961     74.662285
          113.406250 -14098.181563  12410.110527     75.084001
          113.500000 -14097.953496  12409.609074     74.988974
          113.625000 -14097.497364  12409.068756     74.988685
          113.718750 -14097.269298  12408.567302     74.893658
          113.812500 -14096.813166  12408.026985     74.893370
          113.906250 -14096.585099  12407.525531     74.798343
          114.000000 -14096.128967  12406.985213     74.798054
          114.125000 -14095.672835  12406.444896     74.797766
          114.218750 -14095.444768  12405.712147     74.607856
          114.312500 -14095.193437  12404.998713     75.029572
          114.406250 -14094.737304  12404.458396     75.029283
          114.500000 -14094.509238  12403.956942     74.934256
          114.625000 -14094.053106  12403.416624     74.933968
          114.718750 -14093.596973  12402.645012     74.838796
          114.812500 -14093.140841  12402.104694     74.838508
          114.906250 -14092.912775  12401.603241     74.743481
          115.000000 -14092.661443  12400.889807     75.165197
          115.125000 -14092.205311  12400.118194     75.070025
          115.218750 -14091.977244  12399.616741     74.974998
          115.312500 -14091.521112  12399.076423     74.974710
          115.406250 -14091.064980  12398.536105     74.974421
          115.500000 -14090.608847  12397.764493     74.879250
          115.625000 -14090.380781  12397.494334     74.879106
          115.718750 -14089.924649  12396.722722     74.783934
          115.812500 -14089.924649  12396.491427     74.689052
          115.906250 -14091.935303  12399.192069     70.081850
          116.000000 -14092.186635  12398.980324     69.280604
          116.125000 -14091.981835  12398.922146     68.763717
          116.218750 -14105.088755  12378.375367     62.860242
          116.312500 -14089.566169  12397.723500     67.074691
          116.406250 -14089.473107  12395.719104     68.667247
          116.500000 -14089.245040  12394.986355     68.477338
          116.625000 -14088.788908  12394.446038     68.477049
          116.718750 -14088.788908  12394.214743     68.382166
          116.812500 -14088.560842  12393.944584     68.382022
          116.906250 -14088.560842  12393.713289     68.287139
          117.000000 -14088.356041  12393.655111     67.770252
          117.125000 -14088.127975  12393.384952     67.770108
          117.218750 -14088.127975  12393.384952     67.770108
          117.312500 -14087.923175  12393.326774     67.253221
          117.406250 -14088.151241  12393.365638     67.158483
          117.500000 -14088.174506  12393.577619     66.641740
          117.625000 -14088.174506  12393.808914     66.736623
          117.718750 -14088.402573  12393.847778     66.641884
          117.812500 -14088.402573  12394.079072     66.736767
          117.906250 -14088.630639  12394.349231     66.736911
          118.000000 -14088.630639  12394.580526     66.831794
          118.125000 -14088.858705  12394.850685     66.831938
          118.218750 -14089.086771  12395.120844     66.832083
          118.312500 -14089.086771  12395.352138     66.926965
          118.406250 -14088.928502  12395.949216     65.471476
          118.500000 -14089.338103  12396.065572     66.505250
          118.625000 -14089.566169  12396.335731     66.505394
          118.718750 -14089.566169  12396.798321     66.695160
          118.812500 -14089.794235  12397.068480     66.695304
          118.906250 -14089.999036  12397.357953     67.307074
          119.000000 -14090.227102  12397.859406     67.402101
          119.125000 -14090.659969  12397.956448     67.824249
          119.218750 -14090.888035  12398.457902     67.919276
          119.312500 -14091.116101  12398.728061     67.919420
          119.406250 -14091.572234  12399.268379     67.919709
          119.500000 -14091.572234  12399.730968     68.109474
          119.625000 -14091.800300  12400.232422     68.204501
          119.718750 -14092.005100  12400.753189     68.911154
          119.812500 -14092.209901  12401.273957     69.617806
          119.906250 -14092.209901  12401.736546     69.807572
          120.000000 -14092.642768  12402.296178     70.419486
          120.125000 -14092.847568  12402.816946     71.126138
          120.218750 -14093.280435  12403.145283     71.643169
          120.312500 -14093.508501  12403.878031     71.833079
          120.406250 -14093.964633  12404.418349     71.833368
          120.500000 -14094.397500  12404.746686     72.350399
          120.625000 -14094.625566  12405.479434     72.540309
          120.718750 -14095.058433  12405.807772     73.057340
          120.812500 -14095.514565  12406.579384     73.152511
          120.906250 -14095.719366  12406.868857     73.764281
          121.000000 -14096.380299  12407.467353     74.281456
          121.125000 -14096.608365  12407.968806     74.376483
          121.218750 -14096.813166  12408.489574     75.083136
          121.312500 -14097.474098  12409.088070     75.600311
          121.406250 -14097.906965  12409.416407     76.117342
          121.500000 -14098.135031  12410.380450     76.402135
          121.625000 -14098.795964  12410.978946     76.919310
          121.718750 -14099.252097  12411.750558     77.014481
          121.812500 -14099.913030  12412.349054     77.531657
          121.906250 -14100.141096  12413.081803     77.721566
          122.000000 -14100.597228  12413.853415     77.816738
          122.125000 -14101.258161  12414.451911     78.333913
          122.218750 -14101.714293  12415.223523     78.429084
          122.312500 -14102.170426  12415.995136     78.524256
          122.406250 -14102.626558  12416.535453     78.524544
          122.500000 -14102.854624  12417.268202     78.714454
          122.625000 -14103.310757  12417.808519     78.714742
          122.718750 -14103.766889  12418.580132     78.809914
          122.812500 -14104.223021  12419.351744     78.905085
          122.906250 -14104.474353  12420.065178     78.483369
          123.000000 -14105.158552  12420.644360     78.388919
          123.125000 -14105.614684  12421.415973     78.484090
          123.218750 -14105.866016  12422.129407     78.062375
          123.312500 -14106.322148  12422.669724     78.062663
          123.406250 -14106.801546  12423.422023     77.546209
          123.500000 -14107.029613  12424.154771     77.736119
          123.625000 -14107.713811  12424.965247     77.736552
          123.718750 -14108.169943  12425.505565     77.736840
          123.812500 -14108.421275  12426.450294     77.410007
          123.906250 -14108.877408  12426.990612     77.410296
          124.000000 -14109.333540  12427.762224     77.505467
          124.125000 -14110.017739  12428.341406     77.411017
          124.218750 -14110.269070  12429.286135     77.084184
          124.312500 -14110.725203  12430.057747     77.179356
          124.406250 -14111.181335  12430.598065     77.179644
          124.500000 -14111.637467  12431.369677     77.274815
          124.625000 -14111.888799  12432.083111     76.853100
          124.718750 -14112.344932  12432.854724     76.948271
          124.812500 -14112.801064  12433.395041     76.948559
          124.906250 -14113.257196  12434.166654     77.043731
          125.000000 -14113.713329  12434.938266     77.138902
          125.125000 -14114.169461  12435.478584     77.139190
          125.218750 -14114.420793  12436.423313     76.812358
          125.312500 -14115.104992  12437.002494     76.717908
          125.406250 -14115.333058  12437.735243     76.907817
          125.500000 -14115.789190  12438.275560     76.908106
          125.625000 -14116.245322  12439.047173     77.003277
          125.718750 -14116.701455  12439.587490     77.003566
          125.812500 -14116.952787  12440.532219     76.676733
          125.906250 -14117.022584  12441.399456     75.221388
          126.000000 -14117.478716  12442.171068     75.316559
          126.125000 -14117.706782  12442.672522     75.411586
          126.218750 -14118.162914  12443.444134     75.506757
          126.312500 -14119.005382  12443.657533     76.962679
          126.406250 -14119.210183  12444.178301     77.669332
          126.500000 -14120.006119  12444.199033     80.253622
          126.625000 -14120.485517  12444.720037     79.642285
          126.718750 -14120.690318  12445.240804     80.348937
          126.812500 -14120.918384  12445.510963     80.349082
          126.906250 -14121.146450  12446.012417     80.444109
          127.000000 -14121.579317  12446.109459     80.866257
          127.125000 -14121.807383  12446.610913     80.961284
          127.218750 -14121.807383  12446.842207     81.056167
          127.312500 -14122.240250  12446.939250     81.478315
          127.406250 -14122.240250  12447.170544     81.573198
          127.500000 -14122.468316  12447.209409     81.478459
          127.625000 -14122.468316  12447.440703     81.573342
          127.718750 -14122.468316  12447.440703     81.573342
          127.812500 -14122.696382  12447.710862     81.573486
          127.906250 -14122.696382  12447.710862     81.573486
          128.000000 -14122.901183  12447.537746     81.995490
          128.125000 -14122.901183  12447.769040     82.090373
          128.218750 -14122.673117  12447.730176     82.185112
          128.312500 -14122.673117  12447.730176     82.185112
          128.406250 -14122.673117  12447.730176     82.185112
          128.500000 -14122.649851  12447.286901     82.606972
          128.625000 -14122.649851  12447.286901     82.606972
          128.718750 -14122.421785  12447.248037     82.701710
          128.812500 -14122.421785  12447.016742     82.606827
          128.906250 -14122.421785  12446.785447     82.511945
          129.000000 -14122.193719  12446.746583     82.606683
          129.125000 -14121.965652  12446.476424     82.606539
          129.218750 -14122.170453  12446.072013     82.933660
          129.312500 -14121.942387  12445.801854     82.933516
          129.406250 -14121.714321  12445.531696     82.933372
          129.500000 -14121.486254  12445.492831     83.028110
          129.625000 -14121.258188  12445.222673     83.027966
          129.718750 -14121.030122  12444.952514     83.027822
          129.812500 -14120.802056  12444.682355     83.027678
          129.906250 -14120.778790  12444.239080     83.449537
          130.000000 -14120.550724  12443.968921     83.449393
          130.125000 -14120.322658  12443.698762     83.449249
          130.218750 -14120.094592  12443.428603     83.449105
          130.312500 -14119.866526  12443.158444     83.448960
          130.406250 -14119.638459  12442.888286     83.448816
          130.500000 -14119.410393  12442.849421     83.543555
          130.625000 -14118.954261  12442.540398     83.638149
          130.718750 -14118.726195  12442.270240     83.638005
          130.812500 -14118.498128  12442.231376     83.732744
          130.906250 -14118.270062  12441.961217     83.732599
          131.000000 -14117.813930  12441.883489     83.922076
          131.125000 -14117.381063  12441.786446     83.499928
          131.218750 -14116.924931  12441.708718     83.689405
          131.312500 -14116.696865  12441.438559     83.689261
          131.406250 -14116.468798  12441.399695     83.784000
          131.500000 -14115.807866  12441.495083     83.551473
          131.625000 -14115.579799  12441.224924     83.551328
          131.718750 -14115.123667  12441.147196     83.740806
          131.812500 -14114.895601  12441.108332     83.835544
          131.906250 -14114.234668  12441.203720     83.603017
          132.000000 -14114.006602  12441.164856     83.697756
          132.125000 -14113.550469  12441.087128     83.887233
          132.218750 -14113.117603  12441.452675     83.654850
          132.312500 -14112.661470  12441.374947     83.844327
          132.406250 -14112.433404  12441.336083     83.939066
          132.500000 -14111.772471  12441.431471     83.706539
          132.625000 -14111.316339  12441.353743     83.896016
          132.718750 -14110.883472  12441.719290     83.663634
          132.812500 -14110.427340  12441.641562     83.853111
          132.906250 -14109.766407  12441.736950     83.620584
          133.000000 -14109.538341  12441.929381     83.810205
          133.125000 -14109.082208  12441.851653     83.999682
          133.218750 -14108.421275  12442.178336     83.862038
          133.312500 -14108.193209  12442.139472     83.956777
          133.406250 -14107.532276  12442.466155     83.819133
          133.500000 -14107.076144  12442.388426     84.008610
          133.625000 -14106.620011  12442.541993     84.292970
          133.718750 -14106.187145  12442.676245     83.965704
          133.812500 -14105.731012  12442.829812     84.250064
          133.906250 -14105.070079  12443.156495     84.112420
          134.000000 -14104.613947  12443.078767     84.301897
          134.125000 -14104.181080  12443.444314     84.069515
          134.218750 -14103.724948  12443.597880     84.353875
          134.312500 -14103.064015  12443.693269     84.121348
          134.406250 -14102.607883  12443.846835     84.405708
          134.500000 -14102.175016  12444.212382     84.173325
          134.625000 -14101.718884  12444.134654     84.362802
          134.718750 -14101.057951  12444.461337     84.225158
          134.812500 -14100.625084  12444.595589     83.897893
          134.906250 -14100.168952  12444.749156     84.182253
          135.000000 -14099.508019  12445.075839     84.044608
          135.125000 -14099.051886  12445.229405     84.328968
          135.218750 -14098.619020  12445.363658     84.001703
          135.312500 -14098.162887  12445.517224     84.286063
          135.406250 -14097.706755  12445.670791     84.570423
          135.500000 -14097.273888  12445.805043     84.243157
          135.625000 -14096.817756  12445.958610     84.527517
          135.718750 -14096.384889  12446.324157     84.295135
          135.812500 -14095.928757  12446.477723     84.579495
          135.906250 -14095.267824  12446.804406     84.441851
          136.000000 -14095.039758  12446.996837     84.631472
          136.125000 -14094.378825  12447.092225     84.398945
          136.218750 -14094.150758  12447.284656     84.588566
          136.312500 -14093.694626  12447.438222     84.872926
          136.406250 -14093.261759  12447.803770     84.640544
          136.500000 -14092.805627  12447.957336     84.924904
          136.625000 -14092.144694  12448.052724     84.692377
          136.718750 -14091.916628  12448.245155     84.881998
          136.812500 -14091.255695  12448.571838     84.744354
          136.906250 -14091.027629  12448.764269     84.933975
          137.000000 -14090.366696  12448.859657     84.701448
          137.125000 -14090.138630  12449.052088     84.891070
          137.218750 -14089.477697  12449.378771     84.753426
          137.312500 -14088.816764  12449.705454     84.615782
          137.406250 -14088.588698  12449.897884     84.805403
          137.500000 -14088.132565  12449.820156     84.994880
          137.625000 -14087.699699  12450.185703     84.762497
          137.718750 -14087.243566  12450.339270     85.046857
          137.812500 -14086.810700  12450.704817     84.814475
          137.906250 -14086.149767  12451.031500     84.676831
          138.000000 -14085.921700  12451.223930     84.866452
          138.125000 -14085.260767  12451.550613     84.728808
          138.218750 -14084.804635  12451.704180     85.013168
          138.312500 -14084.371768  12452.069727     84.780785
          138.406250 -14083.915636  12452.223294     85.065145
          138.500000 -14083.482769  12452.588841     84.832762
          138.625000 -14083.026637  12452.511112     85.022240
          138.718750 -14082.593770  12452.876660     84.789857
          138.812500 -14082.137638  12453.030226     85.074217
          138.906250 -14081.704771  12453.395773     84.841834
          139.000000 -14081.248639  12453.549340     85.126194
          139.125000 -14080.815772  12453.914887     84.893812
          139.218750 -14080.359640  12454.068453     85.178171
          139.312500 -14079.926773  12454.434000     84.945789
          139.406250 -14079.470641  12454.587567     85.230149
          139.500000 -14079.037774  12454.953114     84.997766
          139.625000 -14078.581641  12454.875386     85.187243
          139.718750 -14078.148775  12455.240933     84.954861
          139.812500 -14077.487842  12455.567616     84.817216
          139.906250 -14077.259776  12455.760047     85.006838
          140.000000 -14076.598843  12456.086730     84.869194
          140.125000 -14076.370777  12456.279160     85.058815
          140.218750 -14075.937910  12456.644707     84.826432
          140.312500 -14075.481777  12456.798274     85.110792
          140.406250 -14075.048911  12457.163821     84.878410
          140.500000 -14074.592778  12457.317388     85.162770
          140.625000 -14074.159912  12457.451640     84.835504
          140.718750 -14073.703779  12457.605206     85.119864
          140.812500 -14073.270913  12458.202048     84.982364
          140.906250 -14073.042846  12458.163184     85.077103
          141.000000 -14072.381913  12458.489867     84.939459
          141.125000 -14071.925781  12458.643434     85.223819
          141.218750 -14071.492914  12459.008981     84.991436
          141.312500 -14071.036782  12459.162547     85.275796
          141.406250 -14070.603915  12459.528095     85.043413
          141.500000 -14069.942982  12459.854778     84.905769
          141.625000 -14069.714916  12460.047208     85.095391
          141.718750 -14069.053983  12460.373891     84.957746
          141.812500 -14068.597851  12460.527458     85.242106
          141.906250 -14068.164984  12460.893005     85.009724
          142.000000 -14067.504051  12461.219688     84.872080
          142.125000 -14067.047919  12461.373254     85.156440
          142.218750 -14066.615052  12461.970096     85.018940
          142.312500 -14065.954119  12462.065484     84.786413
          142.406250 -14065.497987  12462.450346     85.165656
          142.500000 -14065.065120  12462.815893     84.933273
          142.625000 -14064.404187  12463.142576     84.795629
          142.718750 -14063.948055  12463.296142     85.079989
          142.812500 -14063.287122  12463.622825     84.942345
          142.906250 -14063.059056  12463.815256     85.131966
          143.000000 -14062.398123  12464.141939     84.994322
          143.125000 -14061.737190  12464.468622     84.856678
          143.218750 -14061.281058  12464.622189     85.141038
          143.312500 -14060.848191  12465.219030     85.003538
          143.406250 -14060.187258  12465.545713     84.865894
          143.500000 -14059.731126  12465.699280     85.150254
          143.625000 -14059.070193  12466.025963     85.012610
          143.718750 -14058.409260  12466.352646     84.874966
          143.812500 -14057.976393  12466.718193     84.642583
          143.906250 -14057.520261  12466.871760     84.926943
          144.000000 -14056.859328  12467.198443     84.789299
          144.125000 -14056.198395  12467.525126     84.651655
          144.218750 -14055.742262  12467.909987     85.030897
          144.312500 -14055.081330  12468.236670     84.893253
          144.406250 -14054.648463  12468.602217     84.660871
          144.500000 -14054.192330  12468.755784     84.945231
          144.625000 -14053.531398  12469.082467     84.807587
          144.718750 -14052.870465  12469.409150     84.669942
          144.812500 -14052.437598  12469.774697     84.437560
          144.906250 -14051.981465  12470.159558     84.816803
          145.000000 -14051.320533  12470.486241     84.679158
          145.125000 -14050.864400  12470.639807     84.963518
          145.218750 -14050.203467  12470.966490     84.825874
          145.312500 -14049.542534  12471.293173     84.688230
          145.406250 -14049.109668  12471.658721     84.455848
          145.500000 -14048.653535  12471.812287     84.740207
          145.625000 -14047.992602  12472.138970     84.602563
          145.718750 -14047.331669  12472.465653     84.464919
          145.812500 -14047.103603  12472.889378     84.749423
          145.906250 -14046.442670  12473.216061     84.611779
          146.000000 -14045.781737  12473.542744     84.474135
          146.125000 -14045.325605  12473.696311     84.758495
          146.218750 -14044.892738  12474.061858     84.526113
          146.312500 -14044.231805  12474.388541     84.388468
          146.406250 -14043.570873  12474.715224     84.250824
          146.500000 -14043.114740  12474.868791     84.535184
          146.625000 -14042.681873  12475.234338     84.302802
          146.718750 -14042.020941  12475.561021     84.165158
          146.812500 -14041.564808  12475.945882     84.544400
          146.906250 -14040.903875  12476.041270     84.311873
          147.000000 -14040.471009  12476.638112     84.174373
          147.125000 -14040.014876  12476.791679     84.458733
          147.218750 -14039.353943  12477.118362     84.321089
          147.312500 -14038.693010  12477.445045     84.183445
          147.406250 -14038.464944  12477.637475     84.373067
          147.500000 -14037.804011  12477.964158     84.235423
          147.625000 -14037.143078  12478.290841     84.097778
          147.718750 -14036.915012  12478.483272     84.287400
          147.812500 -14036.254079  12479.041250     84.244639
          147.906250 -14035.593146  12479.367933     84.106994
          148.000000 -14034.932213  12479.694616     83.969350
          148.125000 -14034.476081  12479.848182     84.253710
          148.218750 -14034.043214  12480.213729     84.021328
          148.312500 -14033.382281  12480.540412     83.883683
          148.406250 -14032.926149  12480.693979     84.168043
          148.500000 -14032.265216  12481.020662     84.030399
          148.625000 -14031.832349  12481.386209     83.798017
          148.718750 -14031.376217  12481.539776     84.082377
          148.812500 -14030.715284  12481.866459     83.944733
          148.906250 -14030.282417  12482.232006     83.712350
          149.000000 -14029.826285  12482.385572     83.996710
          149.125000 -14029.393418  12482.751119     83.764327
          149.218750 -14028.732485  12483.077802     83.626683
          149.312500 -14028.276353  12483.231369     83.911043
          149.406250 -14027.843486  12483.596916     83.678660
          149.500000 -14027.182553  12483.923599     83.541016
          149.625000 -14026.726421  12484.077165     83.825376
          149.718750 -14026.293554  12484.442713     83.592993
          149.812500 -14025.837422  12484.596279     83.877353
          149.906250 -14025.404555  12484.961826     83.644971
          150.000000 -14024.743622  12485.288509     83.507327
          150.125000 -14024.287490  12485.442076     83.791687
          150.218750 -14023.854623  12485.807623     83.559304
          150.312500 -14023.626557  12486.000054     83.748925
          150.406250 -14022.965624  12486.326737     83.611281
          150.500000 -14022.304691  12486.653420     83.473637
          150.625000 -14022.076625  12486.614555     83.568376
          150.718750 -14021.415692  12486.941238     83.430732
          150.812500 -14021.187626  12487.133669     83.620353
          150.906250 -14020.526693  12487.460352     83.482709
          151.000000 -14020.298627  12487.652783     83.672330
          151.125000 -14019.637694  12487.748171     83.439803
          151.218750 -14018.976761  12488.074854     83.302159
          151.312500 -14018.748695  12488.267285     83.491781
          151.406250 -14018.087762  12488.362673     83.259254
          151.500000 -14017.859696  12488.555104     83.448875
          151.625000 -14017.198763  12488.881787     83.311231
          151.718750 -14016.970697  12488.842922     83.405970
          151.812500 -14016.309764  12489.169605     83.268325
          151.906250 -14016.081697  12489.130741     83.363064
          152.000000 -14015.420765  12489.457424     83.225420
          152.125000 -14015.192698  12489.418560     83.320159
          152.218750 -14014.531765  12489.745243     83.182514
          152.312500 -14014.075633  12489.667515     83.371992
          152.406250 -14013.642766  12489.801767     83.044726
          152.500000 -14013.186634  12489.724039     83.234203
          152.625000 -14012.753767  12490.089586     83.001821
          152.718750 -14012.297635  12490.011858     83.191298
          152.812500 -14011.864768  12490.146111     82.864032
          152.906250 -14011.408636  12490.068382     83.053509
          153.000000 -14010.747703  12490.163771     82.820982
          153.125000 -14010.519637  12490.356201     83.010604
          153.218750 -14010.063504  12490.278473     83.200081
          153.312500 -14009.630638  12490.412725     82.872816
          153.406250 -14009.174505  12490.334997     83.062293
          153.500000 -14008.741639  12490.469250     82.735027
          153.625000 -14008.285506  12490.391521     82.924504
          153.718750 -14007.624573  12490.486910     82.691977
          153.812500 -14007.396507  12490.448046     82.786716
          153.906250 -14006.940375  12490.370317     82.976193
          154.000000 -14006.507508  12490.504570     82.648928
          154.125000 -14006.051376  12490.195547     82.743522
          154.218750 -14005.390443  12490.290935     82.510995
          154.312500 -14005.162377  12490.252071     82.605734
          154.406250 -14004.501444  12490.347459     82.373207
          154.500000 -14004.273377  12490.308595     82.467945
          154.625000 -14003.817245  12489.999572     82.562540
          154.718750 -14003.156312  12490.094960     82.330013
          154.812500 -14002.928246  12490.056096     82.424751
          154.906250 -14002.472114  12489.747073     82.519346
          155.000000 -14001.811181  12489.842462     82.286819
          155.125000 -14001.355048  12489.764734     82.476296
          155.218750 -14001.126982  12489.494575     82.476152
          155.312500 -14000.670850  12489.416846     82.665629
          155.406250 -14000.009917  12489.280940     82.338219
          155.500000 -13999.781851  12489.010781     82.338075
          155.625000 -13999.325718  12488.933053     82.527552
          155.718750 -13998.664785  12488.797147     82.200142
          155.812500 -13998.436719  12488.526988     82.199998
          155.906250 -13997.980587  12488.449259     82.389475
          156.000000 -13997.524454  12488.140237     82.484070
          156.125000 -13997.068322  12487.831214     82.578664
          156.218750 -13996.635455  12487.734171     82.156516
          156.312500 -13996.179323  12487.425148     82.251110
          156.406250 -13995.723191  12487.116125     82.345704
          156.500000 -13995.495124  12487.077261     82.440443
          156.625000 -13994.834192  12486.941355     82.113033
          156.718750 -13994.606125  12486.671196     82.112889
          156.812500 -13994.149993  12486.362173     82.207483
          156.906250 -13993.693861  12486.053150     82.302078
          157.000000 -13993.465794  12485.551697     82.207051
          157.125000 -13993.009662  12485.242674     82.301645
          157.218750 -13992.781596  12484.972515     82.301501
          157.312500 -13992.325464  12484.663492     82.396095
          157.406250 -13992.097397  12484.393333     82.395951
          157.500000 -13991.436464  12484.257427     82.068541
          157.625000 -13991.208398  12483.755973     81.973514
          157.718750 -13990.752266  12483.446950     82.068108
          157.812500 -13990.524200  12483.176791     82.067964
          157.906250 -13990.068067  12482.867768     82.162558
          158.000000 -13989.840001  12482.597610     82.162414
          158.125000 -13989.383869  12482.057292     82.162126
          158.218750 -13989.155803  12481.787133     82.161982
          158.312500 -13988.699670  12481.478110     82.256576
          158.406250 -13988.243538  12481.169087     82.351170
          158.500000 -13988.015472  12480.898928     82.351026
          158.625000 -13987.354539  12480.531727     81.928733
          158.718750 -13987.103207  12480.280882     82.540215
          158.812500 -13986.875141  12479.779429     82.445188
          158.906250 -13986.214208  12479.643522     82.117778
          159.000000 -13986.190942  12479.200247     82.539638
          159.125000 -13985.734810  12479.122519     82.729115
          159.218750 -13985.506744  12478.621065     82.634088
          159.312500 -13985.050611  12478.543337     82.823565
          159.406250 -13984.594479  12478.234314     82.918159
          159.500000 -13984.366413  12477.964155     82.918015
          159.625000 -13983.910280  12477.655132     83.012609
          159.718750 -13983.682214  12477.384974     83.012465
          159.812500 -13983.226082  12477.075951     83.107060
          159.906250 -13982.974750  12476.593811     83.623658
          160.000000 -13982.746684  12476.554947     83.718397
          160.125000 -13982.290551  12476.245924     83.812991
          160.218750 -13982.062485  12475.975765     83.812847
          160.312500 -13981.606353  12475.666742     83.907441
          160.406250 -13981.150220  12475.357720     84.002035
          160.500000 -13981.126955  12475.145739     84.518778
          160.625000 -13980.670822  12474.836716     84.613372
          160.718750 -13980.442756  12474.566557     84.613228
          160.812500 -13979.986624  12474.257534     84.707822
          160.906250 -13979.758558  12474.218670     84.802561
          161.000000 -13979.302425  12473.909647     84.897155
          161.125000 -13979.279160  12473.466372     85.319015
          161.218750 -13978.823027  12473.388644     85.508492
          161.312500 -13978.594961  12473.118485     85.508348
          161.406250 -13978.343629  12472.867640     86.119829
          161.500000 -13977.887497  12472.558617     86.214424
          161.625000 -13977.659431  12472.288458     86.214279
          161.718750 -13977.408099  12472.037614     86.825761
          161.812500 -13977.180033  12471.998750     86.920499
          161.906250 -13976.951967  12471.728591     86.920355
          162.000000 -13976.700635  12471.477746     87.531836
          162.125000 -13976.244502  12471.400018     87.721313
          162.218750 -13976.221237  12470.956743     88.143173
          162.312500 -13975.765104  12470.879014     88.332650
          162.406250 -13975.741839  12470.667034     88.849393
          162.500000 -13975.285706  12470.358011     88.943987
          162.625000 -13975.262441  12470.146030     89.460730
          162.718750 -13975.034375  12470.107166     89.555468
          162.812500 -13974.783043  12469.856322     90.166950
          162.906250 -13974.554977  12469.586163     90.166805
          163.000000 -13974.098844  12469.508435     90.356282
          163.125000 -13974.075579  12469.296454     90.873025
          163.218750 -13973.847512  12469.257590     90.967764
          163.312500 -13973.824247  12468.814315     91.389623
          163.406250 -13973.368114  12468.736586     91.579101
          163.500000 -13973.344849  12468.524606     92.095843
          163.625000 -13973.116783  12468.485742     92.190582
          163.718750 -13972.865451  12468.234897     92.802063
          163.812500 -13972.637385  12467.964738     92.801919
          163.906250 -13972.409318  12467.925874     92.896657
          164.000000 -13972.157987  12467.675029     93.508139
          164.125000 -13971.929920  12467.636165     93.602877
          164.218750 -13971.906655  12467.192890     94.024737
          164.312500 -13971.450522  12467.115162     94.214214
          164.406250 -13971.427257  12466.903181     94.730957
          164.500000 -13971.199191  12466.864317     94.825695
          164.625000 -13971.175925  12466.652336     95.342438
          164.718750 -13970.719793  12466.343314     95.437032
          164.812500 -13970.491726  12466.304449     95.531771
          164.906250 -13970.240394  12466.053605     96.143252
          165.000000 -13970.012328  12466.014741     96.237991
          165.125000 -13969.989063  12465.571465     96.659850
          165.218750 -13969.532930  12465.493737     96.849328
          165.312500 -13969.509665  12465.281757     97.366070
          165.406250 -13969.281598  12465.011598     97.365926
          165.500000 -13969.053532  12464.972734     97.460665
          165.625000 -13968.802200  12464.721889     98.072146
          165.718750 -13968.574134  12464.451730     98.072002
          165.812500 -13968.322802  12464.200885     98.683483
          165.906250 -13968.094736  12464.162021     98.778221
          166.000000 -13967.843404  12463.679882     99.294820
          166.125000 -13967.615338  12463.641018     99.389558
          166.218750 -13967.387272  12463.602154     99.484297
          166.312500 -13967.135940  12463.351309    100.095778
          166.406250 -13966.907874  12463.081150    100.095634
          166.500000 -13966.884608  12462.869170    100.612376
          166.625000 -13966.428476  12462.791441    100.801854
          166.718750 -13966.405210  12462.348166    101.223713
          166.812500 -13966.177144  12462.309302    101.318452
          166.906250 -13965.721012  12462.231574    101.507929
          167.000000 -13965.697746  12461.788299    101.929789
          167.125000 -13965.241614  12461.710570    102.119266
          167.218750 -13965.218348  12461.267295    102.541126
          167.312500 -13964.990282  12461.228431    102.635865
          167.406250 -13964.534150  12460.919408    102.730459
          167.500000 -13964.306083  12460.880544    102.825197
          167.625000 -13964.078017  12460.610385    102.825053
          167.718750 -13964.054752  12460.167110    103.246913
          167.812500 -13963.393819  12460.031203    102.919503
          167.906250 -13963.165753  12459.761044    102.919359
          168.000000 -13962.937686  12459.722180    103.014098
          168.125000 -13962.914421  12459.278905    103.435957
          168.218750 -13962.253488  12458.911704    103.013665
          168.312500 -13962.025422  12458.872840    103.108404
          168.406250 -13961.797355  12458.602681    103.108259
          168.500000 -13961.341223  12458.062363    103.107971
          168.625000 -13961.113157  12457.792204    103.107827
          168.718750 -13960.885091  12457.522046    103.107682
          168.812500 -13960.428958  12457.213023    103.202277
          168.906250 -13960.200892  12456.942864    103.202132
          169.000000 -13959.744760  12456.633841    103.296727
          169.125000 -13959.516694  12456.132387    103.201700
          169.218750 -13959.060561  12455.823364    103.296294
          169.312500 -13958.832495  12455.553206    103.296150
          169.406250 -13958.604429  12455.051752    103.201123
          169.500000 -13958.376363  12454.781593    103.200979
          169.625000 -13958.148297  12454.511434    103.200834
          169.718750 -13957.692164  12454.202411    103.295429
          169.812500 -13960.089154  12450.331176     97.582025
          169.906250 -13943.263693  12474.924207    137.755389
          170.000000 -13943.035626  12474.654048    137.755245
          170.125000 -13942.579494  12475.038910    138.134488
          170.218750 -13941.620698  12476.078555    140.211107
          170.312500 -13941.392632  12476.270986    140.400728
          170.406250 -13941.392632  12476.039691    140.305846
          170.500000 -13959.176889  12449.481836     97.676331
          170.625000 -13959.633022  12449.096975     97.297088
          170.718750 -13959.404956  12449.058110     97.391827
          170.812500 -13959.404956  12448.826816     97.296944
          170.906250 -13959.428221  12448.807502     96.685319
          171.000000 -13959.404956  12448.826816     97.296944
          171.125000 -13959.176889  12448.787952     97.391683
          171.218750 -13959.176889  12448.787952     97.391683
          171.312500 -13959.404956  12448.364226     97.107179
          171.406250 -13959.428221  12448.113617     96.400670
          171.500000 -13959.633022  12447.709206     96.727792
          171.625000 -13959.656287  12447.689892     96.116166
          171.718750 -13959.656287  12447.458597     96.021283
          171.812500 -13959.633022  12447.477911     96.632909
          171.906250 -13959.404956  12447.439047     96.727647
          172.000000 -13959.381690  12447.458362     97.339273
          172.125000 -13959.381690  12447.227067     97.244390
          172.218750 -13959.633022  12446.552733     96.253377
          172.312500 -13959.609756  12446.340752     96.770120
          172.406250 -13959.609756  12446.109457     96.675237
          172.500000 -13959.609756  12445.878162     96.580355
          172.625000 -13959.609756  12445.878162     96.580355
          172.718750 -13960.065889  12445.262006     96.106229
          172.812500 -13960.065889  12444.799417     95.916463
          172.906250 -13958.855761  12446.513397     98.984095
          173.000000 -13958.855761  12446.050807     98.794329
          173.125000 -13958.855761  12445.819513     98.699447
          173.218750 -13959.060561  12445.646396     99.121451
          173.312500 -13958.832495  12445.607532     99.216189
          173.406250 -13958.809229  12445.626846     99.827815
          173.500000 -13958.329831  12445.799727    100.723800
          173.625000 -13958.306566  12446.050336    101.430308
          173.718750 -13958.078500  12445.780177    101.430164
          173.812500 -13958.283300  12445.607060    101.852168
          173.906250 -13958.055234  12445.336902    101.852024
          174.000000 -13958.260034  12445.163785    102.274028
          174.125000 -13958.260034  12444.932490    102.179145
          174.218750 -13958.464835  12444.528079    102.506266
          174.312500 -13958.464835  12444.296784    102.411384
          174.406250 -13958.464835  12444.065490    102.316501
          174.500000 -13958.692901  12443.873059    102.126879
          174.625000 -13958.692901  12443.641764    102.031997
          174.718750 -13958.897702  12443.468648    102.454001
          174.812500 -13959.125768  12443.276217    102.264379
          174.906250 -13959.125768  12443.044923    102.169496
          175.000000 -13959.353834  12442.852492    101.979875
          175.125000 -13959.786701  12442.486945    102.212258
          175.218750 -13960.014767  12442.294514    102.022636
          175.312500 -13960.014767  12442.063219    101.927753
          175.406250 -13960.242833  12442.102084    101.833015
          175.500000 -13960.675700  12441.736536    102.065398
          175.625000 -13960.903766  12441.544106    101.875776
          175.718750 -13961.131832  12441.351675    101.686155
          175.812500 -13961.564699  12440.986128    101.918537
          175.906250 -13961.564699  12440.754833    101.823655
          176.000000 -13961.313367  12439.810104    102.150487
          176.125000 -13962.020831  12440.601267    101.539295
          176.218750 -13962.453698  12440.235720    101.771677
          176.312500 -13962.681764  12440.043289    101.582056
          176.406250 -13962.909831  12439.850858    101.392435
          176.500000 -13963.137897  12439.658428    101.202813
          176.625000 -13963.570763  12439.524175    101.530079
          176.718750 -13963.798830  12439.331745    101.340457
          176.812500 -13964.231696  12438.966198    101.572840
          176.906250 -13964.459763  12438.773767    101.383219
          177.000000 -13964.687829  12438.581336    101.193597
          177.125000 -13964.436497  12437.636608    101.520430
          177.218750 -13964.869364  12437.502355    101.847696
          177.312500 -13965.097430  12437.309925    101.658074
          177.406250 -13964.618032  12436.095037    101.984763
          177.500000 -13965.325496  12435.498431    100.804273
          177.625000 -13965.097430  12433.609209    100.139949
          177.718750 -13964.869364  12431.026103     99.190977
          177.812500 -13965.553562  12431.142695     98.906761
          177.906250 -13965.781628  12430.718970     98.622257
          178.000000 -13965.986429  12430.083264     98.854495
          178.125000 -13966.442561  12429.467108     98.380370
          178.218750 -13967.331560  12431.723531     99.466986
          178.312500 -13965.781628  12424.474012     96.060421
          178.406250 -13965.781628  12423.780128     95.775773
          178.500000 -13965.781628  12423.317538     95.586007
          178.625000 -13966.214495  12422.951991     95.818390
          178.718750 -13966.670627  12422.567130     95.439147
          178.812500 -13969.793757  12433.114843    100.027644
          178.906250 -13966.237761  12418.306782     93.309108
          179.000000 -13965.688566  12419.694079     96.514384
          179.125000 -13966.372764  12420.273261     96.419934
          179.218750 -13966.600831  12420.312125     96.325195
          179.312500 -13967.033697  12420.177873     96.652461
          179.406250 -13971.115623  12430.379825     99.448987
          179.500000 -13967.922696  12420.121348     96.790249
          179.625000 -13968.378829  12420.892961     96.885420
          179.718750 -13969.267828  12421.761616     97.402740
          179.812500 -13969.723960  12422.533228     97.497911
          179.906250 -13970.384893  12422.669134     97.825321
          180.000000 -13973.121687  12429.149167     99.155411
          180.125000 -13972.414223  12426.507646     99.007541
          180.218750 -13972.870355  12426.816669     98.912947
          180.312500 -13973.531288  12426.952576     99.240357
          180.406250 -13973.987421  12426.799009     98.955997
          180.500000 -13974.671619  12427.378191     98.861547
          180.625000 -13975.583884  12428.458826     98.862124
          180.718750 -13976.700949  12430.291524     99.664236
          180.812500 -13977.361882  12430.427431     99.991646
          180.906250 -13977.818015  12430.967748     99.991934
          181.000000 -13978.478948  12431.334950    100.414227
          181.125000 -13978.911814  12431.431992    100.836375
          181.218750 -13978.707014  12429.292161     99.465543
          181.312500 -13980.052145  12432.551491    100.742213
          181.406250 -13980.485012  12432.879828    101.259244
          181.500000 -13981.397277  12433.035285    100.880290
          181.625000 -13981.602077  12432.862168    101.302294
          181.718750 -13982.058210  12432.708602    101.017934
          181.812500 -13982.286276  12432.284876    100.733430
          181.906250 -13982.695877  12432.863822    101.956969
          182.000000 -13983.356810  12433.231024    102.379262
          182.125000 -13983.584876  12433.963772    102.569172
          182.218750 -13984.245809  12434.793563    103.181230
          182.312500 -13984.906742  12435.392058    103.698405
          182.406250 -13985.842272  12434.371727    102.233411
          182.500000 -13985.567675  12435.759260    104.120698
          182.625000 -13986.228608  12435.895166    104.448107
          182.718750 -13986.661474  12436.454798    105.060021
          182.812500 -13986.889540  12436.724957    105.060165
          182.906250 -13987.550473  12436.860863    105.387575
          183.000000 -13988.006606  12436.938591    105.198098
          183.125000 -13988.234672  12436.977456    105.103359
          183.218750 -13988.690804  12436.823889    104.818999
          183.312500 -13989.603069  12436.979345    104.440045
          183.406250 -13990.287268  12437.327232    104.250712
          183.500000 -13990.743400  12437.173666    103.966352
          183.625000 -13990.971466  12437.212530    103.871614
          183.718750 -13991.404333  12436.846983    104.103996
          183.812500 -13991.632399  12436.885847    104.009258
          183.906250 -13991.860465  12436.693416    103.819636
          184.000000 -13992.065266  12436.289005    104.146758
          184.125000 -13992.521398  12436.135439    103.862398
          184.218750 -13992.749464  12435.943008    103.672776
          184.312500 -13993.182331  12435.577461    103.905159
          184.406250 -13993.182331  12435.346166    103.810276
          184.500000 -13993.638463  12435.423894    103.620799
          184.625000 -13993.866530  12435.231464    103.431178
          184.718750 -13994.299396  12435.097211    103.758443
          184.812500 -13994.527463  12434.904781    103.568822
          184.906250 -13994.983595  12434.982509    103.379345
          185.000000 -13995.416462  12434.848257    103.706610
          185.125000 -13995.416462  12434.616962    103.611727
          185.218750 -13995.872594  12434.925985    103.517133
          185.312500 -13996.077395  12434.521574    103.844254
          185.406250 -13996.533527  12434.830596    103.749660
          185.500000 -13996.966394  12434.696344    104.076925
          185.625000 -13997.422526  12434.774072    103.887448
          185.718750 -13997.878658  12435.083095    103.792854
          185.812500 -13998.106725  12435.121959    103.698115
          185.906250 -13998.539591  12434.987707    104.025381
          186.000000 -13998.972458  12435.084749    104.447529
          186.125000 -13999.428590  12435.393772    104.352935
          186.218750 -13999.428590  12435.393772    104.352935
          186.312500 -14000.089523  12435.298384    104.585462
          186.406250 -14000.545656  12435.376112    104.395985
          186.500000 -14000.978522  12435.473154    104.818133
          186.625000 -14001.434655  12435.550883    104.628656
          186.718750 -14001.890787  12435.628611    104.439179
          186.812500 -14001.867521  12435.416630    104.955921
          186.906250 -14002.528454  12435.321242    105.188448
          187.000000 -14002.984587  12435.398970    104.998971
          187.125000 -14003.212653  12435.437834    104.904232
          187.218750 -14003.668785  12435.284268    104.619872
          187.312500 -14004.101652  12435.150015    104.947138
          187.406250 -14004.306453  12434.976899    105.369142
          187.500000 -14004.306453  12434.745604    105.274259
          187.625000 -14004.990651  12434.862197    104.990043
          187.718750 -14005.423518  12434.496649    105.222426
          187.812500 -14005.651584  12434.535514    105.127687
          187.906250 -14006.084451  12434.169966    105.360070
          188.000000 -14006.540583  12434.247695    105.170593
          188.125000 -14006.768649  12434.055264    104.980972
          188.218750 -14006.973450  12433.650853    105.308093
          188.312500 -14007.429582  12433.728581    105.118616
          188.406250 -14007.862449  12433.363034    105.350998
          188.500000 -14008.090515  12433.401898    105.256260
          188.625000 -14008.546648  12433.248331    104.971900
          188.718750 -14008.979514  12432.882784    105.204283
          188.812500 -14008.979514  12432.882784    105.204283
          188.906250 -14009.640447  12432.556101    105.341927
          189.000000 -14009.640447  12432.324807    105.247044
          189.125000 -14010.529446  12432.268282    105.384832
          189.218750 -14010.757512  12432.075852    105.195211
          189.312500 -14010.985579  12431.883421    105.005589
          189.406250 -14011.646512  12431.788033    105.238116
          189.500000 -14011.646512  12431.556738    105.143234
          189.625000 -14012.079378  12431.422486    105.470499
          189.718750 -14012.307444  12431.230055    105.280878
          189.812500 -14012.968377  12430.903372    105.418522
          189.906250 -14013.196444  12430.942236    105.323783
          190.000000 -14013.652576  12430.788670    105.039423
          190.125000 -14013.857376  12430.384258    105.366544
          190.218750 -14014.290243  12430.250006    105.693810
          190.312500 -14014.746376  12430.096440    105.409450
          190.406250 -14014.974442  12430.135304    105.314711
          190.500000 -14015.407308  12429.769757    105.547094
          190.625000 -14015.635375  12429.577326    105.357473
          190.718750 -14016.296308  12429.481938    105.590000
          190.812500 -14016.524374  12429.289507    105.400378
          190.906250 -14016.957240  12428.923960    105.632761
          191.000000 -14017.641439  12429.040552    105.348545
          191.125000 -14017.641439  12428.809258    105.253662
          191.218750 -14018.074306  12428.443710    105.486045
          191.312500 -14018.530438  12428.521439    105.296568
          191.406250 -14018.735239  12428.117027    105.623689
          191.500000 -14019.191371  12427.963461    105.339329
          191.625000 -14019.647503  12427.809894    105.054969
          191.718750 -14019.852304  12427.405483    105.382090
          191.812500 -14020.513237  12427.310095    105.614617
          191.906250 -14020.969369  12427.156528    105.330257
          192.000000 -14021.197435  12426.964098    105.140636
          192.125000 -14021.630302  12426.829845    105.467902
          192.218750 -14021.858368  12426.637415    105.278280
          192.312500 -14022.291235  12426.271868    105.510663
          192.406250 -14022.747367  12426.349596    105.321186
          192.500000 -14023.180234  12425.984049    105.553568
          192.625000 -14022.519301  12422.147427    103.708034
          192.718750 -14022.724102  12421.743015    104.035155
          192.812500 -14023.408300  12421.628313    103.656056
          192.906250 -14024.069233  12422.458104    104.268115
          193.000000 -14024.297299  12421.571789    103.793845
          193.125000 -14024.297299  12420.877904    103.509196
          193.218750 -14024.753432  12420.261748    103.035071
          193.312500 -14025.186299  12419.664907    103.172571
          193.406250 -14025.391099  12419.260495    103.499692
          193.500000 -14025.847231  12419.106929    103.215332
          193.625000 -14026.075298  12419.145793    103.120593
          193.718750 -14026.736231  12419.050405    103.353120
          193.812500 -14027.169097  12418.916152    103.680386
          193.906250 -14027.853296  12419.264039    103.491053
          194.000000 -14028.286163  12419.361082    103.913201
          194.125000 -14028.970361  12419.708969    103.723868
          194.218750 -14029.175162  12419.767147    104.240755
          194.312500 -14029.631294  12420.307465    104.241044
          194.406250 -14030.520293  12420.713530    104.568598
          194.500000 -14031.181226  12421.080731    104.990890
          194.625000 -14031.386027  12421.138909    105.507777
          194.718750 -14032.070225  12421.718091    105.413327
          194.812500 -14032.731158  12421.853998    105.740737
          194.906250 -14032.959224  12422.124156    105.740881
          195.000000 -14033.620157  12422.260063    106.068290
          195.125000 -14034.053024  12422.125811    106.395556
          195.218750 -14034.737222  12422.473698    106.206223
          195.312500 -14035.170089  12422.570740    106.628371
          195.406250 -14035.831022  12422.706646    106.955781
          195.500000 -14036.287154  12422.784375    106.766304
          195.625000 -14036.948087  12422.688986    106.998831
          195.718750 -14037.176153  12422.727850    106.904092
          195.812500 -14038.065153  12422.671326    107.041881
          195.906250 -14038.498019  12422.537074    107.369146
          196.000000 -14038.954152  12422.383507    107.084786
          196.125000 -14039.158952  12421.979096    107.411907
          196.218750 -14039.843151  12421.864394    107.032809
          196.312500 -14040.504084  12421.306416    107.075570
          196.406250 -14040.708884  12420.902005    107.402691
          196.500000 -14041.165017  12420.748438    107.118331
          196.625000 -14041.825950  12420.421755    107.255975
          196.718750 -14042.510148  12420.307053    106.876877
          196.812500 -14042.943015  12419.941506    107.109260
          196.906250 -14043.375882  12419.575959    107.341642
          197.000000 -14044.060080  12419.461256    106.962544
          197.125000 -14044.492947  12419.095709    107.194926
          197.218750 -14044.949079  12418.942143    106.910566
          197.312500 -14045.838078  12418.654324    106.953472
          197.406250 -14046.042879  12418.249912    107.280593
          197.500000 -14046.499011  12418.096346    106.996233
          197.625000 -14046.931878  12417.499504    107.133733
          197.718750 -14047.388010  12417.345938    106.849373
          197.812500 -14046.247679  12410.906659    104.761230
          197.906250 -14046.931878  12410.560662    104.287249
          198.000000 -14048.686610  12416.018001    107.451638
          198.125000 -14049.850207  12415.961713    106.271437
          198.218750 -14050.306339  12415.808147    105.987077
          198.312500 -14049.575610  12414.805004    107.115013
          198.406250 -14049.780410  12414.400592    107.442134
          198.500000 -14050.236542  12414.247026    107.157774
          198.625000 -14049.347543  12408.289887    104.553033
          198.718750 -14051.353608  12414.923250    107.485472
          198.812500 -14049.780410  12408.155635    104.880298
          198.906250 -14050.008476  12408.194499    104.785560
          199.000000 -14050.236542  12408.233363    104.690821
          199.125000 -14050.464609  12407.809637    104.406317
          199.218750 -14051.786474  12412.938640    107.053675
          199.312500 -14052.242607  12412.785073    106.769315
          199.406250 -14052.014541  12412.052325    106.579405
          199.500000 -14052.014541  12411.589735    106.389640
          199.625000 -14051.786474  12411.088282    106.294613
          199.718750 -14052.014541  12410.664557    106.010109
          199.812500 -14051.786474  12410.163103    105.915082
          199.906250 -14051.786474  12409.700514    105.725316
          200.000000 -14052.014541  12409.276788    105.440812
          200.125000 -14051.786474  12408.775335    105.345785
          200.218750 -14052.014541  12408.582904    105.156163
          200.312500 -14051.558408  12408.273881    105.250758
          200.406250 -14051.786474  12408.081450    105.061136
          200.500000 -14051.786474  12407.850156    104.966253
          200.625000 -14051.786474  12407.850156    104.966253
          200.718750 -14051.330342  12407.541133    105.060848
          200.812500 -14050.120214  12406.710870    107.084769
          200.906250 -14050.348280  12406.518440    106.895147
          201.000000 -14050.599612  12406.537990    106.188783
          201.125000 -14050.371546  12406.499126    106.283522
          201.218750 -14050.348280  12406.287145    106.800264
          201.312500 -14050.348280  12406.287145    106.800264
          201.406250 -14050.120214  12406.248281    106.895003
          201.500000 -14049.892148  12406.209417    106.989742
          201.625000 -14049.892148  12406.209417    106.989742
          201.718750 -14049.892148  12406.209417    106.989742
          201.812500 -14050.120214  12406.248281    106.895003
          201.906250 -14050.348280  12406.287145    106.800264
          202.000000 -14050.576347  12406.557304    106.800409
          202.125000 -14050.804413  12406.596168    106.705670
          202.218750 -14051.032479  12406.866327    106.705814
          202.312500 -14051.488611  12406.944055    106.516337
          202.406250 -14051.944744  12407.021783    106.326860
          202.500000 -14052.196076  12407.503923    105.810262
          202.625000 -14052.652208  12407.812946    105.715667
          202.718750 -14052.880274  12407.851810    105.620929
          202.812500 -14053.336406  12408.160833    105.526334
          202.906250 -14053.564473  12408.430992    105.526479
          203.000000 -14054.020605  12408.740014    105.431884
          203.125000 -14054.476737  12409.049037    105.337290
          203.218750 -14054.704804  12409.319196    105.337434
          203.312500 -14055.160936  12409.628219    105.242840
          203.406250 -14055.617068  12409.937242    105.148245
          203.500000 -14056.073201  12410.246265    105.053651
          203.625000 -14056.529333  12410.786583    105.053940
          203.718750 -14056.985465  12411.095606    104.959345
          203.812500 -14057.236797  12411.346450    104.347864
          203.906250 -14057.692930  12411.886768    104.348152
          204.000000 -14058.377128  12412.234655    104.158820
          204.125000 -14058.833261  12412.543678    104.064225
          204.218750 -14059.084592  12413.025817    103.547627
          204.312500 -14059.768791  12413.604999    103.453177
          204.406250 -14060.224923  12413.914022    103.358582
          204.500000 -14060.476255  12414.396161    102.841984
          204.625000 -14061.160454  12414.744048    102.652651
          204.718750 -14061.616586  12415.053071    102.558057
          204.812500 -14062.095984  12415.805370    102.041603
          204.906250 -14062.552116  12416.114393    101.947008
          205.000000 -14063.236315  12416.462280    101.757675
          205.125000 -14063.487647  12416.944419    101.241077
          205.218750 -14069.445223  12421.635576     93.757741
          205.312500 -14058.693667  12413.353447    108.018626
          205.406250 -14059.149799  12413.431175    107.829149
          205.500000 -14059.857263  12413.991043    107.123074
          205.625000 -14059.880529  12414.203023    106.606331
          205.718750 -14060.816059  12414.801755    105.805517
          205.812500 -14070.129422  12421.983463     93.568408
          205.906250 -14063.213049  12416.712889    102.464184
          206.000000 -14063.669182  12416.790617    102.274706
          206.125000 -14063.692447  12417.002597    101.757964
          206.218750 -14063.920514  12417.041461    101.663225
          206.312500 -14063.943779  12417.253442    101.146483
          206.406250 -14072.200693  12421.389458     97.651237
          206.500000 -14065.284320  12416.118883    106.547013
          206.625000 -14064.828188  12415.809860    106.641607
          206.718750 -14064.851454  12415.790546    106.029982
          206.812500 -14064.828188  12415.578566    106.546724
          206.906250 -14064.851454  12415.790546    106.029982
          207.000000 -14065.079520  12415.829410    105.935243
          207.125000 -14065.102785  12415.810096    105.323618
          207.218750 -14065.330852  12415.848960    105.228879
          207.312500 -14065.558918  12415.887824    105.134140
          207.406250 -14065.582184  12415.868510    104.522515
          207.500000 -14065.833515  12415.888060    103.816151
          207.625000 -14065.628715  12416.061177    103.394147
          207.718750 -14065.651980  12416.041862    102.782522
          207.812500 -14065.880047  12416.080727    102.687783
          207.906250 -14065.903312  12416.061412    102.076158
          208.000000 -14065.926578  12416.273393    101.559415
          208.125000 -14065.949844  12416.254079    100.947789
          208.218750 -14065.973109  12416.466059    100.431047
          208.312500 -14065.996375  12416.446745     99.819421
          208.406250 -14060.797069  12422.006255     74.410337
          208.500000 -14064.725630  12417.985951     92.773781
          208.625000 -14064.520830  12417.927773     92.256894
          208.718750 -14064.748896  12417.966637     92.162155
          208.812500 -14064.772162  12417.947323     91.550530
          208.906250 -14064.590627  12418.101125     90.516900
          209.000000 -14064.613893  12418.081811     89.905275
          209.125000 -14064.432358  12418.235613     88.871645
          209.218750 -14064.250823  12418.389415     87.838016
          209.312500 -14064.274088  12418.370101     87.226390
          209.406250 -14064.297354  12418.350787     86.614765
          209.500000 -14064.320620  12418.331473     86.003139
          209.625000 -14064.115819  12418.504590     85.581135
          209.718750 -14064.139085  12418.485275     84.969510
          209.812500 -14064.162350  12418.465961     84.357885
          209.906250 -14064.185616  12418.677942     83.841142
          210.000000 -14063.980815  12418.619764     83.324255
          210.125000 -14063.980815  12418.388469     83.229372
          210.218750 -14064.004081  12418.600449     82.712630
          210.312500 -14063.799281  12418.773566     82.290626
          210.406250 -14063.459476  12419.293151     79.706624
          210.500000 -14063.254676  12419.234973     79.189737
          210.625000 -14063.254676  12419.234973     79.189737
          210.718750 -14063.231410  12419.022992     79.706480
          210.812500 -14063.254676  12419.003678     79.094854
          210.906250 -14063.026610  12418.964814     79.189593
          211.000000 -14063.026610  12418.964814     79.189593
          211.125000 -14063.231410  12418.791698     79.611597
          211.218750 -14063.231410  12418.791698     79.611597
          211.312500 -14062.868340  12419.330597     77.639221
          211.406250 -14062.914872  12419.754558     76.605736
          211.500000 -14062.938137  12419.735244     75.994110
          211.625000 -14062.733337  12419.908360     75.572106
          211.718750 -14062.938137  12419.735244     75.994110
          211.812500 -14066.042592  12422.206245     71.946701
          211.906250 -14071.269438  12425.894259     65.591300
          212.000000 -14076.268219  12429.774704     59.425521
          212.125000 -14076.268219  12429.774704     59.425521
          212.218750 -14074.806759  12428.231008     61.871157
          212.312500 -14072.661101  12426.802014     64.695892
          212.406250 -14070.971575  12425.219453     67.236267
          212.500000 -14055.951968  12413.828727     86.440114
          212.625000 -14057.390162  12415.160443     84.511220
          212.718750 -14058.097626  12415.489016     83.710262
          212.812500 -14059.991952  12416.898460     81.591891
          212.906250 -14059.307754  12416.781868     81.876107
          213.000000 -14059.763886  12416.859596     81.686630
          213.125000 -14059.763886  12417.090891     81.781512
          213.218750 -14060.494616  12417.862739     80.558694
          213.312500 -14060.494616  12417.631444     80.463811
          213.406250 -14061.430146  12418.230176     79.662997
          213.500000 -14061.178815  12417.979331     80.274478
          213.625000 -14061.658213  12418.500335     79.663142
          213.718750 -14062.617009  12419.079752     78.250702
          213.812500 -14062.868340  12419.561892     77.734104
          213.906250 -14063.575805  12419.890465     76.933145
          214.000000 -14064.511335  12420.489196     76.132331
          214.125000 -14064.967467  12420.566924     75.942854
          214.218750 -14065.218799  12420.817769     75.331373
          214.312500 -14065.674932  12420.895497     75.141896
          214.406250 -14066.131064  12420.973226     74.952418
          214.500000 -14066.382396  12421.455365     74.435820
          214.625000 -14066.838528  12421.533093     74.246343
          214.718750 -14067.774058  12421.900530     73.350646
          214.812500 -14068.253456  12422.190239     72.644426
          214.906250 -14068.709589  12422.267967     72.454949
          215.000000 -14069.165721  12422.345695     72.265472
          215.125000 -14069.849920  12422.462288     71.981256
          215.218750 -14070.534118  12422.578880     71.697040
          215.312500 -14070.762184  12422.617744     71.602302
          215.406250 -14071.446383  12422.734336     71.318086
          215.500000 -14071.674449  12422.773200     71.223348
          215.625000 -14072.358648  12422.889793     70.939132
          215.718750 -14073.522244  12423.296094     69.948696
          215.812500 -14073.522244  12423.296094     69.948696
          215.906250 -14074.434509  12423.220255     69.474859
          216.000000 -14074.890641  12423.297984     69.285382
          216.125000 -14075.574840  12423.414576     69.001166
          216.218750 -14076.487105  12423.570032     68.622212
          216.312500 -14076.715171  12423.377602     68.432591
          216.406250 -14077.171303  12423.455330     68.243114
          216.500000 -14077.832236  12423.359942     68.475641
          216.625000 -14078.060302  12423.167511     68.286019
          216.718750 -14078.721235  12423.072123     68.518546
          216.812500 -14079.405434  12422.957420     68.139448
          216.906250 -14079.861566  12423.035149     67.949970
          217.000000 -14080.066367  12422.630737     68.277092
          217.125000 -14080.271167  12422.226326     68.604213
          217.218750 -14080.704034  12422.092074     68.931478
          217.312500 -14081.388233  12421.977371     68.552380
          217.406250 -14081.593033  12421.572960     68.879501
          217.500000 -14082.025900  12421.438708     69.206767
          217.625000 -14082.710098  12421.324005     68.827668
          217.718750 -14082.686833  12420.880730     69.249528
          217.812500 -14083.575832  12420.824206     69.387316
          217.906250 -14083.803898  12420.631775     69.197695
          218.000000 -14084.464831  12420.305092     69.335339
          218.125000 -14084.897698  12420.170840     69.662604
          218.218750 -14085.330564  12419.805293     69.894987
          218.312500 -14085.763431  12419.439746     70.127370
          218.406250 -14085.991497  12419.247315     69.937748
          218.500000 -14086.652430  12419.151927     70.170275
          218.625000 -14087.541429  12418.864108     70.213181
          218.718750 -14087.746230  12418.459697     70.540302
          218.812500 -14087.974296  12418.498561     70.445563
          218.906250 -14088.635229  12418.171878     70.583208
          219.000000 -14089.296162  12417.845195     70.720852
          219.125000 -14089.729029  12417.479648     70.953234
          219.218750 -14090.413227  12417.596240     70.669019
          219.312500 -14090.846094  12417.230693     70.901401
          219.406250 -14091.507027  12416.904010     71.039045
          219.500000 -14091.963159  12416.750443     70.754685
          219.625000 -14092.372760  12416.172915     71.503811
          219.718750 -14093.056959  12416.289508     71.219595
          219.812500 -14093.717892  12415.962825     71.357239
          219.906250 -14091.595499  12414.051927     73.380583
          220.000000 -14092.256432  12413.956539     73.613110
          220.125000 -14092.689299  12413.590992     73.845493
          220.218750 -14095.928757  12415.021640     71.675433
          220.312500 -14097.776552  12415.775828     70.495664
          220.406250 -14097.273888  12414.811549     71.528861
          220.500000 -14097.250622  12414.136979     71.855838
          220.625000 -14097.204091  12413.481723     72.794441
          220.718750 -14097.408892  12413.077312     73.121562
          220.812500 -14097.157560  12412.595173     73.638160
          220.906250 -14097.362360  12412.190761     73.965282
          221.000000 -14097.795227  12411.825214     74.197664
          221.125000 -14098.479426  12411.941807     73.913449
          221.218750 -14099.391690  12412.097263     73.534494
          221.312500 -14102.081953  12418.847218     76.182718
          221.406250 -14103.976280  12420.025368     73.969464
          221.500000 -14090.827733  12409.600810     91.476801
          221.625000 -14091.991330  12410.007111     90.486365
          221.718750 -14092.675528  12410.123704     90.202149
          221.812500 -14093.382992  12410.452276     89.401191
          221.906250 -14093.839125  12410.298710     89.116831
          222.000000 -14093.815859  12410.086729     89.633574
          222.125000 -14094.295257  12410.376438     88.927354
          222.218750 -14093.429524  12406.250343     86.470050
          222.312500 -14093.885656  12406.328071     86.280572
          222.406250 -14095.230787  12410.049991     87.747009
          222.500000 -14096.212849  12407.371968     84.394584
          222.625000 -14095.984783  12407.101809     84.394440
          222.718750 -14096.008049  12407.082495     83.782815
          222.812500 -14096.008049  12407.082495     83.782815
          222.906250 -14097.651043  12408.009800     82.181042
          223.000000 -14099.294038  12408.937104     80.579270
          223.125000 -14100.229568  12409.304541     79.683573
          223.218750 -14100.708966  12409.594250     78.977353
          223.312500 -14100.024768  12409.246363     79.166686
          223.406250 -14099.340569  12408.667181     79.261136
          223.500000 -14098.405039  12408.068450     80.061950
          223.625000 -14098.200238  12408.010271     79.545063
          223.718750 -14097.744106  12407.701248     79.639658
          223.812500 -14096.580509  12407.063653     80.535210
          223.906250 -14095.644979  12406.464921     81.336024
          224.000000 -14094.960780  12406.117034     81.525357
          224.125000 -14094.025250  12405.518302     82.326171
          224.218750 -14093.317786  12404.727140     82.937364
          224.312500 -14092.177455  12404.532819     83.411057
          224.406250 -14091.469991  12403.972952     84.117133
          224.500000 -14090.557726  12403.586200     84.401204
          224.625000 -14089.850262  12402.795038     85.012397
          224.718750 -14088.686665  12402.157442     85.907949
          224.812500 -14087.979201  12401.597575     86.614025
          224.906250 -14087.043670  12400.998843     87.414839
          225.000000 -14086.108140  12400.400111     88.215653
          225.125000 -14085.195875  12400.244655     88.594608
          225.218750 -14085.172610  12400.957853     89.490881
          225.312500 -14084.465146  12400.397986     90.196957
          225.406250 -14084.009013  12400.551552     90.481317
          225.500000 -14083.529615  12400.030549     91.092654
          225.625000 -14093.034008  12441.966777    111.384751
          225.718750 -14092.805942  12441.927913    111.479490
          225.812500 -14092.554610  12442.602248    112.470502
          225.906250 -14092.326544  12443.025973    112.755007
          226.000000 -14092.303278  12443.045287    113.366632
          226.125000 -14092.303278  12443.045287    113.366632
          226.218750 -14091.847146  12443.198854    113.650992
          226.312500 -14111.274398  12415.024061     68.375994
          226.406250 -14112.414729  12416.374855     68.376715
          226.500000 -14110.590199  12413.982290     68.280679
          226.625000 -14110.362133  12413.712131     68.280534
          226.718750 -14110.362133  12413.712131     68.280534
          226.812500 -14112.209928  12416.085382     67.764946
          226.906250 -14107.369417  12425.485543     81.079183
          227.000000 -14107.141351  12425.909269     81.363687
          227.125000 -14107.369417  12425.948133     81.268949
          227.218750 -14106.685218  12425.600246     81.458282
          227.312500 -14102.282164  12420.062581     83.100652
          227.406250 -14104.702419  12415.015558     76.301209
          227.500000 -14096.533978  12411.728175     83.656117
          227.625000 -14092.154189  12406.865081     84.971511
          227.718750 -14092.382255  12406.672650     84.781889
          227.812500 -14092.405521  12406.190746     83.980498
          227.906250 -14093.089719  12406.076044     83.601400
          228.000000 -14100.643759  12404.331703     72.703292
          228.125000 -14087.113467  12397.471480     84.156721
          228.218750 -14086.429269  12396.892298     84.251171
          228.312500 -14086.657335  12396.931162     84.156432
          228.406250 -14086.452534  12396.641689     83.544663
          228.500000 -14085.745070  12396.544411     84.440504
          228.625000 -14097.655633  12401.070247     73.407925
          228.718750 -14083.874010  12396.966010     86.706312
          228.812500 -14085.037606  12398.297490     86.095407
          228.906250 -14085.721805  12398.414083     85.811192
          229.000000 -14085.493738  12398.606513     86.000813
          229.125000 -14085.265672  12398.798944     86.190434
          229.218750 -14098.135031  12402.516429     73.176119
          229.312500 -14089.463926  12401.502894     82.892584
          229.406250 -14089.007794  12401.656460     83.176944
          229.500000 -14090.399457  12403.026804     82.471301
          229.625000 -14089.715258  12402.910212     82.755516
          229.718750 -14090.627523  12403.296963     82.471445
          229.812500 -14099.093827  12403.327142     71.858562
          229.906250 -14095.509975  12407.273979     79.363792
          230.000000 -14097.357770  12409.878525     78.943086
          230.125000 -14098.521367  12411.903889     78.616831
          230.218750 -14098.065234  12411.826161     78.806308
          230.312500 -14098.065234  12412.057456     78.901191
          230.406250 -14098.637695  12405.562361     72.996868
          230.500000 -14099.708229  12412.059581     76.919887
          230.625000 -14099.959561  12411.847837     76.118640
          230.718750 -14100.187627  12411.886701     76.023901
          230.812500 -14099.503428  12411.307519     76.118352
          230.906250 -14099.275362  12410.806065     76.023325
          231.000000 -14100.941622  12412.639235     74.189458
          231.125000 -14101.397755  12412.948258     74.094864
          231.218750 -14101.169689  12412.678099     74.094719
          231.312500 -14101.397755  12412.716963     73.999981
          231.406250 -14101.192954  12412.890079     73.577977
          231.500000 -14101.421020  12412.697649     73.388355
          231.625000 -14101.649087  12412.736513     73.293617
          231.718750 -14101.672352  12412.948493     72.776874
          231.812500 -14101.900418  12412.987358     72.682136
          231.906250 -14102.128485  12413.026222     72.587397
          232.000000 -14102.151750  12413.238202     72.070654
          232.125000 -14102.379817  12413.277066     71.975916
          232.218750 -14102.607883  12413.084636     71.786294
          232.312500 -14102.403082  12413.257752     71.364290
          232.406250 -14102.631148  12413.296616     71.269552
          232.500000 -14102.654414  12413.508597     70.752809
          232.625000 -14102.882480  12413.547461     70.658071
          232.718750 -14102.677680  12413.489283     70.141184
          232.812500 -14102.905746  12413.528147     70.046445
          232.906250 -14102.905746  12413.528147     70.046445
          233.000000 -14102.929011  12413.740127     69.529702
          233.125000 -14103.157078  12413.547697     69.340081
          233.218750 -14102.929011  12413.508833     69.434820
          233.312500 -14102.929011  12413.508833     69.434820
          233.406250 -14102.929011  12413.508833     69.434820
          233.500000 -14102.929011  12413.277538     69.339937
          233.625000 -14102.929011  12413.277538     69.339937
          233.718750 -14103.157078  12413.316402     69.245198
          233.812500 -14103.157078  12413.316402     69.245198
          233.906250 -14103.589944  12413.413444     69.667347
          234.000000 -14103.589944  12413.413444     69.667347
          234.125000 -14103.589944  12413.413444     69.667347
          234.218750 -14103.818011  12413.452309     69.572608
          234.312500 -14103.818011  12413.452309     69.572608
          234.406250 -14104.022811  12413.279192     69.994612
          234.500000 -14104.250877  12413.318056     69.899873
          234.625000 -14104.250877  12413.318056     69.899873
          234.718750 -14104.478943  12413.356920     69.805135
          234.812500 -14104.683744  12413.183804     70.227139
          234.906250 -14104.911810  12412.991373     70.037518
          235.000000 -14105.139876  12413.261532     70.037662
          235.125000 -14105.139876  12413.030237     69.942779
          235.218750 -14105.367943  12413.069101     69.848040
          235.312500 -14105.367943  12413.069101     69.848040
          235.406250 -14105.596009  12413.107965     69.753302
          235.500000 -14105.596009  12413.107965     69.753302
          235.625000 -14105.596009  12413.107965     69.753302
          235.718750 -14105.596009  12412.876671     69.658419
          235.812500 -14105.596009  12413.107965     69.753302
          235.906250 -14105.596009  12413.107965     69.753302
          236.000000 -14105.596009  12413.107965     69.753302
          236.125000 -14105.800809  12412.934849     70.175306
          236.218750 -14106.028875  12413.205008     70.175450
          236.312500 -14106.028875  12413.205008     70.175450
          236.406250 -14106.256942  12413.475167     70.175594
          236.500000 -14106.256942  12413.475167     70.175594
          236.625000 -14106.485008  12413.745325     70.175739
          236.718750 -14106.485008  12413.745325     70.175739
          236.812500 -14106.485008  12413.976620     70.270621
          236.906250 -14106.485008  12414.207915     70.365504
          237.000000 -14105.731012  12415.305739     72.959010
          237.125000 -14105.731012  12415.537033     73.053893
          237.218750 -14105.731012  12415.537033     73.053893
          237.312500 -14105.959079  12415.807192     73.054037
          237.406250 -14105.959079  12416.038487     73.148920
          237.500000 -14105.959079  12416.269782     73.243803
          237.625000 -14106.187145  12416.539941     73.243947
          237.718750 -14106.210410  12416.751921     72.727205
          237.812500 -14106.666543  12417.060944     72.632610
          237.906250 -14106.894609  12417.099808     72.537872
          238.000000 -14107.122675  12417.369967     72.538016
          238.125000 -14107.122675  12417.601262     72.632899
          238.218750 -14107.350741  12417.871421     72.633043
          238.312500 -14107.578807  12418.141579     72.633187
          238.406250 -14107.806874  12418.411738     72.633331
          238.500000 -14108.034940  12418.913192     72.728358
          238.625000 -14108.058205  12419.356467     72.306499
          238.718750 -14108.286272  12419.626626     72.306643
          238.812500 -14108.514338  12419.896785     72.306787
          238.906250 -14108.742404  12420.398238     72.401814
          239.000000 -14108.742404  12420.629533     72.496697
          239.125000 -14109.198536  12420.938556     72.402103
          239.218750 -14109.426603  12421.208715     72.402247
          239.312500 -14109.449868  12421.883285     72.075270
          239.406250 -14109.677934  12422.153444     72.075414
          239.500000 -14109.906001  12422.423603     72.075558
          239.625000 -14109.906001  12422.886192     72.265324
          239.718750 -14110.134067  12423.156351     72.265468
          239.812500 -14110.362133  12423.426510     72.265612
          239.906250 -14110.385399  12423.869785     71.843753
          240.000000 -14110.613465  12424.371239     71.938780
          240.125000 -14110.841531  12424.641397     71.938924
          240.218750 -14110.841531  12424.872692     72.033807
          240.312500 -14111.069597  12425.374146     72.128834
          240.406250 -14111.297663  12425.644305     72.128978
          240.500000 -14111.525730  12426.145758     72.224005
          240.625000 -14111.525730  12426.377053     72.318888
          240.718750 -14111.548995  12426.820328     71.897028
          240.812500 -14111.548995  12427.051623     71.991911
          240.906250 -14111.777061  12427.553076     72.086938
          241.000000 -14111.777061  12427.553076     72.086938
          241.125000 -14112.005128  12427.823235     72.087082
          241.218750 -14112.005128  12428.054530     72.181965
          241.312500 -14112.005128  12428.054530     72.181965
          241.406250 -14112.005128  12428.285825     72.276848
          241.500000 -14112.233194  12428.324689     72.182109
          241.625000 -14112.233194  12428.324689     72.182109
          241.718750 -14112.233194  12428.555984     72.276992
          241.812500 -14112.233194  12428.555984     72.276992
          241.906250 -14112.233194  12428.555984     72.276992
          242.000000 -14112.233194  12428.555984     72.276992
          242.125000 -14112.233194  12428.555984     72.276992
          242.218750 -14112.233194  12428.555984     72.276992
          242.312500 -14112.233194  12428.787278     72.371875
          242.406250 -14112.233194  12428.787278     72.371875
          242.500000 -14112.233194  12428.787278     72.371875
          242.625000 -14112.005128  12428.748414     72.466613
          242.718750 -14112.005128  12428.517119     72.371730
          242.812500 -14111.777061  12428.478255     72.466469
          242.906250 -14111.777061  12428.478255     72.466469
          243.000000 -14111.548995  12428.439391     72.561208
          243.125000 -14111.548995  12428.208097     72.466325
          243.218750 -14111.320929  12428.169232     72.561063
          243.312500 -14111.092863  12427.899074     72.560919
          243.406250 -14111.092863  12427.667779     72.466036
          243.500000 -14110.864797  12427.397620     72.465892
          243.625000 -14110.636730  12427.127461     72.465748
          243.718750 -14110.408664  12427.088597     72.560486
          243.812500 -14110.180598  12426.818438     72.560342
          243.906250 -14109.952532  12426.316985     72.465315
          244.000000 -14109.724466  12426.046826     72.465171
          244.125000 -14109.268333  12425.737803     72.559765
          244.218750 -14109.040267  12425.236349     72.464738
          244.312500 -14108.584135  12424.927326     72.559333
          244.406250 -14108.356069  12424.425873     72.464305
          244.500000 -14108.128002  12424.155714     72.464161
          244.625000 -14107.671870  12423.615396     72.463873
          244.718750 -14107.215738  12423.075079     72.463584
          244.812500 -14106.554805  12422.707878     72.041292
          244.906250 -14106.531539  12422.264602     72.463152
          245.000000 -14105.642540  12421.858537     72.135598
          245.125000 -14105.414474  12421.125789     71.945688
          245.218750 -14104.958341  12420.585471     71.945399
          245.312500 -14104.274143  12420.006289     72.039849
          245.406250 -14103.818011  12419.465972     72.039561
          245.500000 -14103.361878  12418.925654     72.039273
          245.625000 -14102.905746  12418.385336     72.038984
          245.718750 -14102.221547  12417.574860     72.038551
          245.812500 -14101.765415  12417.034542     72.038263
          245.906250 -14101.309283  12416.494224     72.037974
          246.000000 -14100.397018  12415.644884     72.132280
          246.125000 -14099.917620  12414.661291     72.553852
          246.218750 -14099.233421  12414.082109     72.648302
          246.312500 -14098.777289  12413.310497     72.553130
          246.406250 -14098.344422  12412.982160     72.036099
          246.500000 -14100.215483  12413.717034     70.244706
          246.625000 -14093.713302  12409.487283     74.627153
          246.718750 -14093.257169  12408.946966     74.626865
          246.812500 -14092.801037  12408.175353     74.531694
          246.906250 -14092.116838  12407.596171     74.626144
          247.000000 -14091.660706  12406.824559     74.530973
          247.125000 -14091.204573  12406.284241     74.530684
          247.218750 -14090.520375  12405.473765     74.530251
          247.312500 -14090.064243  12404.933447     74.529963
          247.406250 -14089.380044  12404.122971     74.529530
          247.500000 -14088.923912  12403.351358     74.434359
          247.625000 -14088.239713  12402.772176     74.528809
          247.718750 -14087.555515  12401.961700     74.528376
          247.812500 -14087.099382  12401.421382     74.528088
          247.906250 -14086.643250  12400.881065     74.527799
          248.000000 -14086.368652  12399.955650     75.466258
          248.125000 -14085.581896  12400.858675     61.408233
          248.218750 -14084.706982  12399.740833     72.037671
          248.312500 -14086.396508  12398.085267     68.168937
          248.406250 -14083.245523  12399.353610     74.957721
          248.500000 -14082.952250  12399.371978     70.960703
          248.625000 -14080.815772  12400.948393     63.165649
          248.718750 -14079.791769  12401.351386     60.865863
          248.812500 -14079.382168  12401.235030     59.832089
          248.906250 -14079.223899  12401.369518     58.186834
          249.000000 -14084.278706  12402.881206     67.017249
          249.125000 -14084.460241  12402.727403     68.050879
          249.218750 -14084.232175  12402.457245     68.050734
          249.312500 -14075.421161  12399.493701     51.561467
          249.406250 -14074.373893  12398.990829     49.493775
          249.500000 -14073.759491  12398.353705     47.753349
          249.625000 -14072.279356  12397.291201     45.073743
          249.718750 -14071.869755  12396.943550     43.945087
          249.812500 -14072.074555  12396.539139     44.272208
          249.906250 -14072.097821  12396.288530     43.565700
          250.000000 -14072.735488  12395.981161     44.314969
          250.125000 -14073.396421  12395.885773     44.547496
          250.218750 -14073.191621  12395.827595     44.030609
          250.312500 -14073.214886  12395.576986     43.324101
          250.406250 -14074.713697  12394.076644     50.275003
          250.500000 -14074.965029  12394.558784     49.758405
          250.625000 -14075.011560  12394.982745     48.724920
          250.718750 -14075.467692  12395.291768     48.630325
          250.812500 -14075.514224  12395.715729     47.596840
          250.906250 -14075.332689  12396.100826     46.658093
          251.000000 -14075.151154  12396.254628     45.624464
          251.125000 -14074.764818  12396.812842     44.263713
          251.218750 -14075.220951  12397.121865     44.169119
          251.312500 -14074.811350  12397.236803     43.230228
          251.406250 -14074.834615  12397.448783     42.713485
          251.500000 -14074.857881  12397.660764     42.196743
          251.625000 -14075.085947  12397.930923     42.196887
          251.718750 -14074.904412  12398.084725     41.163257
          251.812500 -14075.132478  12398.123589     41.068519
          251.906250 -14074.950943  12398.508686     40.129772
          252.000000 -14075.179010  12398.778845     40.129916
          252.125000 -14075.202275  12398.990826     39.613174
          252.218750 -14075.430341  12399.260985     39.613318
          252.312500 -14075.658408  12399.531143     39.613462
          252.406250 -14081.085779  12394.241793     65.022691
          252.500000 -14081.495380  12394.358149     66.056465
          252.625000 -14081.723447  12394.397013     65.961726
          252.718750 -14081.746712  12394.840289     65.539866
          252.812500 -14081.998044  12395.322428     65.023268
          252.906250 -14082.612446  12395.496963     66.573928
          253.000000 -14082.998781  12395.401339     68.124445
          253.125000 -14083.250113  12396.114773     67.702729
          253.218750 -14083.454913  12396.404246     68.314499
          253.312500 -14085.544860  12394.635164     77.237921
          253.406250 -14085.591391  12395.290420     76.299319
          253.500000 -14084.939639  12399.085102     65.731651
          253.625000 -14085.079233  12400.588280     62.726078
          253.718750 -14085.581896  12401.552559     61.692881
          253.812500 -14085.856494  12402.477974     60.754423
          253.906250 -14086.540692  12403.057155     60.659973
          254.000000 -14087.020090  12404.040748     60.238402
          254.125000 -14087.476223  12404.581066     60.238690
          254.218750 -14087.955621  12405.333364     59.722236
          254.312500 -14088.411753  12405.873682     59.722524
          254.406250 -14089.095952  12406.684158     59.722957
          254.500000 -14089.552084  12407.224476     59.723246
          254.625000 -14090.213017  12407.591677     60.145538
          254.718750 -14090.669149  12408.363290     60.240709
          254.812500 -14091.125282  12408.903607     60.240998
          254.906250 -14091.786214  12409.270808     60.663290
          255.000000 -14091.465086  12411.159559     63.963593
          255.125000 -14091.921218  12411.699876     63.963882
          255.218750 -14092.377350  12412.240194     63.964170
          255.312500 -14092.833483  12413.011807     64.059341
          255.406250 -14093.289615  12413.320829     63.964747
          255.500000 -14093.745748  12414.092442     64.059918
          255.625000 -14094.406681  12414.459643     64.482211
          255.718750 -14094.634747  12414.729802     64.482355
          255.812500 -14094.862813  12415.231255     64.577382
          255.906250 -14095.523746  12415.598457     64.999675
          256.000000 -14095.979878  12416.138774     64.999963
          256.125000 -14096.207944  12416.408933     65.000107
          256.218750 -14096.436011  12416.679092     65.000251
          256.312500 -14097.096943  12416.814998     65.327661
          256.406250 -14097.096943  12417.046293     65.422544
          256.500000 -14097.301744  12417.104471     65.939431
          256.625000 -14097.734611  12416.970219     66.266696
          256.718750 -14097.962677  12417.240378     66.266841
          256.812500 -14097.962677  12417.240378     66.266841
          256.906250 -14097.939411  12417.259692     66.878466
          257.000000 -14098.372278  12417.125440     67.205732
          257.125000 -14098.372278  12417.125440     67.205732
          257.218750 -14098.349012  12417.144754     67.817357
          257.312500 -14098.553813  12416.971637     68.239361
          257.406250 -14098.349012  12417.376049     67.912240
          257.500000 -14098.986680  12417.299974     68.756392
          257.625000 -14098.600344  12417.858188     67.395641
          257.718750 -14098.600344  12418.089483     67.490524
          257.812500 -14098.600344  12418.089483     67.490524
          257.906250 -14098.372278  12418.281913     67.680146
          258.000000 -14098.167477  12418.686325     67.353024
          258.125000 -14098.144212  12418.705639     67.964650
          258.218750 -14097.916146  12418.898069     68.154271
          258.312500 -14097.916146  12418.898069     68.154271
          258.406250 -14097.688079  12419.090500     68.343892
          258.500000 -14097.460013  12419.514225     68.628397
          258.625000 -14097.027147  12419.648478     68.301131
          258.718750 -14097.027147  12419.879772     68.396014
          258.812500 -14096.594280  12420.476614     68.258514
          258.906250 -14096.366214  12420.669045     68.448136
          259.000000 -14096.366214  12421.131634     68.637901
          259.125000 -14096.138147  12421.324065     68.827523
          259.218750 -14095.705281  12421.920907     68.690023
          259.312500 -14095.272414  12422.286454     68.457640
          259.406250 -14095.272414  12422.749043     68.647406
          259.500000 -14094.839547  12423.345885     68.509906
          259.625000 -14094.611481  12423.769611     68.794410
          259.718750 -14094.406681  12424.405317     68.562171
          259.812500 -14094.178614  12424.829042     68.846676
          259.906250 -14093.745748  12425.425884     68.709176
          260.000000 -14093.745748  12425.888473     68.898941
          260.125000 -14093.312881  12426.485315     68.761442
          260.218750 -14092.880014  12427.082157     68.623942
          260.312500 -14092.651948  12427.505882     68.908446
          260.406250 -14092.219081  12428.102724     68.770946
          260.500000 -14091.786214  12428.699566     68.633446
          260.625000 -14091.353348  12429.296408     68.495946
          260.718750 -14090.920481  12430.124544     68.453329
          260.812500 -14090.487614  12430.721386     68.315829
          260.906250 -14090.054748  12431.318228     68.178329
          261.000000 -14089.621881  12431.915070     68.040830
          261.125000 -14089.189014  12432.743206     67.998213
          261.218750 -14088.528081  12433.301184     67.955451
          261.312500 -14087.867148  12434.090457     68.007573
          261.406250 -14087.639082  12434.514182     68.292077
          261.500000 -14086.978149  12435.072160     68.249316
          261.625000 -14086.317216  12435.861432     68.301437
          261.718750 -14085.656283  12436.650705     68.353559
          261.812500 -14084.995350  12437.208682     68.310797
          261.906250 -14084.334418  12437.997955     68.362919
          262.000000 -14083.673485  12438.555933     68.320158
          262.125000 -14083.012552  12439.345205     68.372279
          262.218750 -14082.351619  12440.134478     68.424401
          262.312500 -14081.690686  12440.692455     68.381639
          262.406250 -14080.801687  12441.442864     68.528499
          262.500000 -14080.140754  12442.000841     68.485738
          262.625000 -14079.479821  12442.790114     68.537860
          262.718750 -14078.590822  12443.540522     68.684720
          262.812500 -14077.725088  12444.271616     68.219954
          262.906250 -14077.064156  12445.060889     68.272076
          263.000000 -14076.403223  12445.850161     68.324197
          263.125000 -14075.514224  12446.600570     68.471057
          263.218750 -14074.853291  12447.158548     68.428296
          263.312500 -14074.192358  12447.947820     68.480418
          263.406250 -14073.098558  12448.640050     68.110391
          263.500000 -14072.437625  12449.429323     68.162512
          263.625000 -14071.548626  12450.179731     68.309373
          263.718750 -14070.887693  12450.737709     68.266611
          263.812500 -14070.226760  12451.526981     68.318733
          263.906250 -14069.565827  12452.084959     68.275971
          264.000000 -14068.472028  12453.008484     68.000828
          264.125000 -14067.811095  12453.566462     67.958066
          264.218750 -14067.150162  12454.355734     68.010188
          264.312500 -14066.261163  12455.106142     68.157048
          264.406250 -14065.600230  12455.664120     68.114287
          264.500000 -14064.734496  12456.626509     67.744404
          264.625000 -14063.845497  12457.145623     67.796381
          264.718750 -14063.184564  12457.703600     67.753620
          264.812500 -14062.523631  12458.492873     67.805741
          264.906250 -14061.634632  12459.011987     67.857719
          265.000000 -14060.973699  12459.801259     67.909840
          265.125000 -14060.312767  12460.359237     67.867079
          265.218750 -14059.423767  12461.109645     68.013939
          265.312500 -14058.762835  12461.667623     67.971178
          265.406250 -14057.873835  12462.418031     68.118038
          265.500000 -14057.212903  12462.976009     68.075277
          265.625000 -14056.551970  12463.765281     68.127398
          265.718750 -14055.458170  12464.457512     67.757371
          265.812500 -14054.797237  12465.246784     67.809493
          265.906250 -14054.136304  12465.804762     67.766732
          266.000000 -14053.247305  12466.555170     67.913592
          266.125000 -14052.358306  12467.074284     67.965569
          266.218750 -14051.697373  12467.632262     67.922808
          266.312500 -14050.808374  12468.382670     68.069668
          266.406250 -14049.919375  12468.901784     68.121645
          266.500000 -14049.258442  12469.691056     68.173766
          266.625000 -14048.164642  12470.383286     67.803740
          266.718750 -14047.275643  12471.133694     67.950600
          266.812500 -14046.614710  12471.691672     67.907839
          266.906250 -14045.725711  12472.442081     68.054699
          267.000000 -14045.064778  12473.000058     68.011937
          267.125000 -14044.175779  12473.750467     68.158797
          267.218750 -14043.286780  12474.269580     68.210775
          267.312500 -14042.625847  12475.058853     68.262896
          267.406250 -14041.760114  12475.789947     67.798131
          267.500000 -14040.871115  12476.540355     67.944991
          267.625000 -14040.210182  12477.098333     67.902230
          267.718750 -14039.321183  12477.848742     68.049090
          267.812500 -14038.455449  12478.811130     67.679207
          267.906250 -14037.566450  12479.330244     67.731184
          268.000000 -14036.677451  12480.080652     67.878045
          268.125000 -14036.016518  12480.638630     67.835283
          268.218750 -14035.127519  12481.389039     67.982143
          268.312500 -14034.261786  12482.120133     67.517378
          268.406250 -14033.372786  12482.870541     67.664238
          268.500000 -14032.483787  12483.620950     67.811098
          268.625000 -14032.302252  12484.931226     67.251883
          268.718750 -14031.436519  12485.893614     66.882000
          268.812500 -14030.775586  12486.451592     66.839239
          268.906250 -14030.114653  12487.240865     66.891360
          269.000000 -14029.020854  12488.164390     66.616216
          269.125000 -14028.359921  12488.953662     66.668338
          269.218750 -14027.470921  12489.704070     66.815198
          269.312500 -14026.809989  12490.262048     66.772437
          269.406250 -14025.920989  12491.012456     66.919297
          269.500000 -14025.031990  12491.762865     67.066157
          269.625000 -14024.142991  12492.513273     67.213017
          269.718750 -14023.482058  12493.302546     67.265138
          269.812500 -14022.364993  12493.782795     67.411854
          269.906250 -14021.704060  12494.572068     67.463976
          270.000000 -14021.019862  12495.149360     68.032840
          270.125000 -14020.358929  12495.707337     67.990079
          270.218750 -14019.241863  12496.418882     68.231677
          270.312500 -14018.580931  12497.208154     68.283799
          270.406250 -14017.691931  12497.958562     68.430659
          270.500000 -14017.030999  12498.747835     68.482780
          270.625000 -14016.346800  12499.093832     68.956762
          270.718750 -14015.457801  12499.844240     69.103622
          270.812500 -14014.796868  12500.633513     69.155743
          270.906250 -14013.907869  12501.383921     69.302604
          271.000000 -14013.018870  12501.903035     69.354581
          271.125000 -14012.357937  12502.692307     69.406702
          271.218750 -14011.901804  12503.308463     69.880828
          271.312500 -14011.012805  12504.058872     70.027688
          271.406250 -14010.351872  12504.616849     69.984927
          271.500000 -14009.667674  12505.194141     70.553791
          271.625000 -14009.006741  12505.752119     70.511030
          271.718750 -14008.117742  12506.502527     70.657890
          271.812500 -14007.456809  12507.060505     70.615128
          271.906250 -14007.000677  12507.676661     71.089254
          272.000000 -14006.339744  12508.234639     71.046493
          272.125000 -14005.450745  12508.753753     71.098470
          272.218750 -14004.789812  12509.543025     71.150591
          272.312500 -14004.333679  12509.927886     71.529834
          272.406250 -14003.672746  12510.717159     71.581956
          272.500000 -14003.216614  12511.102020     71.961198
          272.625000 -14002.555681  12511.659998     71.918437
          272.718750 -14001.666682  12512.410406     72.065297
          272.812500 -14001.210550  12512.795267     72.444540
          272.906250 -14000.549617  12513.353245     72.401779
          273.000000 -13999.865418  12513.699242     72.875760
          273.125000 -13999.204485  12514.257220     72.832999
          273.218750 -13998.748353  12514.642081     73.212241
          273.312500 -13998.087420  12515.200059     73.169480
          273.406250 -13997.631288  12515.584920     73.548723
          273.500000 -13996.970355  12516.374193     73.600844
          273.625000 -13996.309422  12516.932171     73.558083
          273.718750 -13995.853289  12517.317032     73.937326
          273.812500 -13995.192357  12517.875010     73.894565
          273.906250 -13994.736224  12518.259871     74.273807
          274.000000 -13994.075291  12518.586554     74.136163
          274.125000 -13993.414358  12519.144532     74.093402
          274.218750 -13992.958226  12519.529393     74.472645
          274.312500 -13992.297293  12520.087371     74.429883
          274.406250 -13991.636360  12520.645348     74.387122
          274.500000 -13991.180228  12521.030210     74.766365
          274.625000 -13990.519295  12521.356893     74.628721
          274.718750 -13989.858362  12521.914870     74.585960
          274.812500 -13989.425495  12522.511712     74.448460
          274.906250 -13988.969363  12522.665279     74.732820
          275.000000 -13988.103629  12523.165078     74.173171
          275.125000 -13987.647497  12523.549939     74.552414
          275.218750 -13987.191365  12523.934801     74.931657
          275.312500 -13986.530432  12524.261484     74.794013
          275.406250 -13986.097565  12524.858326     74.656513
          275.500000 -13985.413367  12524.973028     75.035612
          275.625000 -13984.752434  12525.299711     74.897967
          275.718750 -13984.091501  12525.626394     74.760323
          275.812500 -13983.635368  12525.548666     74.949801
          275.906250 -13983.179236  12525.702232     75.234160
          276.000000 -13982.518303  12525.797621     75.001634
          276.125000 -13981.629304  12526.085439     74.958728
          276.218750 -13981.173172  12526.007711     75.148205
          276.312500 -13980.488973  12525.891119     75.432421
          276.406250 -13979.828040  12525.986507     75.199894
          276.500000 -13979.371908  12525.908779     75.389371
          276.625000 -13978.710975  12526.004167     75.156844
          276.718750 -13978.254842  12525.926439     75.346321
          276.812500 -13977.798710  12525.848711     75.535799
          276.906250 -13977.137777  12525.712804     75.208389
          277.000000 -13976.681645  12525.866371     75.492749
          277.125000 -13976.248778  12526.000623     75.165483
          277.218750 -13976.020712  12525.961759     75.260222
          277.312500 -13975.564580  12525.884031     75.449699
          277.406250 -13975.131713  12526.018283     75.122434
          277.500000 -13974.903647  12525.979419     75.217172
          277.625000 -13974.470780  12526.113672     74.889907
          277.718750 -13974.242714  12526.074808     74.984645
          277.812500 -13974.037913  12526.016629     74.467758
          277.906250 -13973.605046  12526.150882     74.140493
          278.000000 -13973.400246  12526.323998     73.718489
          278.125000 -13972.967379  12526.226956     73.296341
          278.218750 -13972.762579  12526.400072     72.874336
          278.312500 -13972.329712  12526.303030     72.452188
          278.406250 -13972.329712  12526.303030     72.452188
          278.500000 -13972.101646  12526.264166     72.546927
          278.625000 -13971.896845  12526.205988     72.030040
          278.718750 -13971.463978  12526.340240     71.702774
          278.812500 -13971.235912  12526.070081     71.702630
          278.906250 -13970.803046  12526.204334     71.375365
          279.000000 -13969.983843  12526.434210     69.497583
          279.125000 -13970.165378  12526.280408     70.531212
          279.218750 -13969.937312  12526.010249     70.531068
          279.312500 -13969.504445  12526.144501     70.203803
          279.406250 -13968.843512  12526.008595     69.876393
          279.500000 -13968.410646  12525.911552     69.454245
          279.625000 -13968.182580  12525.872688     69.548983
          279.718750 -13967.931248  12525.621844     70.160464
          279.812500 -13967.703182  12525.582980     70.255203
          279.906250 -13967.475115  12525.312821     70.255059
          280.000000 -13967.018983  12525.235093     70.444536
          280.125000 -13966.562851  12525.157364     70.634013
          280.218750 -13966.129984  12525.060322     70.211865
          280.312500 -13965.673852  12524.982594     70.401342
          280.406250 -13965.217719  12524.673571     70.495936
          280.500000 -13964.761587  12524.595843     70.685413
          280.625000 -13964.328720  12524.498800     70.263265
          280.718750 -13963.872588  12524.421072     70.452742
          280.812500 -13963.416455  12524.112049     70.547337
          280.906250 -13962.960323  12524.034321     70.736814
          281.000000 -13962.299390  12523.898414     70.409404
          281.125000 -13962.048058  12523.647570     71.020885
          281.218750 -13961.591926  12523.338547     71.115480
          281.312500 -13961.135793  12523.260819     71.304957
          281.406250 -13960.474861  12523.124912     70.977547
          281.500000 -13960.018728  12523.047184     71.167024
          281.625000 -13959.562596  12522.738161     71.261618
          281.718750 -13958.878397  12522.621569     71.545834
          281.812500 -13958.217464  12522.485662     71.218424
          281.906250 -13957.761332  12522.407934     71.407902
          282.000000 -13957.305200  12522.098911     71.502496
          282.125000 -13956.416201  12522.155435     71.364708
          282.218750 -13955.960068  12522.077707     71.554185
          282.312500 -13955.503936  12521.768684     71.648779
          282.406250 -13954.819737  12521.652092     71.932995
          282.500000 -13954.158804  12521.516185     71.605585
          282.625000 -13953.702672  12521.438457     71.795062
          282.718750 -13953.018473  12521.090570     71.984395
          282.812500 -13952.129474  12521.147094     71.846607
          282.906250 -13951.673342  12520.838071     71.941201
          283.000000 -13951.217210  12520.760343     72.130678
          283.125000 -13950.761077  12520.451320     72.225273
          283.218750 -13949.052876  12520.043837     69.925054
          283.312500 -13948.163877  12519.637771     69.597500
          283.406250 -13947.502944  12519.270570     69.175208
          283.500000 -13947.046812  12519.192842     69.364685
          283.625000 -13946.590679  12519.115114     69.554162
          283.718750 -13946.339347  12518.864269     70.165643
          283.812500 -13946.316082  12518.652289     70.682386
          283.906250 -13945.859949  12518.574560     70.871863
          284.000000 -13945.836684  12518.593875     71.483488
          284.125000 -13945.585352  12518.343030     72.094970
          284.218750 -13945.562086  12518.362344     72.706595
          284.312500 -13945.334020  12518.323480     72.801334
          284.406250 -13945.105954  12518.053321     72.801189
          284.500000 -13945.082688  12517.841341     73.317932
          284.625000 -13944.854622  12518.033771     73.507553
          284.718750 -13944.603290  12517.782926     74.119035
          284.812500 -13943.965623  12517.627706     73.179999
          284.906250 -13943.532756  12517.530664     72.757851
          285.000000 -13943.281424  12517.279819     73.369332
          285.125000 -13942.848558  12517.182776     72.947184
          285.218750 -13942.392425  12516.873754     73.041778
          285.312500 -13941.754758  12516.949828     72.197626
          285.406250 -13941.321891  12516.852785     71.775478
          285.500000 -13941.070559  12516.370646     72.292076
          285.625000 -13941.252094  12516.679433     73.515471
          285.718750 -13940.158295  12516.215189     72.671030
          285.812500 -13939.930229  12515.945031     72.670886
          285.906250 -13939.474096  12515.867302     72.860363
          286.000000 -13939.017964  12515.558280     72.954958
          286.125000 -13938.585097  12515.461237     72.532809
          286.218750 -13938.333765  12515.441687     73.239173
          286.312500 -13937.649567  12514.862505     73.333623
          286.406250 -13937.421501  12514.823641     73.428362
          286.500000 -13936.760568  12514.687735     73.100952
          286.625000 -13936.509236  12514.436890     73.712434
          286.718750 -13935.620237  12514.262120     73.479762
          286.812500 -13935.392171  12513.991961     73.479618
          286.906250 -13934.731238  12513.856054     73.152208
          287.000000 -13934.047039  12513.508167     73.341541
          287.125000 -13933.386106  12513.603556     73.109014
          287.218750 -13932.929974  12513.294533     73.203609
          287.312500 -13932.473841  12512.985510     73.298203
          287.406250 -13931.812909  12512.849603     72.970793
          287.500000 -13931.356776  12512.771875     73.160271
          287.625000 -13930.672578  12512.423988     73.349603
          287.718750 -13930.216445  12512.114965     73.444198
          287.812500 -13929.760313  12512.037237     73.633675
          287.906250 -13929.327446  12511.940195     73.211527
          288.000000 -13928.643248  12511.823602     73.495742
          288.125000 -13928.415181  12511.553443     73.495598
          288.218750 -13927.959049  12511.244420     73.590192
          288.312500 -13927.730983  12511.205556     73.684931
          288.406250 -13927.502917  12510.935398     73.684787
          288.500000 -13927.274850  12510.896533     73.779525
          288.625000 -13927.046784  12510.857669     73.874264
          288.718750 -13926.818718  12510.587511     73.874120
          288.812500 -13926.795452  12510.375530     74.390862
          288.906250 -13926.362586  12510.278488     73.968714
          289.000000 -13926.567386  12510.105371     74.390718
          289.125000 -13926.339320  12510.066507     74.485457
          289.218750 -13926.111254  12510.027643     74.580195
          289.312500 -13925.883188  12509.988779     74.674934
          289.406250 -13925.883188  12509.757484     74.580051
          289.500000 -13925.859922  12509.776798     75.191676
          289.625000 -13925.859922  12509.776798     75.191676
          289.718750 -13925.631856  12509.506639     75.191532
          289.812500 -13925.403790  12509.467775     75.286271
          289.906250 -13925.175724  12509.428911     75.381009
          290.000000 -13925.175724  12509.197616     75.286127
          290.125000 -13924.947657  12509.158752     75.380865
          290.218750 -13924.719591  12508.888594     75.380721
          290.312500 -13924.491525  12508.849729     75.475460
          290.406250 -13924.491525  12508.618435     75.380577
          290.500000 -13924.263459  12508.579571     75.475315
          290.625000 -13924.035393  12508.309412     75.475171
          290.718750 -13923.579260  12508.231684     75.664648
          290.812500 -13923.351194  12507.961525     75.664504
          290.906250 -13923.123128  12507.691366     75.664360
          291.000000 -13922.895062  12507.421207     75.664215
          291.125000 -13922.438929  12507.112184     75.758810
          291.218750 -13922.210863  12506.842025     75.758666
          291.312500 -13921.754731  12506.533002     75.853260
          291.406250 -13921.526665  12506.262844     75.853116
          291.500000 -13921.070532  12505.953821     75.947710
          291.625000 -13920.842466  12505.683662     75.947566
          291.718750 -13920.614400  12505.182208     75.852539
          291.812500 -13920.158267  12504.873185     75.947133
          291.906250 -13919.930201  12504.603026     75.946989
          292.000000 -13919.678869  12504.120887     76.463587
          292.125000 -13919.222737  12503.580569     76.463299
          292.218750 -13918.994671  12503.310411     76.463155
          292.312500 -13918.561804  12502.982073     75.946123
          292.406250 -13918.082406  12502.229775     76.462578
          292.500000 -13917.854340  12501.959616     76.462433
          292.625000 -13917.398208  12501.419299     76.462145
          292.718750 -13917.170141  12500.917845     76.367118
          292.812500 -13916.714009  12500.608822     76.461712
          292.906250 -13916.257877  12500.068505     76.461424
          293.000000 -13916.029811  12499.567051     76.366397
          293.125000 -13915.573678  12499.026733     76.366108
          293.218750 -13915.117546  12498.486416     76.365820
          293.312500 -13914.889480  12498.216257     76.365676
          293.406250 -13914.661413  12497.714803     76.270649
          293.500000 -13914.205281  12497.174486     76.270360
          293.625000 -13913.749149  12496.634168     76.270072
          293.718750 -13913.725883  12495.959598     76.597049
          293.812500 -13913.269751  12495.419280     76.596760
          293.906250 -13913.041684  12494.686532     76.406850
          294.000000 -13912.585552  12494.146214     76.406562
          294.125000 -13912.357486  12493.644761     76.311535
          294.218750 -13911.901354  12493.104443     76.311246
          294.312500 -13911.673287  12492.602989     76.216219
          294.406250 -13911.217155  12492.062672     76.215931
          294.500000 -13911.193889  12491.388102     76.542908
          294.625000 -13910.965823  12490.886648     76.447881
          294.718750 -13910.737757  12490.153900     76.257971
          294.812500 -13910.486425  12489.440466     76.679687
          294.906250 -13910.258359  12488.939012     76.584659
          295.000000 -13910.258359  12488.245128     76.300011
          295.125000 -13910.235093  12487.570558     76.626988
          295.218750 -13910.235093  12487.107968     76.437222
          295.312500 -13910.053558  12482.635876     73.505937
          295.406250 -13910.030293  12482.192601     73.927797
          295.500000 -13910.030293  12481.730011     73.738031
          295.625000 -13910.007027  12481.286736     74.159891
          295.718750 -13910.007027  12480.592852     73.875242
          295.812500 -13909.983762  12481.537345     74.866399
          295.906250 -13909.983762  12480.843461     74.581751
          296.000000 -13909.983762  12480.380871     74.391985
          296.125000 -13909.960496  12480.400185     75.003610
          296.218750 -13910.802964  12478.994521     75.795353
          296.312500 -13910.574898  12478.493068     75.700326
          296.406250 -13910.370097  12478.203595     75.088556
          296.500000 -13910.574898  12477.336594     75.225912
          296.625000 -13910.779698  12476.238299     75.268385
          296.718750 -13910.961233  12477.703559     76.966194
          296.812500 -13911.370834  12478.513800     78.284616
          296.906250 -13911.370834  12478.513800     78.284616
          297.000000 -13911.142768  12478.012347     78.189589
          297.125000 -13911.575635  12477.184210     78.232206
          297.218750 -13911.575635  12476.721620     78.042440
          297.312500 -13911.780435  12476.317209     78.369562
          297.406250 -13911.985236  12476.144093     78.791566
          297.500000 -13912.190036  12475.739682     79.118687
          297.625000 -13912.394837  12475.566565     79.540691
          297.718750 -13912.599637  12475.162154     79.867812
          297.812500 -13912.599637  12474.930859     79.772929
          297.906250 -13912.804438  12474.295153     80.005168
          298.000000 -13912.804438  12474.063858     79.910285
          298.125000 -13912.781172  12473.620583     80.332145
          298.218750 -13912.985973  12473.216172     80.659266
          298.312500 -13912.985973  12472.984877     80.564383
          298.406250 -13913.190773  12472.349171     80.796622
          298.500000 -13913.190773  12472.117877     80.701739
          298.625000 -13913.167508  12471.674601     81.123599
          298.718750 -13913.372308  12471.038895     81.355837
          298.812500 -13913.372308  12470.807601     81.260954
          298.906250 -13913.349043  12470.133031     81.587931
          299.000000 -13913.553843  12469.728619     81.915053
          299.125000 -13913.553843  12469.266030     81.725287
          299.218750 -13913.530577  12468.822755     82.147147
          299.312500 -13913.735378  12468.418343     82.474268
          299.406250 -13913.735378  12467.955754     82.284502
          299.500000 -13913.712112  12467.512479     82.706362
          299.625000 -13913.688847  12466.837909     83.033339
          299.718750 -13913.688847  12466.375319     82.843574
          299.812500 -13913.665581  12465.932044     83.265433
          299.906250 -13913.642315  12465.257474     83.592410
          300.000000 -13913.870382  12465.296338     83.497672
          300.125000 -13913.847116  12464.621768     83.824649
          300.218750 -13914.051917  12464.217357     84.151770
          300.312500 -13914.256717  12463.812945     84.478891
          300.406250 -13913.800585  12463.272628     84.478603
          300.500000 -13914.233451  12462.907081     84.710986
          300.625000 -13914.438252  12462.502669     85.038107
          300.718750 -13914.414986  12461.828099     85.365084
          300.812500 -13914.414986  12461.596805     85.270201
          300.906250 -13914.619787  12460.961099     85.502440
          301.000000 -13914.596521  12460.286529     85.829417
          301.125000 -13914.801322  12459.882117     86.156538
          301.218750 -13914.573256  12459.380664     86.061511
          301.312500 -13914.778056  12458.976253     86.388632
          301.406250 -13914.982857  12458.340547     86.620870
          301.500000 -13914.982857  12458.109252     86.525988
          301.625000 -13914.959591  12457.665977     86.947847
          301.718750 -13914.936325  12457.222701     87.369707
          301.812500 -13915.164392  12456.798976     87.085203
          301.906250 -13914.959591  12457.203387     86.758082
          302.000000 -13915.164392  12457.030271     87.180086
          302.125000 -13915.643790  12456.163506     85.999452
          302.218750 -13915.643790  12455.700916     85.809686
          302.312500 -13916.076656  12455.335369     86.042069
          302.406250 -13916.281457  12454.930958     86.369190
          302.500000 -13916.714324  12454.565411     86.601573
          302.625000 -13916.942390  12454.372980     86.411952
          302.718750 -13917.375257  12453.776138     86.549452
          302.812500 -13917.603323  12453.583708     86.359830
          302.906250 -13918.036189  12453.218161     86.592213
          303.000000 -13918.492322  12452.833299     86.212970
          303.125000 -13918.720388  12452.409574     85.928466
          303.218750 -13919.153255  12452.044027     86.160849
          303.312500 -13919.381321  12451.620302     85.876344
          303.406250 -13919.814188  12451.023460     86.013844
          303.500000 -13920.042254  12450.599734     85.729340
          303.625000 -13920.475121  12450.234187     85.961723
          303.718750 -13920.907987  12449.637345     86.099223
          303.812500 -13921.136053  12449.213620     85.814718
          303.906250 -13921.568920  12448.848073     86.047101
          304.000000 -13921.796986  12448.655642     85.857480
          304.125000 -13922.229853  12448.058801     85.994980
          304.218750 -13922.457919  12447.866370     85.805358
          304.312500 -13922.890786  12447.269528     85.942858
          304.406250 -13923.323653  12446.903981     86.175241
          304.500000 -13923.551719  12446.480256     85.890737
          304.625000 -13923.984586  12446.114708     86.123119
          304.718750 -13924.417452  12445.749161     86.355502
          304.812500 -13924.645519  12445.325436     86.070998
          304.906250 -13925.078385  12444.728594     86.208498
          305.000000 -13925.511252  12444.363047     86.440880
          305.125000 -13925.739318  12443.939322     86.156376
          305.218750 -13926.172185  12443.342480     86.293876
          305.312500 -13926.400251  12442.918754     86.009372
          305.406250 -13926.856383  12442.533893     85.630129
          305.500000 -13927.289250  12442.168346     85.862512
          305.625000 -13927.745383  12441.783485     85.483269
          305.718750 -13927.950183  12441.610368     85.905273
          305.812500 -13928.406315  12441.456802     85.620913
          305.906250 -13928.862448  12441.071941     85.241670
          306.000000 -13929.090514  12440.879510     85.052049
          306.125000 -13929.546646  12440.494649     84.672806
          306.218750 -13930.207579  12439.936671     84.715567
          306.312500 -13934.726962  12443.064818     79.066242
          306.406250 -13934.680431  12442.409562     80.004844
          306.500000 -13937.803560  12444.168075     80.987795
          306.625000 -13936.458429  12450.854419     83.791085
          306.718750 -13937.645291  12447.309395     80.576016
          306.812500 -13938.739091  12451.011765     82.748816
          306.906250 -13939.674621  12451.610497     81.948002
          307.000000 -13937.552228  12450.393483     84.255994
          307.125000 -13937.300897  12450.373933     84.962358
          307.218750 -13937.757029  12449.989072     84.583116
          307.312500 -13935.020235  12441.658682     82.493963
          307.406250 -13935.225035  12442.179450     83.200616
          307.500000 -13935.453102  12443.143493     83.485408
          307.625000 -13936.114034  12442.585515     83.528170
          307.718750 -13936.342101  12443.086968     83.623197
          307.812500 -13937.003034  12442.991580     83.855723
          307.906250 -13936.295569  12442.431713     84.561799
          308.000000 -13935.816171  12442.142004     85.268019
          308.125000 -13935.792906  12441.467434     85.594996
          308.218750 -13937.161303  12442.857092     85.500978
          308.312500 -13935.974441  12442.470105     87.103039
          308.406250 -13935.266976  12442.835416     88.188646
          308.500000 -13937.296306  12447.367813     89.655515
          308.625000 -13930.291461  12442.636373     95.260925
          308.718750 -13940.126163  12444.287504     84.648908
          308.812500 -13941.494560  12444.520689     84.080477
          308.906250 -13942.634891  12444.715009     83.606784
          309.000000 -13943.728691  12449.805147     86.348881
          309.125000 -13944.184823  12449.882876     86.159404
          309.218750 -13943.523890  12443.964601     83.459924
          309.312500 -13936.337510  12432.910711     85.374986
          309.406250 -13936.290979  12436.650055     88.116362
          309.500000 -13936.425983  12440.929481     92.176016
          309.625000 -13936.425983  12440.698186     92.081133
          309.718750 -13936.630783  12440.525070     92.503137
          309.812500 -13936.607518  12440.775679     93.209645
          309.906250 -13936.584252  12440.794993     93.821270
          310.000000 -13936.356186  12440.293539     93.726243
          310.125000 -13936.332920  12439.850264     94.148103
          310.218750 -13936.537721  12438.983263     94.285459
          310.312500 -13936.286389  12438.269829     94.707174
          310.406250 -13936.514455  12438.077399     94.517553
          310.500000 -13936.491189  12437.634123     94.939413
          310.625000 -13936.239858  12437.151984     95.456011
          310.718750 -13936.444658  12436.978867     95.878015
          310.812500 -13936.649459  12436.805751     96.300019
          310.906250 -13936.854259  12436.401340     96.627141
          311.000000 -13937.059060  12436.228223     97.049145
          311.125000 -13937.059060  12436.228223     97.049145
          311.218750 -13937.263860  12435.823812     97.376266
          311.312500 -13937.468661  12435.419401     97.703387
          311.406250 -13937.696727  12435.458265     97.608649
          311.500000 -13938.129594  12435.324012     97.935914
          311.625000 -13938.357660  12435.362877     97.841176
          311.718750 -13938.790527  12434.997329     98.073558
          311.812500 -13939.474725  12435.113922     97.789342
          311.906250 -13939.907592  12434.979669     98.116608
          312.000000 -13940.363724  12435.057398     97.927131
          312.125000 -13940.796591  12434.691850     98.159513
          312.218750 -13941.252723  12434.769579     97.970036
          312.312500 -13941.685590  12434.635326     98.297302
          312.406250 -13942.141723  12434.713054     98.107825
          312.500000 -13942.574589  12434.578802     98.435090
          312.625000 -13942.802655  12434.386371     98.245469
          312.718750 -13943.463588  12434.290983     98.477996
          312.812500 -13943.691655  12434.329847     98.383257
          312.906250 -13944.124521  12433.964300     98.615640
          313.000000 -13944.557388  12434.292637     99.132671
          313.125000 -13944.785454  12434.100207     98.943050
          313.218750 -13945.446387  12434.004818     99.175576
          313.312500 -13945.902519  12434.082547     98.986099
          313.406250 -13946.563452  12434.218453     99.313509
          313.500000 -13947.019585  12433.371002     98.744501
          313.625000 -13947.452452  12433.699339     99.261532
          313.718750 -13947.680518  12433.044319     98.882145
          313.812500 -13948.113384  12434.066541     99.683824
          313.906250 -13948.318185  12433.893424    100.105828
          314.000000 -13948.499720  12433.739622    101.139458
          314.125000 -13948.499720  12433.970917    101.234341
          314.218750 -13948.704520  12433.797800    101.656345
          314.312500 -13949.137387  12433.663548    101.983610
          314.406250 -13949.365453  12433.933706    101.983754
          314.500000 -13949.798320  12433.799454    102.311020
          314.625000 -13950.231187  12433.896496    102.733168
          314.718750 -13950.687319  12433.974225    102.543691
          314.812500 -13950.915385  12434.013089    102.448952
          314.906250 -13951.576318  12434.148995    102.776362
          315.000000 -13952.237251  12434.053607    103.008889
          315.125000 -13952.465317  12434.323766    103.009033
          315.218750 -13952.921450  12434.401494    102.819556
          315.312500 -13953.582383  12434.306106    103.052083
          315.406250 -13953.810449  12434.576265    103.052227
          315.500000 -13954.471382  12434.480876    103.284754
          315.625000 -13954.927514  12434.789899    103.190160
          315.718750 -13955.360381  12434.886942    103.612308
          315.812500 -13955.816513  12434.964670    103.422831
          315.906250 -13956.477446  12435.100576    103.750241
          316.000000 -13956.933578  12435.409599    103.655646
          316.125000 -13957.389711  12435.487327    103.466169
          316.218750 -13958.050644  12435.623234    103.793579
          316.312500 -13958.278710  12435.662098    103.698840
          316.406250 -13958.939643  12435.798004    104.026250
          316.500000 -13959.167709  12436.068163    104.026394
          316.625000 -13959.828642  12435.972775    104.258921
          316.718750 -13960.056708  12436.242934    104.259065
          316.812500 -13960.717641  12436.147545    104.491592
          316.906250 -13961.173773  12436.456568    104.396998
          317.000000 -13961.606640  12436.322316    104.724263
          317.125000 -13962.062772  12436.631339    104.629669
          317.218750 -13962.723705  12436.535951    104.862196
          317.312500 -13962.951772  12436.574815    104.767457
          317.406250 -13963.612704  12436.710721    105.094867
          317.500000 -13963.840771  12436.749585    105.000129
          317.625000 -13964.296903  12436.827314    104.810651
          317.718750 -13964.957836  12436.731925    105.043178
          317.812500 -13965.185902  12436.770789    104.948440
          317.906250 -13965.846835  12436.675401    105.180967
          318.000000 -13966.074901  12436.714265    105.086228
          318.125000 -13966.735834  12436.618877    105.318755
          318.218750 -13966.963900  12436.657741    105.224016
          318.312500 -13967.420033  12436.735469    105.034539
          318.406250 -13968.080966  12436.640081    105.267066
          318.500000 -13968.537098  12436.717809    105.077589
          318.625000 -13968.969965  12436.583557    105.404855
          318.718750 -13969.426097  12436.661285    105.215377
          318.812500 -13969.654163  12436.700149    105.120639
          318.906250 -13970.315096  12436.604761    105.353166
          319.000000 -13970.771229  12436.451194    105.068806
          319.125000 -13971.227361  12436.528922    104.879329
          319.218750 -13971.888294  12436.433534    105.111856
          319.312500 -13972.344426  12436.511262    104.922378
          319.406250 -13972.800559  12436.588991    104.732901
          319.500000 -13973.233425  12436.223443    104.965284
          319.625000 -13973.689558  12436.532466    104.870690
          319.718750 -13974.350491  12436.205783    105.008334
          319.812500 -13974.578557  12436.244648    104.913595
          319.906250 -13975.011423  12436.110395    105.240861
          320.000000 -13975.695622  12435.995693    104.861762
          320.125000 -13975.923688  12436.034557    104.767023
          320.218750 -13976.356555  12435.900304    105.094289
          320.312500 -13976.812687  12435.746738    104.809929
          320.406250 -13977.245554  12435.612486    105.137194
          320.500000 -13977.701686  12435.690214    104.947717
          320.625000 -13978.362619  12435.363531    105.085361
          320.718750 -13978.590686  12435.402395    104.990623
          320.812500 -13978.818752  12435.441259    104.895884
          320.906250 -13979.479685  12435.114576    105.033528
          321.000000 -13979.707751  12435.153440    104.938790
          321.125000 -13980.368684  12434.826757    105.076434
          321.218750 -13980.824816  12434.904485    104.886957
          321.312500 -13981.280948  12434.982213    104.697480
          321.406250 -13981.713815  12434.847961    105.024745
          321.500000 -13982.169948  12434.694395    104.740385
          321.625000 -13982.602814  12434.560142    105.067651
          321.718750 -13983.058947  12434.406576    104.783291
          321.812500 -13983.515079  12434.484304    104.593814
          321.906250 -13984.176012  12434.388916    104.826340
          322.000000 -13984.404078  12434.427780    104.731602
          322.125000 -13984.860210  12434.274213    104.447242
          322.218750 -13985.293077  12434.139961    104.774507
          322.312500 -13985.749210  12434.217689    104.585030
          322.406250 -13986.182076  12433.852142    104.817413
          322.500000 -13986.638209  12433.929870    104.627936
          322.625000 -13987.071075  12433.795618    104.955201
          322.718750 -13987.527208  12433.873346    104.765724
          322.812500 -13987.983340  12433.719779    104.481364
          322.906250 -13988.416207  12433.585527    104.808630
          323.000000 -13988.872339  12433.431960    104.524270
          323.125000 -13989.533272  12433.336572    104.756797
          323.218750 -13989.761338  12433.375436    104.662058
          323.312500 -13990.217471  12433.453164    104.472581
          323.406250 -13990.650337  12433.087617    104.704964
          323.500000 -13991.083204  12432.953365    105.032229
          323.625000 -13991.539336  12433.031093    104.842752
          323.718750 -13991.995469  12432.877527    104.558392
          323.812500 -13992.428336  12432.743274    104.885657
          323.906250 -13992.884468  12432.821002    104.696180
          324.000000 -13993.317335  12432.455455    104.928563
          324.125000 -13993.773467  12432.533184    104.739086
          324.218750 -13994.001533  12432.340753    104.549464
          324.312500 -13994.662466  12432.245365    104.781991
          324.406250 -13994.890532  12432.052934    104.592370
          324.500000 -13995.551465  12431.957546    104.824897
          324.625000 -13996.463730  12431.881707    104.351060
          324.718750 -13996.691796  12431.920571    104.256321
          324.812500 -13997.375995  12431.805869    103.877223
          324.906250 -13997.808861  12431.440322    104.109605
          325.000000 -13998.493060  12431.325620    103.730507
          325.125000 -13998.469794  12430.882344    104.152367
          325.218750 -13999.153993  12430.998937    103.868151
          325.312500 -13999.814926  12430.672254    104.005795
          325.406250 -14000.019726  12430.267842    104.332916
          325.500000 -14000.703925  12430.153140    103.953818
          325.625000 -14001.160057  12429.999573    103.669458
          325.718750 -14001.592924  12429.634026    103.901840
          325.812500 -14002.025791  12429.268479    104.134223
          325.906250 -14002.481923  12429.346207    103.944746
          326.000000 -14002.914790  12428.749365    104.082246
          326.125000 -14003.370922  12428.595799    103.797886
          326.218750 -14003.803789  12428.230252    104.030269
          326.312500 -14004.259921  12428.076685    103.745909
          326.406250 -14004.692788  12427.711138    103.978291
          326.500000 -14005.353721  12427.384455    104.115935
          326.625000 -14005.809853  12427.230889    103.831575
          326.718750 -14004.576460  12425.726056    106.182473
          326.812500 -14003.822464  12424.510933    107.827151
          326.906250 -14004.255331  12424.145386    108.059534
          327.000000 -14004.962795  12424.011369    107.068810
          327.125000 -14005.781997  12429.101272    111.128896
          327.218750 -14006.466196  12428.523980    110.560032
          327.312500 -14006.922328  12427.445234    109.896141
          327.406250 -14007.378461  12426.366489    109.232250
          327.500000 -14007.834593  12426.212922    108.947890
          327.625000 -14008.178987  12417.366016    102.189477
          327.718750 -14008.951658  12425.270083    108.611408
          327.812500 -14009.384525  12425.135831    108.938674
          327.906250 -14009.840657  12424.750970    108.559431
          328.000000 -14010.273524  12424.154128    108.696931
          328.125000 -14010.729657  12424.000561    108.412571
          328.218750 -14011.050785  12417.023327    103.024846
          328.312500 -14011.800191  12425.178003    110.153286
          328.406250 -14012.256323  12425.024437    109.868926
          328.500000 -14012.940521  12424.678439    109.394944
          328.625000 -14013.601454  12424.120462    109.437706
          328.718750 -14013.829521  12423.696736    109.153201
          328.812500 -14014.262387  12423.331189    109.385584
          328.906250 -14014.741785  12422.695719    108.299833
          329.000000 -14015.402718  12422.137741    108.342594
          329.125000 -14015.630784  12421.482721    107.963207
          329.218750 -14016.291717  12420.924744    108.005969
          329.312500 -14016.747850  12420.539882    107.626726
          329.406250 -14017.180716  12420.174335    107.859109
          329.500000 -14018.116247  12419.154004    106.394115
          329.625000 -14018.572379  12418.537848    105.919989
          329.718750 -14019.028512  12418.152986    105.540747
          329.812500 -14019.689444  12417.363714    105.488625
          329.906250 -14020.145577  12416.978853    105.109382
          330.000000 -14020.099046  12417.248776    106.427516
          330.125000 -14021.034576  12416.459739    105.057405
          330.218750 -14021.695509  12415.901761    105.100166
          330.312500 -14022.151641  12415.748195    104.815806
          330.406250 -14022.812574  12415.190217    104.858568
          330.500000 -14023.268706  12415.036651    104.574208
          330.625000 -14023.701573  12414.902398    104.901473
          330.718750 -14024.385772  12414.093812    104.237726
          330.812500 -14025.046705  12413.535834    104.280487
          330.906250 -14025.502837  12413.150973    103.901245
          331.000000 -14025.958969  12412.997406    103.616885
          331.125000 -14026.619902  12412.670723    103.754529
          331.218750 -14026.801437  12412.748215    104.883041
          331.312500 -14027.485636  12412.170924    104.314177
          331.406250 -14028.216366  12410.629824    102.142531
          331.500000 -14028.877299  12409.840552    102.090409
          331.625000 -14029.333431  12409.455691    101.711167
          331.718750 -14029.766298  12408.858849    101.848666
          331.812500 -14029.240368  12409.764242    104.252551
          331.906250 -14030.175899  12408.743911    102.787557
          332.000000 -14030.608765  12408.147069    102.925057
          332.125000 -14031.064898  12407.762208    102.545814
          332.218750 -14031.725831  12407.204230    102.588576
          332.312500 -14031.953897  12406.780504    102.304072
          332.406250 -14032.112166  12406.877311    104.044209
          332.500000 -14032.340232  12405.528407    103.380174
          332.625000 -14032.773099  12404.931565    103.517674
          332.718750 -14033.001165  12404.739134    103.328052
          332.812500 -14033.434032  12404.142292    103.465552
          332.906250 -14033.866899  12403.776745    103.697935
          333.000000 -14032.428705  12400.825966    104.962649
          333.125000 -14034.504566  12402.544197    104.067673
          333.218750 -14034.732632  12402.351767    103.878052
          333.312500 -14035.165499  12401.986220    104.110434
          333.406250 -14035.849697  12402.102812    103.826219
          333.500000 -14036.510630  12401.776129    103.963863
          333.625000 -14036.943497  12401.410582    104.196246
          333.718750 -14037.171563  12401.449446    104.101507
          333.812500 -14037.832496  12401.122763    104.239151
          333.906250 -14038.265363  12400.757216    104.471534
          334.000000 -14038.698230  12400.622964    104.798799
          334.125000 -14038.926296  12400.661828    104.704061
          334.218750 -14039.587229  12400.335145    104.841705
          334.312500 -14040.020095  12400.200892    105.168970
          334.406250 -14040.452962  12399.835345    105.401353
          334.500000 -14040.909095  12399.681779    105.116993
          334.625000 -14041.341961  12399.547526    105.444258
          334.718750 -14041.774828  12399.181979    105.676641
          334.812500 -14042.435761  12399.086591    105.909168
          334.906250 -14042.663827  12398.894160    105.719547
          335.000000 -14043.324760  12398.567477    105.857191
          335.125000 -14043.780892  12398.413911    105.572831
          335.218750 -14044.213759  12398.048364    105.805213
          335.312500 -14044.874692  12397.721681    105.942858
          335.406250 -14045.102758  12397.760545    105.848119
          335.500000 -14045.763691  12397.665156    106.080646
          335.625000 -14046.424624  12397.569768    106.313173
          335.718750 -14046.880756  12397.647496    106.123696
          335.812500 -14047.336889  12397.493930    105.839336
          335.906250 -14047.769756  12397.359677    106.166601
          336.000000 -14048.225888  12397.437406    105.977124
          336.125000 -14048.886821  12397.342017    106.209651
          336.218750 -14049.342953  12397.419746    106.020174
          336.312500 -14050.003886  12397.324357    106.252701
          336.406250 -14050.231952  12397.363221    106.157962
          336.500000 -14050.892885  12397.036538    106.295606
          336.625000 -14051.349018  12397.114267    106.106129
          336.718750 -14051.577084  12397.153131    106.011390
          336.812500 -14052.009950  12397.018878    106.338656
          336.906250 -14052.466083  12396.865312    106.054296
          337.000000 -14052.922215  12396.943040    105.864819
          337.125000 -14053.150281  12395.594136    105.200783
          337.218750 -14053.401613  12395.151096    104.304654
          337.312500 -14053.834480  12395.710728    104.916568
          337.406250 -14054.085812  12394.805099    103.830672
          337.500000 -14054.313878  12395.769142    104.115465
          337.625000 -14054.541944  12395.808006    104.020727
          337.718750 -14054.723479  12398.198446    106.098067
          337.812500 -14054.723479  12398.429741    106.192950
          337.906250 -14054.951545  12398.237310    106.003328
          338.000000 -14054.974811  12397.986701    105.296820
          338.125000 -14055.202877  12397.794270    105.107199
          338.218750 -14055.202877  12397.562976    105.012316
          338.312500 -14055.226143  12397.774956    104.495573
          338.406250 -14055.226143  12397.774956    104.495573
          338.500000 -14055.249408  12397.524347    103.789065
          338.625000 -14055.477474  12397.563211    103.694326
          338.718750 -14055.477474  12397.331917    103.599444
          338.812500 -14055.500740  12397.312603    102.987818
          338.906250 -14055.728806  12397.120172    102.798197
          339.000000 -14055.752072  12396.869563    102.091689
          339.125000 -14055.547271  12396.580090    101.479919
          339.218750 -14055.775338  12396.387659    101.290298
          339.312500 -14055.798603  12396.137051    100.583789
          339.406250 -14055.798603  12395.905756    100.488907
          339.500000 -14055.821869  12395.886442     99.877281
          339.625000 -14056.049935  12395.462716     99.592777
          339.718750 -14056.073201  12395.443402     98.981151
          339.812500 -14056.301267  12394.788382     98.601764
          339.906250 -14056.324533  12394.537773     97.895256
          340.000000 -14056.324533  12394.075184     97.705491
          340.125000 -14056.552599  12393.882753     97.515869
          340.218750 -14057.008731  12393.729187     97.231509
          340.312500 -14057.031997  12393.478578     96.525001
          340.406250 -14057.260063  12393.286147     96.335380
          340.500000 -14057.464863  12393.113031     96.757384
          340.625000 -14057.692930  12393.151895     96.662645
          340.718750 -14057.920996  12393.190759     96.567907
          340.812500 -14058.172328  12393.672898     96.051308
          340.906250 -14058.628460  12392.362858     95.292534
          341.000000 -14058.856526  12392.864312     95.387561
          341.125000 -14059.312659  12392.942040     95.198084
          341.218750 -14059.540725  12392.980904     95.103345
          341.312500 -14060.201658  12393.348105     95.525638
          341.406250 -14060.429724  12393.386969     95.430899
          341.500000 -14060.885856  12393.233403     95.146539
          341.625000 -14061.341989  12393.079836     94.862180
          341.718750 -14061.570055  12393.118700     94.767441
          341.812500 -14062.230988  12393.023312     94.999968
          341.906250 -14062.687120  12392.869745     94.715608
          342.000000 -14063.143252  12392.947474     94.526131
          342.125000 -14063.804185  12392.852085     94.758658
          342.218750 -14064.260318  12392.929814     94.569181
          342.312500 -14064.921251  12393.065720     94.896590
          342.406250 -14065.377383  12393.143448     94.707113
          342.500000 -14065.810250  12392.777901     94.939496
          342.625000 -14066.266382  12392.855629     94.750019
          342.718750 -14066.927315  12392.760241     94.982546
          342.812500 -14067.611514  12392.645539     94.603447
          342.906250 -14068.272446  12392.550150     94.835974
          343.000000 -14068.728579  12392.627879     94.646497
          343.125000 -14069.389512  12392.301195     94.784141
          343.218750 -14070.050445  12391.974512     94.921785
          343.312500 -14070.734643  12391.859810     94.542686
          343.406250 -14071.395576  12391.533127     94.680331
          343.500000 -14071.623642  12391.571991     94.585592
          343.625000 -14072.740708  12391.323036     94.533759
          343.718750 -14072.968774  12391.361900     94.439020
          343.812500 -14073.652972  12391.247198     94.059922
          343.906250 -14074.039308  12394.389700     96.938797
          344.000000 -14074.541971  12390.728084     94.007945
          344.125000 -14074.998104  12390.343223     93.628702
          344.218750 -14075.430970  12390.902855     94.240616
          344.312500 -14075.682302  12389.997226     93.154720
          344.406250 -14075.910368  12388.417027     92.395802
          344.500000 -14075.863837  12391.925076     95.042295
          344.625000 -14076.548036  12392.272963     94.852962
          344.718750 -14076.776102  12392.311827     94.758224
          344.812500 -14075.565974  12391.712860     96.877027
          344.906250 -14073.876448  12390.361594     99.512285
          345.000000 -14076.273438  12392.041433     96.076069
          345.125000 -14064.563086  12382.717296    111.559629
          345.218750 -14062.668759  12381.307852    113.677999
          345.312500 -14062.189361  12380.786849    114.289336
          345.406250 -14062.394162  12380.613732    114.711340
          345.500000 -14062.645494  12380.864577    114.099859
          345.625000 -14067.621009  12385.226926    108.735471
          345.718750 -14069.538601  12386.848350    106.100357
          345.812500 -14070.725463  12387.929221    104.782945
          345.906250 -14072.140391  12389.048957    103.370794
          346.000000 -14072.847855  12389.608824    102.664718
          346.125000 -14073.555320  12390.168692    101.958642
          346.218750 -14074.034718  12390.689695    101.347306
          346.312500 -14074.514116  12391.210699    100.735969
          346.406250 -14075.221580  12391.770567    100.029893
          346.500000 -14075.677712  12392.079589     99.935299
          346.625000 -14076.157110  12392.600593     99.323962
          346.718750 -14076.636508  12393.121596     98.712625
          346.812500 -14077.092640  12393.430619     98.618030
          346.906250 -14077.115906  12393.873895     98.196171
          347.000000 -14077.572038  12394.182918     98.101576
          347.125000 -14077.800105  12394.453076     98.101720
          347.218750 -14077.823370  12394.896352     97.679861
          347.312500 -14078.279503  12395.205375     97.585266
          347.406250 -14078.507569  12395.706828     97.680293
          347.500000 -14078.735635  12396.208282     97.775320
          347.625000 -14079.215033  12396.960580     97.258866
          347.718750 -14079.238299  12397.403855     96.837006
          347.812500 -14079.466365  12397.905309     96.932033
          347.906250 -14079.922497  12398.445627     96.932322
          348.000000 -14080.173829  12398.927766     96.415724
          348.125000 -14080.401895  12399.429220     96.510751
          348.218750 -14080.858028  12399.738243     96.416156
          348.312500 -14080.881293  12400.412813     96.089179
          348.406250 -14081.109359  12400.914266     96.184206
          348.500000 -14081.337426  12401.415720     96.279233
          348.625000 -14081.565492  12401.917173     96.374260
          348.718750 -14081.588757  12402.591743     96.047283
          348.812500 -14081.816824  12403.093197     96.142310
          348.906250 -14082.044890  12403.363356     96.142455
          349.000000 -14082.501022  12403.903673     96.142743
          349.125000 -14082.296222  12404.539379     95.910505
          349.218750 -14082.752354  12405.079697     95.910793
          349.312500 -14082.980420  12405.581151     96.005820
          349.406250 -14083.208486  12405.851309     96.005964
          349.500000 -14083.436553  12406.352763     96.100991
          349.625000 -14083.459818  12407.027333     95.774014
          349.718750 -14083.687884  12407.528787     95.869041
          349.812500 -14083.915951  12408.030240     95.964068
          349.906250 -14084.144017  12408.531694     96.059095
          350.000000 -14084.600149  12409.072011     96.059384
          350.125000 -14084.828215  12409.573465     96.154411
          350.218750 -14084.851481  12410.248035     95.827434
          350.312500 -14085.079547  12410.749489     95.922461
          350.406250 -14085.307613  12411.250942     96.017488
          350.500000 -14085.763746  12411.559965     95.922894
          350.625000 -14085.991812  12412.061419     96.017921
          350.718750 -14086.219878  12412.562872     96.112948
          350.812500 -14086.243144  12413.237442     95.785971
          350.906250 -14086.471210  12413.738896     95.880998
          351.000000 -14086.927342  12414.047919     95.786403
          351.125000 -14087.155408  12414.549372     95.881431
          351.218750 -14087.178674  12415.223942     95.554454
          351.312500 -14087.406740  12415.725396     95.649481
          351.406250 -14087.634806  12415.995555     95.649625
          351.500000 -14088.090939  12416.535872     95.649913
          351.625000 -14088.319005  12417.037326     95.744940
          351.718750 -14088.547071  12417.538779     95.839967
          351.812500 -14088.570337  12418.213350     95.512990
          351.906250 -14088.798403  12418.714803     95.608017
          352.000000 -14089.254535  12419.255121     95.608306
          352.125000 -14089.482602  12419.756574     95.703333
          352.218750 -14089.710668  12420.258028     95.798360
          352.312500 -14089.962000  12420.971462     95.376644
          352.406250 -14090.190066  12421.472916     95.471671
          352.500000 -14090.190066  12421.935505     95.661437
          352.625000 -14090.418132  12422.668253     95.851347
          352.718750 -14090.646198  12423.169707     95.946374
          352.812500 -14090.441398  12423.805413     95.714135
          352.906250 -14090.441398  12424.499297     95.998784
          353.000000 -14090.441398  12424.961887     96.188549
          353.125000 -14090.441398  12425.424476     96.378315
          353.218750 -14090.236597  12425.828887     96.051194
          353.312500 -14090.031796  12426.695888     95.913838
          353.406250 -14090.213331  12426.773380     97.042350
          353.500000 -14089.803730  12427.350908     96.293225
          353.625000 -14089.575664  12427.774633     96.577729
          353.718750 -14089.552398  12428.025242     97.284238
          353.812500 -14089.324332  12428.448968     97.568742
          353.906250 -14089.096266  12428.641398     97.758363
          354.000000 -14088.663399  12429.006945     97.525981
          354.125000 -14088.207267  12429.160512     97.810340
          354.218750 -14087.979201  12429.352942     97.999962
          354.312500 -14087.955935  12429.603551     98.706470
          354.406250 -14088.114204  12429.469063    100.351725
          354.500000 -14087.658072  12429.622630    100.636085
          354.625000 -14087.020405  12430.161293     99.981698
          354.718750 -14086.792339  12430.353724    100.171320
          354.812500 -14086.131406  12430.449112     99.938793
          354.906250 -14085.903340  12430.641543    100.128414
          355.000000 -14085.242407  12430.968226     99.990770
          355.125000 -14084.604739  12431.275595     99.241500
          355.218750 -14083.943806  12431.602278     99.103856
          355.312500 -14083.510940  12431.967825     98.871474
          355.406250 -14082.850007  12432.063213     98.638947
          355.500000 -14082.189074  12432.158601     98.406420
          355.625000 -14081.528141  12432.485284     98.268776
          355.718750 -14080.867208  12432.580673     98.036249
          355.812500 -14080.206275  12432.676061     97.803722
          355.906250 -14079.545342  12432.771449     97.571195
          356.000000 -14078.884409  12432.866837     97.338668
          356.125000 -14078.223476  12432.962226     97.106141
          356.218750 -14077.562543  12433.057614     96.873614
          356.312500 -14076.901611  12433.153002     96.641087
          356.406250 -14076.492010  12433.499235     95.797079
          356.500000 -14075.603010  12433.555759     95.659291
          356.625000 -14075.351679  12433.536209     96.365655
          356.718750 -14074.667480  12433.650912     96.744754
          356.812500 -14074.211348  12433.573184     96.934231
          356.906250 -14073.550415  12433.668572     96.701704
          357.000000 -14072.889482  12433.995255     96.564060
          357.125000 -14072.205283  12433.878663     96.848275
          357.218750 -14071.544350  12433.974051     96.615748
          357.312500 -14070.883417  12434.069439     96.383222
          357.406250 -14070.222485  12434.164828     96.150695
          357.500000 -14069.561552  12434.491511     96.013051
          357.625000 -14068.900619  12434.586899     95.780524
          357.718750 -14068.239686  12434.682287     95.547997
          357.812500 -14067.578753  12435.008970     95.410353
          357.906250 -14066.917820  12435.104358     95.177826
          358.000000 -14066.256887  12435.199747     94.945299
          358.125000 -14065.595954  12435.295135     94.712772
          358.218750 -14064.706955  12435.582954     94.669866
          358.312500 -14064.250823  12435.505226     94.859344
          358.406250 -14063.589890  12435.831909     94.721699
          358.500000 -14063.133757  12435.754180     94.911177
          358.625000 -14062.472825  12435.849569     94.678650
          358.718750 -14061.811892  12436.176252     94.541006
          358.812500 -14061.150959  12436.271640     94.308479
          358.906250 -14060.694826  12436.425207     94.592839
          359.000000 -14060.033893  12436.520595     94.360312
          359.125000 -14059.372960  12436.615983     94.127785
          359.218750 -14058.688762  12436.499391     94.412001
          359.312500 -14058.027829  12436.594779     94.179474
          359.406250 -14057.366896  12436.921462     94.041830
          359.500000 -14056.910764  12436.843734     94.231307
          359.625000 -14056.249831  12436.939122     93.998780
          359.718750 -14055.793698  12436.861394     94.188257
          359.812500 -14055.132766  12436.725487     93.860847
          359.906250 -14054.243766  12436.782012     93.723059
          360.000000 -14053.787634  12436.704283     93.912536
          360.125000 -14053.126701  12436.799672     93.680009
          360.218750 -14052.670569  12436.721944     93.869486
          360.312500 -14052.009636  12436.817332     93.636959
          360.406250 -14051.553504  12436.739604     93.826436
          360.500000 -14051.097371  12436.661875     94.015914
          360.625000 -14050.208372  12436.718400     93.878125
          360.718750 -14049.752240  12436.640671     94.067602
          360.812500 -14049.091307  12436.736060     93.835076
          360.906250 -14048.635174  12436.658331     94.024553
          361.000000 -14047.974242  12436.753720     93.792026
          361.125000 -14047.518109  12436.675992     93.981503
          361.218750 -14046.857176  12436.771380     93.748976
          361.312500 -14046.401044  12436.693652     93.938453
          361.406250 -14045.512045  12436.981470     93.895548
          361.500000 -14045.079178  12437.115723     93.568282
          361.625000 -14044.394979  12436.999131     93.852498
          361.718750 -14043.734047  12437.094519     93.619971
          361.812500 -14043.277914  12437.016791     93.809448
          361.906250 -14042.616981  12437.343474     93.671804
          362.000000 -14042.160849  12437.265745     93.861281
          362.125000 -14041.499916  12437.361134     93.628754
          362.218750 -14041.043784  12437.514700     93.913114
          362.312500 -14040.610917  12437.648953     93.585849
          362.406250 -14040.154785  12437.802519     93.870209
          362.500000 -14039.265785  12437.859043     93.732420
          362.625000 -14039.037719  12438.051474     93.922042
          362.718750 -14038.376786  12438.378157     93.784398
          362.812500 -14038.148720  12438.570588     93.974019
          362.906250 -14037.487787  12438.897271     93.836375
          363.000000 -14037.031655  12439.050837     94.120735
          363.125000 -14036.803589  12439.243268     94.310356
          363.218750 -14036.142656  12439.569951     94.172712
          363.312500 -14035.709789  12439.935498     93.940329
          363.406250 -14035.481723  12440.359223     94.224834
          363.500000 -14035.072122  12440.936751     93.475708
          363.625000 -14034.639255  12441.071003     93.148443
          363.718750 -14034.206388  12441.667845     93.010943
          363.812500 -14033.773522  12442.033392     92.778560
          363.906250 -14033.340655  12442.630234     92.641060
          364.000000 -14032.907788  12442.995781     92.408678
          364.125000 -14032.907788  12443.227076     92.503561
          364.218750 -14032.474921  12443.823918     92.366061
          364.312500 -14032.270121  12444.228329     92.038939
          364.406250 -14032.270121  12444.690918     92.228705
          364.500000 -14032.270121  12445.153508     92.418471
          364.625000 -14032.065320  12445.789214     92.186232
          364.718750 -14032.065320  12446.251803     92.375998
          364.812500 -14031.860520  12446.656215     92.048877
          364.906250 -14032.088586  12447.157668     92.143904
          365.000000 -14032.088586  12447.620258     92.333669
          365.125000 -14031.883785  12448.255964     92.101431
          365.218750 -14032.111852  12448.757417     92.196458
          365.312500 -14032.111852  12448.988712     92.291341
          365.406250 -14031.907051  12449.624418     92.059102
          365.500000 -14031.907051  12450.087007     92.248868
          365.625000 -14031.907051  12450.549597     92.438633
          365.718750 -14031.702251  12450.954008     92.111512
          365.812500 -14031.702251  12451.416597     92.301278
          365.906250 -14031.269384  12452.013439     92.163778
          366.000000 -14031.702251  12452.341776     92.680809
          366.125000 -14031.269384  12452.938618     92.543309
          366.218750 -14031.041318  12453.362343     92.827813
          366.312500 -14030.836517  12453.998049     92.595575
          366.406250 -14030.836517  12454.460639     92.785341
          366.500000 -14030.608451  12455.115659     93.164728
          366.625000 -14031.018052  12455.463310     94.293384
          366.718750 -14031.018052  12455.925900     94.483150
          366.812500 -14030.789986  12456.349625     94.767654
          366.906250 -14030.789986  12457.043509     95.052302
          367.000000 -14030.561920  12457.467235     95.336807
          367.125000 -14030.561920  12457.929824     95.526572
          367.218750 -14030.333853  12458.584844     95.905959
          367.312500 -14030.971521  12458.971359     96.939877
          367.406250 -14030.743455  12459.395085     97.224381
          367.500000 -14030.743455  12459.857674     97.414147
          367.625000 -14030.310588  12460.454516     97.276647
          367.718750 -14030.310588  12460.917106     97.466413
          367.812500 -14030.082522  12461.340831     97.750917
          367.906250 -14030.082522  12461.803420     97.940682
          368.000000 -14030.082522  12462.497305     98.225331
          368.125000 -14030.310588  12462.998758     98.320358
          368.218750 -14030.515388  12463.519526     99.027010
          368.312500 -14030.515388  12463.982115     99.216776
          368.406250 -14030.310588  12464.386527     98.889655
          368.500000 -14030.743455  12464.946158     99.501569
          368.625000 -14030.743455  12465.640043     99.786217
          368.718750 -14030.971521  12466.141496     99.881244
          368.812500 -14030.901724  12466.199439    101.716120
          368.906250 -14031.106524  12466.720206    102.422773
          369.000000 -14031.516125  12467.067858    103.551429
          369.125000 -14030.766720  12468.164971    100.218302
          369.218750 -14030.766720  12468.627560    100.408068
          369.312500 -14030.994786  12469.360308    100.597978
          369.406250 -14031.562657  12469.342177    103.277007
          369.500000 -14031.767457  12469.862944    103.983659
          369.625000 -14031.790723  12470.537514    103.656682
          369.718750 -14031.790723  12471.000104    103.846448
          369.812500 -14031.790723  12471.462693    104.036213
          369.906250 -14031.813989  12472.137263    103.709236
          370.000000 -14031.813989  12472.599853    103.899002
          370.125000 -14031.837254  12473.274423    103.572025
          370.218750 -14031.837254  12473.737012    103.761790
          370.312500 -14032.065320  12474.469761    103.951700
          370.406250 -14032.065320  12474.932350    104.141466
          370.500000 -14033.885260  12474.781384    109.120425
          370.625000 -14033.908525  12475.455954    108.793448
          370.718750 -14033.703725  12476.091660    108.561209
          370.812500 -14033.931791  12476.824409    108.751119
          370.906250 -14033.726990  12477.460115    108.518881
          371.000000 -14033.750256  12477.903390    108.097021
          371.125000 -14033.773522  12478.809255    107.864927
          371.218750 -14033.568721  12479.444961    107.632688
          371.312500 -14033.591987  12479.888236    107.210828
          371.406250 -14033.820053  12480.620984    107.400738
          371.500000 -14033.615252  12481.256690    107.168500
          371.625000 -14033.638518  12482.162555    106.936406
          371.718750 -14033.638518  12482.625144    107.126171
          371.812500 -14033.661784  12483.299714    106.799194
          371.906250 -14033.456983  12483.935420    106.566956
          372.000000 -14033.480249  12484.609990    106.239979
          372.125000 -14033.708315  12485.342739    106.429889
          372.218750 -14033.503514  12485.978445    106.197650
          372.312500 -14033.526780  12486.653015    105.870673
          372.406250 -14033.526780  12487.115604    106.060439
          372.500000 -14033.550046  12488.021469    105.828345
          372.625000 -14033.345245  12488.657175    105.596106
          372.718750 -14033.368511  12489.331745    105.269129
          372.812500 -14033.391776  12490.237610    105.037035
          372.906250 -14033.391776  12490.700199    105.226800
          373.000000 -14033.186976  12491.335905    104.994562
          373.125000 -14033.186976  12491.798495    105.184328
          373.218750 -14032.367774  12492.722255    103.591194
          373.312500 -14032.162973  12493.357961    103.358956
          373.406250 -14031.730106  12493.954803    103.221456
          373.500000 -14031.525306  12494.359214    102.894335
          373.625000 -14031.069173  12494.744075    103.273577
          373.718750 -14030.636307  12495.340917    103.136078
          373.812500 -14030.408241  12495.764643    103.420582
          373.906250 -14030.180174  12495.957073    103.610203
          374.000000 -14029.519241  12496.283756    103.472559
          374.125000 -14029.086375  12496.649303    103.240176
          374.218750 -14028.425442  12496.975986    103.102532
          374.312500 -14028.174110  12496.956436    103.808896
          374.406250 -14027.536443  12497.263805    103.059627
          374.500000 -14027.080310  12497.417372    103.343987
          374.625000 -14026.624178  12497.570938    103.628347
          374.718750 -14026.168046  12497.493210    103.817824
          374.812500 -14025.735179  12497.396168    103.395676
          374.906250 -14024.483110  12497.760297    101.190628
          375.000000 -14025.255781  12497.569048    104.291661
          375.125000 -14025.209250  12497.376382    105.420029
          375.218750 -14024.957918  12497.125537    106.031510
          375.312500 -14024.501785  12497.047809    106.220987
          375.406250 -14024.045653  12496.970081    106.410464
          375.500000 -14023.589521  12496.661058    106.505059
          375.625000 -14022.882056  12496.332485    107.306017
          375.718750 -14022.221124  12496.196579    106.978607
          375.812500 -14021.583456  12496.272653    106.134455
          375.906250 -14021.127324  12496.194925    106.323932
          376.000000 -14020.466391  12496.059018    105.996523
          376.125000 -14020.010259  12495.981290    106.186000
          376.218750 -14019.349326  12495.845383    105.858590
          376.312500 -14018.893193  12495.767655    106.048067
          376.406250 -14018.437061  12495.689927    106.237544
          376.500000 -14017.752862  12495.573335    106.521760
          376.625000 -14017.091930  12495.437428    106.194350
          376.718750 -14016.635797  12495.359700    106.383827
          376.812500 -14016.156399  12495.069991    107.090047
          376.906250 -14015.723532  12495.204244    106.762782
          377.000000 -14015.062600  12495.068337    106.435372
          377.125000 -14014.378401  12494.951745    106.719588
          377.218750 -14013.717468  12494.815839    106.392178
          377.312500 -14013.307867  12494.930777    105.453287
          377.406250 -14012.623668  12494.814184    105.737503
          377.500000 -14012.167536  12494.505161    105.832097
          377.625000 -14011.483338  12494.388569    106.116313
          377.718750 -14011.027205  12494.079546    106.210907
          377.812500 -14010.571073  12493.770523    106.305502
          377.906250 -14010.114940  12493.230206    106.305213
          378.000000 -14009.454007  12493.094299    105.977803
          378.125000 -14008.997875  12492.785276    106.072398
          378.218750 -14008.541743  12492.244959    106.072109
          378.312500 -14008.085610  12491.935936    106.166704
          378.406250 -14007.857544  12491.665777    106.166559
          378.500000 -14007.424677  12491.337440    105.649528
          378.625000 -14006.968545  12490.797122    105.649240
          378.718750 -14006.945279  12490.585142    106.165982
          378.812500 -14006.489147  12490.276119    106.260577
          378.906250 -14005.600148  12489.407464    105.743257
          379.000000 -14005.372082  12489.137305    105.743113
          379.125000 -14005.144016  12488.867146    105.742969
          379.218750 -14004.915949  12488.365693    105.647942
          379.312500 -14004.687883  12488.095534    105.647797
          379.406250 -14004.231751  12487.555216    105.647509
          379.500000 -14003.775619  12487.014898    105.647221
          379.625000 -14003.114686  12486.647697    105.224928
          379.718750 -14002.886619  12486.146244    105.129901
          379.812500 -14002.430487  12485.605926    105.129612
          379.906250 -14001.974355  12485.296903    105.224207
          380.000000 -14001.746289  12485.026744    105.224063
          380.125000 -14001.290156  12484.486427    105.223774
          380.218750 -14000.857289  12484.158089    104.706743
          380.312500 -14000.401157  12483.617772    104.706455
          380.406250 -13999.945025  12483.077454    104.706166
          380.500000 -13999.488892  12482.768431    104.800760
          380.625000 -13999.032760  12482.228114    104.800472
          380.718750 -13998.576628  12481.687796    104.800184
          380.812500 -13998.348561  12481.186342    104.705156
          380.906250 -13997.892429  12480.646025    104.704868
          381.000000 -13997.436297  12480.337002    104.799462
          381.125000 -13996.775364  12479.969801    104.377170
          381.218750 -13996.319231  12479.429483    104.376881
          381.312500 -13995.863099  12478.889165    104.376593
          381.406250 -13995.406967  12478.348848    104.376304
          381.500000 -13994.950834  12477.808530    104.376016
          381.625000 -13994.494702  12477.268212    104.375727
          381.718750 -13994.038570  12476.727895    104.375439
          381.812500 -13993.582437  12476.187577    104.375151
          381.906250 -13992.921504  12475.820376    103.952858
          382.000000 -13992.465372  12475.280058    103.952570
          382.125000 -13992.009240  12474.739740    103.952281
          382.218750 -13991.553107  12474.430717    104.046875
          382.312500 -13991.096975  12473.659105    103.951704
          382.406250 -13990.412776  12473.079923    104.046154
          382.500000 -13990.184710  12472.578470    103.951127
          382.625000 -13989.728578  12472.038152    103.950839
          382.718750 -13989.500511  12471.536698    103.855812
          382.812500 -13989.044379  12470.996381    103.855523
          382.906250 -13988.588247  12470.456063    103.855235
          383.000000 -13988.132114  12469.684451    103.760064
          383.125000 -13987.904048  12469.182997    103.665036
          383.218750 -13987.675982  12468.450249    103.475127
          383.312500 -13987.424650  12467.736815    103.896842
          383.406250 -13986.968518  12466.965202    103.801671
          383.500000 -13986.740452  12466.232454    103.611761
          383.625000 -13986.284319  12465.692136    103.611473
          383.718750 -13986.056253  12464.959388    103.421563
          383.812500 -13985.828187  12464.226640    103.231653
          383.906250 -13985.804921  12463.552070    103.558630
          384.000000 -13985.348789  12462.780457    103.463459
          384.125000 -13985.120723  12462.047709    103.273549
          384.218750 -13985.097457  12461.373139    103.600526
          384.312500 -13984.641325  12460.601527    103.505355
          384.406250 -13984.413259  12459.868778    103.315445
          384.500000 -13984.185192  12459.367325    103.220418
          384.625000 -13983.729060  12458.595712    103.125246
          384.718750 -13983.957126  12458.403282    102.935625
          384.812500 -13983.933861  12457.728712    103.262602
          384.906250 -13983.705794  12456.995963    103.072692
          385.000000 -13983.477728  12456.494510    102.977665
          385.125000 -13983.249662  12455.993056    102.882638
          385.218750 -13983.021596  12455.260308    102.692728
          385.312500 -13982.998330  12454.354443    102.924822
          385.406250 -13982.770264  12453.852990    102.829795
          385.500000 -13982.542198  12453.351536    102.734768
          385.625000 -13982.518932  12452.445671    102.966863
          385.718750 -13982.290866  12451.944218    102.871836
          385.812500 -13981.834734  12451.172605    102.776664
          385.906250 -13981.606667  12450.671152    102.681637
          386.000000 -13981.583402  12449.765287    102.913731
          386.125000 -13981.355336  12449.032539    102.723822
          386.218750 -13981.127269  12448.531085    102.628795
          386.312500 -13980.899203  12447.798337    102.438885
          386.406250 -13980.875938  12447.123767    102.765862
          386.500000 -13980.419805  12446.352154    102.670690
          386.625000 -13980.191739  12445.850701    102.575663
          386.718750 -13979.963673  12445.117953    102.385754
          386.812500 -13979.712341  12444.173224    102.712586
          386.906250 -13979.484275  12443.671770    102.617559
          387.000000 -13979.256209  12442.939022    102.427649
          387.125000 -13979.232943  12442.033157    102.659744
          387.218750 -13979.004877  12441.531703    102.564717
          387.312500 -13978.548744  12440.760091    102.469545
          387.406250 -13978.320678  12440.258637    102.374518
          387.500000 -13978.297413  12439.352773    102.606612
          387.625000 -13978.069346  12438.620024    102.416703
          387.718750 -13977.361882  12438.522746    103.312544
          387.812500 -13977.589948  12437.173842    102.648508
          387.906250 -13977.133816  12436.170935    102.458454
          388.000000 -13977.361882  12435.747209    102.173950
          388.125000 -13976.700949  12434.686124    101.467009
          388.218750 -13976.677684  12433.780259    101.699103
          388.312500 -13977.110550  12433.646007    102.026369
          388.406250 -13977.110550  12432.952123    101.741720
          388.500000 -13977.133816  12432.238924    100.845447
          388.625000 -13977.338617  12431.603218    101.077685
          388.718750 -13977.338617  12430.909334    100.793037
          388.812500 -13977.543417  12430.273628    101.025275
          388.906250 -13977.543417  12430.042334    100.930392
          389.000000 -13977.748218  12429.406628    101.162631
          389.125000 -13977.976284  12428.982902    100.878126
          389.218750 -13978.409151  12428.386060    101.015626
          389.312500 -13978.637217  12427.962335    100.731122
          389.406250 -13978.842017  12427.326629    100.963361
          389.500000 -13979.274884  12426.729787    101.100860
          389.625000 -13979.502950  12426.306062    100.816356
          389.718750 -13979.935817  12425.709220    100.953856
          389.812500 -13980.140618  12425.073514    101.186095
          389.906250 -13980.368684  12424.881084    100.996473
          390.000000 -13980.801550  12424.284242    101.133973
          390.125000 -13981.029617  12423.860516    100.849469
          390.218750 -13981.690550  12423.302539    100.892230
          390.312500 -13981.918616  12422.878813    100.607726
          390.406250 -13982.351482  12422.513266    100.840109
          390.500000 -13982.579549  12421.858246    100.460722
          390.625000 -13983.012415  12421.492699    100.693104
          390.718750 -13983.240482  12421.068974    100.408600
          390.812500 -13983.901414  12420.510996    100.451361
          390.906250 -13984.129481  12420.087270    100.166857
          391.000000 -13984.562347  12419.490429    100.304357
          391.125000 -13984.790414  12419.066703    100.019853
          391.218750 -13985.223280  12418.701156    100.252236
          391.312500 -13985.451346  12418.277431     99.967731
          391.406250 -13985.884213  12417.680589    100.105231
          391.500000 -13986.545146  12417.122611    100.147993
          391.625000 -13986.749947  12416.949495    100.569997
          391.718750 -13987.206079  12416.795928    100.285637
          391.812500 -13987.867012  12416.006656    100.233515
          391.906250 -13988.299879  12415.872403    100.560781
          392.000000 -13988.756011  12415.718837    100.276421
          392.125000 -13989.393678  12415.180173    100.930807
          392.218750 -13989.849811  12415.026607    100.646447
          392.312500 -13990.259412  12414.911668    101.585338
          392.406250 -13990.943610  12414.796966    101.206240
          392.500000 -13989.663686  12416.800183    106.203631
          392.625000 -13990.324618  12416.936090    106.531040
          392.718750 -13990.985551  12416.840701    106.763567
          392.812500 -13991.418418  12416.706449    107.090833
          392.906250 -13991.874550  12417.015472    106.996238
          393.000000 -13992.535483  12416.920084    107.228765
          393.125000 -13993.196416  12416.824695    107.461292
          393.218750 -13995.546875  12418.311867    105.153444
          393.312500 -13996.231074  12418.659754    104.964111
          393.406250 -13996.892006  12418.564366    105.196638
          393.500000 -13995.202481  12417.213100    107.831896
          393.625000 -13995.658613  12417.059534    107.547536
          393.718750 -13996.342812  12417.176126    107.263320
          393.812500 -13997.231811  12417.119602    107.401109
          393.906250 -13997.687943  12417.197330    107.211631
          394.000000 -13998.372142  12417.313923    106.927416
          394.125000 -13998.828274  12417.391651    106.737939
          394.218750 -13999.512472  12417.508243    106.453723
          394.312500 -13999.968605  12417.354677    106.169363
          394.406250 -14000.652803  12417.702564    105.980030
          394.500000 -14000.904135  12417.953408    105.368549
          394.625000 -14001.588334  12418.070001    105.084333
          394.718750 -14002.272532  12417.955298    104.705235
          394.812500 -14003.208063  12418.785325    103.999303
          394.906250 -14005.558521  12420.041202    101.596572
          395.000000 -14006.037919  12420.330911    100.890353
          395.125000 -14006.722118  12420.678798    100.701020
          395.218750 -14007.201516  12420.968507     99.994800
          395.312500 -14007.657648  12421.277530     99.900206
          395.406250 -14006.675587  12420.717426    101.924271
          395.500000 -14007.862449  12421.567003    100.511975
          395.625000 -14009.663713  12422.591114    100.650341
          395.718750 -14010.347911  12422.939001    100.461008
          395.812500 -14011.032110  12423.518183    100.366558
          395.906250 -14012.149175  12424.194407    100.694256
          396.000000 -14011.078641  12424.404733     99.522838
          396.125000 -14011.306707  12424.443597     99.428099
          396.218750 -14011.488242  12424.521090    100.556612
          396.312500 -14011.693043  12424.579268    101.073498
          396.406250 -14011.260176  12424.713520    100.746233
          396.500000 -14011.716308  12425.253838    100.746521
          396.625000 -14011.716308  12425.485133    100.841404
          396.718750 -14011.716308  12425.947722    101.031170
          396.812500 -14011.739574  12426.390997    100.609310
          396.906250 -14011.306707  12426.756545    100.376927
          397.000000 -14011.101907  12426.929661     99.954923
          397.125000 -14010.920372  12427.546053     99.111059
          397.218750 -14005.344226  12429.251995     87.706724
          397.312500 -14010.282705  12428.084716     98.456673
          397.406250 -14010.487505  12428.374189     99.068442
          397.500000 -14010.669040  12428.451682    100.196955
          397.625000 -14011.101907  12428.780019    100.713986
          397.718750 -14010.873841  12428.972450    100.903607
          397.812500 -14010.873841  12429.435039    101.093373
          397.906250 -14011.125172  12429.917178    100.576774
          398.000000 -14010.920372  12430.321590    100.249653
          398.125000 -14010.943638  12430.764865     99.827793
          398.218750 -14010.966903  12431.208140     99.405933
          398.312500 -14010.990169  12431.882710     99.078956
          398.406250 -14006.689357  12433.436504     89.362926
          398.500000 -14009.831163  12433.326056     94.901821
          398.625000 -14010.059229  12433.827510     94.996848
          398.718750 -14010.720162  12434.426006     95.514024
          398.812500 -14011.381095  12434.793207     95.936316
          398.906250 -14012.042027  12435.391703     96.453492
          399.000000 -14011.083231  12433.655812     97.391517
          399.125000 -14010.580568  12433.154122     98.614480
          399.218750 -14012.042027  12432.847461     95.409781
          399.312500 -14009.780041  12434.521869    102.526119
          399.406250 -14010.464240  12435.101051    102.431669
          399.500000 -14011.651102  12436.181922    101.114257
          399.625000 -14011.855902  12436.702690    101.820909
          399.718750 -14012.107234  12437.416124    101.399194
          399.812500 -14012.563366  12437.956441    101.399482
          399.906250 -14013.066030  12438.920720    100.366285
          400.000000 -14014.252892  12439.770297     98.953990
          400.125000 -14014.504224  12440.483731     98.532274
          400.218750 -14015.439755  12441.313757     97.826343
          400.312500 -14015.919153  12442.066055     97.309889
          400.406250 -14014.806677  12443.239478     91.814620
          400.500000 -14015.537407  12444.011326     90.591802
          400.625000 -14016.472938  12444.841353     89.885871
          400.718750 -14017.180402  12445.863810     89.369561
          400.812500 -14018.092667  12446.481856     89.180372
          400.906250 -14018.548799  12447.253468     89.275543
          401.000000 -14019.232998  12447.832650     89.181093
          401.125000 -14019.940462  12448.623812     88.569901
          401.218750 -14020.624660  12449.434289     88.570333
          401.312500 -14021.080793  12449.974607     88.570622
          401.406250 -14021.811522  12450.746455     87.347804
          401.500000 -14022.518987  12451.537617     86.736611
          401.625000 -14023.226451  12452.328779     86.125418
          401.718750 -14023.910649  12452.907961     86.030968
          401.812500 -14024.138716  12453.640710     86.220878
          401.906250 -14024.594848  12454.412322     86.316049
          402.000000 -14025.302312  12455.203484     85.704856
          402.125000 -14025.986511  12455.782666     85.610406
          402.218750 -14026.670709  12456.593143     85.610839
          402.312500 -14027.126842  12457.364755     85.706010
          402.406250 -14028.015841  12458.233410     86.223330
          402.500000 -14028.448707  12458.793041     86.835244
          402.625000 -14028.904840  12459.564654     86.930415
          402.718750 -14029.156172  12460.509383     86.603582
          402.812500 -14029.384238  12461.010836     86.698609
          402.906250 -14029.635570  12461.955565     86.371776
          403.000000 -14029.863636  12462.457019     86.466803
          403.125000 -14030.114968  12463.401748     86.139971
          403.218750 -14030.319768  12463.922515     86.846623
          403.312500 -14030.775901  12464.694128     86.941794
          403.406250 -14031.003967  12465.426876     87.131704
          403.500000 -14031.232033  12466.159624     87.321614
          403.625000 -14031.483365  12466.873058     86.899899
          403.718750 -14031.734697  12467.817787     86.573066
          403.812500 -14031.962763  12468.550536     86.762976
          403.906250 -14032.442161  12469.302834     86.246521
          404.000000 -14032.670227  12470.035582     86.436431
          404.125000 -14032.921559  12470.749016     86.014716
          404.218750 -14033.149625  12471.481765     86.204626
          404.312500 -14033.605757  12472.253377     86.299797
          404.406250 -14033.833824  12472.754831     86.394824
          404.500000 -14034.061890  12473.487579     86.584734
          404.625000 -14034.494756  12474.278505     87.291530
          404.718750 -14034.927623  12474.838137     87.903444
          404.812500 -14035.155689  12475.570886     88.093354
          404.906250 -14035.588556  12476.361812     88.800151
          405.000000 -14030.999377  12476.067145     97.422946
          405.125000 -14032.162973  12476.936035     96.622277
          405.218750 -14032.367774  12477.456803     97.328929
          405.312500 -14033.075238  12478.479260     96.812619
          405.406250 -14033.736171  12479.077756     97.329794
          405.500000 -14034.578639  12479.753744     98.975482
          405.625000 -14035.216306  12480.140260    100.009400
          405.718750 -14035.602641  12480.738520    101.844565
          405.812500 -14035.807442  12481.259287    102.551217
          405.906250 -14036.263574  12481.799605    102.551506
          406.000000 -14037.106042  12482.244299    104.102311
          406.125000 -14037.743709  12482.630814    105.136228
          406.218750 -14038.814243  12483.114372    106.592295
          406.312500 -14039.270376  12483.654689    106.592583
          406.406250 -14039.931309  12484.021891    107.014876
          406.500000 -14040.797042  12484.678565    108.048938
          406.625000 -14041.890842  12484.911513    108.798496
          406.718750 -14042.779841  12485.548874    109.220933
          406.812500 -14043.645574  12485.742958    110.065229
          406.906250 -14044.534573  12486.149024    110.392783
          407.000000 -14045.195506  12486.516225    110.815076
          407.125000 -14046.084505  12486.922290    111.142630
          407.218750 -14046.768704  12487.270177    110.953297
          407.312500 -14047.429637  12487.637378    111.375589
          407.406250 -14048.318636  12487.812149    111.608260
          407.500000 -14049.207635  12487.986919    111.840932
          407.625000 -14049.891834  12488.334806    111.651599
          407.718750 -14050.780833  12488.278282    111.789387
          407.812500 -14051.213699  12488.375325    112.211535
          407.906250 -14051.874632  12488.279936    112.444062
          408.000000 -14057.376077  12489.192650    103.632078
          408.125000 -14054.225091  12488.610635    109.661800
          408.218750 -14053.219764  12488.301140    112.392373
          408.312500 -14053.149967  12487.896493    114.037484
          408.406250 -14052.144640  12487.355704    116.673174
          408.500000 -14052.577506  12486.990157    116.905557
          408.625000 -14053.284970  12486.856140    115.914833
          408.718750 -14054.173970  12486.568321    115.957739
          408.812500 -14055.360832  12486.261424    114.071029
          408.906250 -14056.752494  12486.244000    112.796090
          409.000000 -14057.413427  12485.686022    112.838851
          409.125000 -14061.453412  12487.599281    107.516214
          409.218750 -14062.821809  12487.369876    106.758017
          409.312500 -14062.798543  12486.695306    107.084994
          409.406250 -14059.396226  12483.780794    112.872252
          409.500000 -14058.642231  12482.565671    114.516930
          409.625000 -14059.075097  12481.968829    114.654430
          409.718750 -14057.841704  12480.695291    117.100210
          409.812500 -14064.320620  12484.250472    113.044740
          409.906250 -14064.502155  12483.634080    113.888603
          410.000000 -14064.478889  12483.422099    114.405346
          410.125000 -14075.863523  12489.778507    106.156183
          410.218750 -14062.128430  12479.621980    115.764366
          410.312500 -14062.584562  12480.856182    116.049303
          410.406250 -14076.161386  12488.834250    103.847037
          410.500000 -14056.175444  12476.549175    117.985249
          410.625000 -14055.742577  12476.220838    117.468218
          410.718750 -14056.175444  12476.086585    117.795483
          410.812500 -14056.403510  12476.125449    117.700745
          410.906250 -14056.426776  12475.874840    116.994237
          411.000000 -14056.906174  12476.164549    116.288017
          411.125000 -14056.952705  12476.125921    115.064766
          411.218750 -14057.180771  12475.933490    114.875145
          411.312500 -14056.724639  12475.624467    114.969739
          411.406250 -14055.970643  12474.871933    116.804183
          411.500000 -14056.040440  12473.194928    114.305127
          411.625000 -14055.947378  12474.428658    117.226042
          411.718750 -14056.631576  12474.313955    116.846944
          411.812500 -14057.087708  12474.160389    116.562584
          411.906250 -14057.362306  12473.466741    114.959946
          412.000000 -14057.087708  12473.697800    116.372818
          412.125000 -14057.087708  12473.235210    116.183053
          412.218750 -14057.110974  12472.984601    115.476544
          412.312500 -14057.110974  12472.522012    115.286779
          412.406250 -14056.929439  12471.981930    113.968501
          412.500000 -14057.660169  12472.291189    112.555917
          412.625000 -14057.660169  12471.597304    112.271269
          412.718750 -14057.590372  12470.730068    113.726614
          412.812500 -14057.157505  12470.170436    113.114700
          412.906250 -14057.180771  12469.688532    112.313309
          413.000000 -14056.975970  12469.167765    111.606656
          413.125000 -14056.747904  12468.666311    111.511629
          413.218750 -14056.543104  12468.145543    110.804977
          413.312500 -14056.543104  12467.451659    110.520328
          413.406250 -14056.543104  12466.989070    110.330563
          413.500000 -14056.338303  12466.468302    109.623910
          413.625000 -14055.882171  12465.927984    109.623622
          413.718750 -14055.654105  12465.195236    109.433712
          413.812500 -14055.654105  12464.501352    109.149064
          413.906250 -14055.197972  12463.729740    109.053892
          414.000000 -14054.765106  12463.170108    108.441978
          414.125000 -14054.537039  12462.206065    108.157186
          414.218750 -14054.080907  12461.665747    108.156897
          414.312500 -14054.057641  12460.759882    108.388991
          414.406250 -14053.601509  12459.988270    108.293820
          414.500000 -14053.145377  12459.216657    108.198649
          414.625000 -14052.689244  12458.445045    108.103478
          414.718750 -14052.233112  12457.673433    108.008306
          414.812500 -14052.005046  12456.940684    107.818397
          414.906250 -14051.548913  12455.937777    107.628342
          415.000000 -14051.092781  12455.397460    107.628054
          415.125000 -14050.841449  12454.452731    107.954887
          415.218750 -14050.385317  12453.681118    107.859715
          415.312500 -14049.929184  12452.678211    107.669661
          415.406250 -14049.473052  12451.906599    107.574490
          415.500000 -14049.244986  12451.173850    107.384580
          415.625000 -14048.970388  12450.017141    108.228156
          415.718750 -14048.514256  12449.014234    108.038102
          415.812500 -14048.058124  12448.242621    107.942930
          415.906250 -14048.034858  12447.336757    108.175025
          416.000000 -14047.806792  12446.604008    107.985115
          416.125000 -14047.783526  12445.466849    108.122326
          416.218750 -14047.555460  12444.734101    107.932416
          416.312500 -14047.532194  12443.828236    108.164510
          416.406250 -14047.327394  12443.076173    107.362975
          416.500000 -14047.304128  12442.170309    107.595069
          416.625000 -14047.304128  12441.476424    107.310421
          416.718750 -14047.280863  12440.570560    107.542515
          416.812500 -14047.485663  12439.703559    107.679871
          416.906250 -14047.257597  12438.739516    107.395078
          417.000000 -14047.462397  12437.872515    107.532434
          417.125000 -14047.462397  12437.178631    107.247785
          417.218750 -14047.667198  12436.080336    107.290258
          417.312500 -14047.667198  12435.386451    107.005610
          417.406250 -14047.871999  12434.519451    107.142965
          417.500000 -14047.871999  12433.594272    106.763434
          417.625000 -14048.076799  12432.495976    106.805907
          417.718750 -14048.076799  12431.802092    106.521259
          417.812500 -14048.053533  12430.896228    106.753353
          417.906250 -14048.258334  12430.029227    106.890708
          418.000000 -14048.258334  12429.104048    106.511177
          418.125000 -14048.463134  12428.237047    106.648533
          418.218750 -14048.667935  12427.370047    106.785888
          418.312500 -14048.667935  12426.444868    106.406357
          418.406250 -14048.872736  12425.577867    106.543713
          418.500000 -14049.077536  12424.479572    106.586186
          418.625000 -14049.077536  12423.785687    106.301537
          418.718750 -14049.282337  12422.687392    106.344010
          418.812500 -14049.487137  12421.820391    106.481366
          418.906250 -14049.487137  12421.126507    106.196717
          419.000000 -14049.691938  12420.028212    106.239190
          419.125000 -14049.896738  12419.161211    106.376546
          419.218750 -14049.873473  12418.255346    106.608640
          419.312500 -14049.873473  12417.330167    106.229109
          419.406250 -14050.078273  12416.463167    106.366464
          419.500000 -14050.283074  12415.596166    106.503820
          419.625000 -14050.487874  12414.497871    106.546293
          419.718750 -14050.487874  12413.803986    106.261644
          419.812500 -14050.692675  12412.705691    106.304117
          419.906250 -14050.920741  12412.050671    105.924730
          420.000000 -14051.125542  12411.183670    106.062086
          420.125000 -14051.330342  12410.085375    106.104559
          420.218750 -14051.307076  12409.179510    106.336653
          420.312500 -14051.307076  12408.254331    105.957122
          420.406250 -14050.990538  12394.876918     97.068526
          420.500000 -14051.418814  12411.165303    110.059104
          420.625000 -14051.418814  12410.471419    109.774456
          420.718750 -14051.395549  12409.565554    110.006550
          420.812500 -14051.372283  12408.659689    110.238644
          420.906250 -14051.144217  12407.926941    110.048734
          421.000000 -14051.120951  12406.789781    110.185946
          421.125000 -14051.395549  12404.014480    107.729362
          421.218750 -14050.916151  12403.030887    108.150934
          421.312500 -14050.688085  12402.298139    107.961024
          421.406250 -14050.231952  12401.526527    107.865853
          421.500000 -14049.980620  12400.813092    108.287568
          421.625000 -14049.524488  12400.272775    108.287280
          421.718750 -14048.840290  12399.924888    108.476613
          421.812500 -14048.588958  12399.211454    108.898328
          421.906250 -14047.904759  12398.863567    109.087661
          422.000000 -14047.448627  12398.554544    109.182255
          422.125000 -14046.992494  12398.245521    109.276850
          422.218750 -14046.103495  12397.608161    108.854413
          422.312500 -14045.647363  12397.299138    108.949007
          422.406250 -14044.986430  12397.163231    108.621598
          422.500000 -14044.530298  12396.622914    108.621309
          422.625000 -14044.074165  12396.082596    108.621021
          422.718750 -14043.413232  12395.946689    108.293611
          422.812500 -14042.957100  12395.406372    108.293323
          422.906250 -14042.296167  12395.270465    107.965913
          423.000000 -14041.611969  12394.691284    108.060363
          423.125000 -14040.927770  12394.343397    108.249696
          423.218750 -14040.266837  12394.438785    108.017169
          423.312500 -14039.377838  12394.495309    107.879381
          423.406250 -14038.921706  12394.417581    108.068858
          423.500000 -14038.260773  12394.281674    107.741448
          423.625000 -14037.804640  12394.203946    107.930925
          423.718750 -14037.143707  12394.299334    107.698398
          423.812500 -14036.710841  12394.433587    107.371133
          423.906250 -14036.254708  12394.355859    107.560610
          424.000000 -14035.388975  12394.624363    106.906079
          424.125000 -14034.546507  12394.873554    105.639923
          424.218750 -14034.090375  12395.027120    105.924283
          424.312500 -14034.476710  12395.162791    107.569682
          424.406250 -14033.019841  12395.700036    104.942630
          424.500000 -14033.610977  12395.662591    107.010034
          424.625000 -14033.178110  12395.796843    106.682768
          424.718750 -14033.494648  12395.527867    109.973278
          424.812500 -14033.243317  12395.739611    110.774525
          424.906250 -14033.243317  12395.970906    110.869408
          425.000000 -14033.220051  12396.221515    111.575916
          425.125000 -14032.991985  12396.645240    111.860420
          425.218750 -14032.968719  12396.895849    112.566928
          425.312500 -14032.968719  12397.127144    112.661811
          425.406250 -14032.740653  12397.550869    112.946315
          425.500000 -14032.102986  12397.858238    112.197046
          425.625000 -14031.670119  12398.455080    112.059546
          425.718750 -14031.237252  12398.820627    111.827163
          425.812500 -14031.465318  12399.553375    112.017073
          425.906250 -14031.237252  12399.745806    112.206694
          426.000000 -14031.032452  12400.381512    111.974456
          426.125000 -14030.804386  12400.573943    112.164077
          426.218750 -14030.599585  12401.209649    111.931839
          426.312500 -14030.166718  12401.575196    111.699456
          426.406250 -14027.778909  12403.132062    104.610766
          426.500000 -14027.755643  12403.613965    105.412157
          426.625000 -14027.755643  12404.076555    105.601922
          426.718750 -14027.346042  12404.885377    104.947680
          426.812500 -14026.708375  12405.424041    104.293293
          426.906250 -14026.708375  12406.117925    104.577942
          427.000000 -14026.503574  12406.984925    104.440586
          427.125000 -14026.275508  12407.408651    104.725090
          427.218750 -14026.275508  12408.102535    105.009738
          427.312500 -14026.275508  12408.796419    105.294387
          427.406250 -14026.047442  12409.451439    105.673774
          427.500000 -14026.047442  12410.145324    105.958422
          427.625000 -14025.614575  12410.742165    105.820922
          427.718750 -14025.181708  12411.570302    105.778305
          427.812500 -14024.953642  12412.225322    106.157692
          427.906250 -14024.725576  12412.649047    106.442197
          428.000000 -14024.520775  12413.516048    106.304841
          428.125000 -14024.087909  12414.112890    106.167341
          428.218750 -14024.087909  12414.806774    106.451989
          428.312500 -14023.859842  12415.461794    106.831376
          428.406250 -14023.426976  12416.289931    106.788759
          428.500000 -14023.198910  12416.713656    107.073264
          428.625000 -14022.994109  12417.580657    106.935908
          428.718750 -14022.561242  12418.408793    106.893291
          428.812500 -14022.128376  12419.005635    106.755791
          428.906250 -14021.695509  12419.602477    106.618291
          429.000000 -14021.695509  12420.296361    106.902940
          429.125000 -14021.262642  12420.893203    106.765440
          429.218750 -14020.829775  12421.721340    106.722823
          429.312500 -14020.624975  12422.357046    106.490584
          429.406250 -14020.192108  12423.185182    106.447967
          429.500000 -14019.759241  12423.782024    106.310467
          429.625000 -14019.554441  12424.649025    106.173112
          429.718750 -14019.121574  12425.477161    106.130495
          429.812500 -14018.916774  12426.112867    105.898256
          429.906250 -14018.483907  12426.941004    105.855639
          430.000000 -14018.051040  12427.537846    105.718139
          430.125000 -14018.051040  12428.231730    106.002788
          430.218750 -14017.413373  12429.232983    105.538167
          430.312500 -14016.980506  12429.829825    105.400667
          430.406250 -14016.547639  12430.657961    105.358050
          430.500000 -14016.114773  12431.486098    105.315433
          430.625000 -14015.681906  12432.082940    105.177933
          430.718750 -14015.249039  12432.911076    105.135316
          430.812500 -14014.816172  12433.739213    105.092699
          430.906250 -14014.178505  12434.509171    104.533195
          431.000000 -14014.178505  12435.203055    104.817843
          431.125000 -14013.540838  12436.204308    104.353222
          431.218750 -14013.107971  12437.032445    104.310605
          431.312500 -14012.675104  12437.629287    104.173105
          431.406250 -14012.242238  12438.457423    104.130488
          431.500000 -14011.809371  12439.285560    104.087871
          431.625000 -14011.376504  12439.882402    103.950371
          431.718750 -14011.171704  12440.749402    103.813015
          431.812500 -14010.738837  12441.577539    103.770398
          431.906250 -14010.305970  12442.405676    103.727781
          432.000000 -14009.873104  12443.002517    103.590281
          432.125000 -14009.440237  12443.830654    103.547664
          432.218750 -14009.007370  12444.658791    103.505047
          432.312500 -14008.802570  12445.294497    103.272809
          432.406250 -14008.369703  12446.122633    103.230192
          432.500000 -14007.936836  12446.719475    103.092692
          432.625000 -14007.503969  12447.547612    103.050075
          432.718750 -14007.071103  12448.375748    103.007458
          432.812500 -14006.866302  12449.011454    102.775219
          432.906250 -14006.433435  12449.839591    102.732602
          433.000000 -14006.000569  12450.436432    102.595102
          433.125000 -14005.567702  12451.264569    102.552485
          433.218750 -14005.134835  12452.092706    102.509868
          433.312500 -14004.930035  12452.728412    102.277630
          433.406250 -14004.497168  12453.556548    102.235013
          433.500000 -14004.064301  12454.153390    102.097513
          433.625000 -14003.631434  12454.981527    102.054896
          433.718750 -14003.198568  12455.809663    102.012279
          433.812500 -14002.765701  12456.406505    101.874779
          433.906250 -14002.560900  12457.273506    101.737423
          434.000000 -14002.128034  12458.101642    101.694806
          434.125000 -14001.695167  12458.929779    101.652189
          434.218750 -14001.262300  12459.526621    101.514689
          434.312500 -14000.829434  12460.354757    101.472072
          434.406250 -14000.396567  12461.182894    101.429455
          434.500000 -14000.191766  12461.818600    101.197217
          434.625000 -13999.758900  12462.646736    101.154600
          434.718750 -13999.326033  12463.474873    101.111983
          434.812500 -13999.097967  12464.129893    101.491370
          434.906250 -13998.460299  12464.899851    100.931866
          435.000000 -13998.232233  12465.554871    101.311253
          435.125000 -13998.027433  12466.421872    101.173897
          435.218750 -13997.594566  12467.018714    101.036397
          435.312500 -13997.161699  12467.846850    100.993780
          435.406250 -13996.956899  12468.713851    100.856425
          435.500000 -13996.524032  12469.541988    100.813808
          435.625000 -13996.319231  12470.177694    100.581569
          435.718750 -13996.091165  12470.832714    100.960956
          435.812500 -13995.886365  12471.699714    100.823600
          435.906250 -13995.681564  12472.566715    100.686245
          436.000000 -13995.909630  12473.299463    100.876155
          436.125000 -13995.704830  12474.397759    100.833682
          436.218750 -13995.271963  12474.994601    100.696182
          436.312500 -13995.295229  12475.900465    100.464088
          436.406250 -13995.295229  12476.594350    100.748736
          436.500000 -13995.090428  12477.461350    100.611381
          436.625000 -13995.113694  12478.367215    100.379286
          436.718750 -13995.546560  12478.926847    100.991200
          436.812500 -13995.136959  12479.966964    100.431841
          436.906250 -13994.932159  12480.602670    100.199602
          437.000000 -13994.932159  12481.296554    100.484251
          437.125000 -13995.160225  12482.260597    100.769043
          437.218750 -13994.955424  12483.127598    100.631688
          437.312500 -13994.955424  12483.821482    100.916336
          437.406250 -13994.545823  12484.630304    100.262093
          437.500000 -13994.978690  12485.652526    101.063773
          437.625000 -13995.206756  12486.385274    101.253683
          437.718750 -13995.001956  12487.252275    101.116327
          437.812500 -13994.797155  12488.119275    100.978972
          437.906250 -13994.592355  12488.986276    100.841616
          438.000000 -13994.159488  12489.814413    100.798999
          438.125000 -13993.749887  12490.623235    100.144756
          438.218750 -13993.545086  12491.490236    100.007401
          438.312500 -13993.340286  12492.357236     99.870045
          438.406250 -13993.135485  12493.224237     99.732689
          438.500000 -13992.930685  12494.322532     99.690217
          438.625000 -13993.158751  12495.286575     99.975009
          438.718750 -13992.521084  12496.056534     99.415505
          438.812500 -13992.749150  12497.020577     99.700298
          438.906250 -13992.544349  12497.887577     99.562942
          439.000000 -13992.339549  12498.754578     99.425587
          439.125000 -13992.134748  12499.852874     99.383114
          439.218750 -13992.362814  12500.816917     99.667907
          439.312500 -13991.725147  12501.586875     99.108403
          439.406250 -13991.748413  12502.724034     98.971191
          439.500000 -13991.748413  12503.649213     99.350723
          439.625000 -13991.771678  12504.555078     99.118628
          439.718750 -13991.566878  12505.653374     99.076155
          439.812500 -13991.566878  12506.347258     99.360804
          439.906250 -13991.362077  12507.445553     99.318331
          440.000000 -13991.385343  12508.582713     99.181120
          440.125000 -13990.952476  12509.410849     99.138503
          440.218750 -13990.747676  12510.277850     99.001147
          440.312500 -13990.770941  12511.415009     98.863936
          440.406250 -13990.770941  12512.108894     99.148584
          440.500000 -13990.133274  12513.110147     98.683963
          440.625000 -13990.156540  12514.247306     98.546751
          440.718750 -13990.156540  12514.941190     98.831400
          440.812500 -13989.951739  12516.039486     98.788927
          440.906250 -13989.975005  12517.176645     98.651716
          441.000000 -13989.975005  12518.101824     99.031247
          441.125000 -13989.998270  12519.007689     98.799153
          441.218750 -13989.793470  12519.874690     98.661797
          441.312500 -13989.588669  12520.972985     98.619324
          441.406250 -13989.360603  12521.628005     98.998711
          441.500000 -13989.383869  12522.533870     98.766617
          441.625000 -13989.840001  12523.536777     98.956671
          441.718750 -13989.635201  12524.403778     98.819315
          441.812500 -13990.091333  12525.175390     98.914487
          441.906250 -13990.114599  12526.081255     98.682393
          442.000000 -13991.026863  12527.161890     98.682969
          442.125000 -13991.278195  12528.106619     98.356137
          442.218750 -13991.506261  12528.839367     98.546047
          442.312500 -13991.962394  12529.379685     98.546335
          442.406250 -13991.352582  12531.517387     92.017870
          442.500000 -13991.603914  12532.230821     91.596154
          442.625000 -13992.060046  12532.771138     91.596442
          442.718750 -13995.942076  12528.789463    111.183137
          442.812500 -13996.444740  12529.522447    110.055057
          442.906250 -13996.379533  12530.967447    106.532598
          443.000000 -13996.858931  12531.488451    105.921261
          443.125000 -13995.476449  12533.817400     96.291762
          443.218750 -13995.774312  12534.723501     94.741679
          443.312500 -14000.461459  12533.767968    106.292874
          443.406250 -14001.871797  12533.269351    110.143176
          443.500000 -14002.509464  12533.424571    111.082211
          443.625000 -14003.170397  12533.791772    111.504504
          443.718750 -14004.036131  12534.217152    112.443683
          443.812500 -14004.310728  12534.911272    111.410342
          443.906250 -14004.790126  12535.432275    110.799005
          444.000000 -14005.497590  12535.992143    110.092930
          444.125000 -14006.181789  12536.571325    109.998480
          444.218750 -14006.661187  12537.323623    109.482025
          444.312500 -14007.345386  12537.671510    109.292692
          444.406250 -14007.801518  12538.211828    109.292981
          444.500000 -14008.485716  12538.791009    109.198531
          444.625000 -14009.169915  12539.138896    109.009198
          444.718750 -14010.082180  12539.756942    108.820009
          444.812500 -14010.561578  12540.277946    108.208672
          444.906250 -14011.245776  12540.857128    108.114222
          445.000000 -14011.929975  12541.436309    108.019772
          445.125000 -14012.409373  12542.188608    107.503318
          445.218750 -14013.321638  12542.575359    107.219246
          445.312500 -14014.005836  12543.154541    107.124796
          445.406250 -14014.894835  12543.560606    107.452350
          445.500000 -14015.807100  12544.178652    107.263162
          445.625000 -14016.491299  12544.757833    107.168711
          445.718750 -14017.380298  12545.163899    107.496265
          445.812500 -14018.064496  12545.743081    107.401815
          445.906250 -14018.748695  12546.322262    107.307365
          446.000000 -14019.637694  12546.728328    107.634919
          446.125000 -14020.321892  12547.307509    107.540469
          446.218750 -14021.210892  12547.713575    107.868023
          446.312500 -14022.123156  12548.562915    107.773717
          446.406250 -14022.807355  12548.910802    107.584384
          446.500000 -14023.491553  12549.489984    107.489934
          446.625000 -14024.380552  12549.896049    107.817488
          446.718750 -14025.064751  12550.475231    107.723038
          446.812500 -14025.977016  12551.093277    107.533849
          446.906250 -14026.866015  12551.499342    107.861403
          447.000000 -14027.550213  12552.078524    107.766953
          447.125000 -14028.234412  12552.657706    107.672503
          447.218750 -14029.123411  12553.063771    108.000057
          447.312500 -14029.328212  12553.121949    108.516944
          447.406250 -14030.217211  12553.528015    108.844498
          447.500000 -14031.106210  12553.934080    109.172052
          447.625000 -14032.018475  12554.320831    108.887980
          447.718750 -14032.907474  12554.495602    109.120651
          447.812500 -14034.275871  12554.960081    108.647103
          447.906250 -14034.960069  12555.307968    108.457770
          448.000000 -14035.872334  12555.694719    108.173698
          448.125000 -14036.761333  12555.638195    108.311487
          448.218750 -14037.673598  12555.793651    107.932532
          448.312500 -14038.562597  12555.737127    108.070321
          448.406250 -14039.474862  12555.892584    107.691366
          448.500000 -14040.615193  12555.855609    107.122791
          448.625000 -14044.859978  12556.207983    101.652861
          448.718750 -14041.685727  12555.413988    108.199326
          448.812500 -14042.574726  12555.357464    108.337114
          448.906250 -14043.463725  12555.069645    108.380020
          449.000000 -14044.352724  12555.013121    108.517808
          449.125000 -14045.516320  12555.419422    107.527372
          449.218750 -14045.925922  12554.610599    108.181615
          449.312500 -14047.042987  12554.592939    108.224665
          449.406250 -14047.727185  12554.709532    107.940449
          449.500000 -14048.616184  12554.653008    108.078237
          449.625000 -14049.277117  12554.326325    108.215881
          449.718750 -14049.938050  12554.230936    108.448408
          449.812500 -14051.055116  12554.213276    108.491458
          449.906250 -14052.195446  12554.176302    107.922882
          450.000000 -14053.107711  12554.331758    107.543928
          450.125000 -14053.996710  12554.043939    107.586834
          450.218750 -14054.657643  12553.948551    107.819361
          450.312500 -14055.774709  12553.930891    107.862410
          450.406250 -14056.663708  12553.874367    108.000199
          450.500000 -14057.347906  12553.759664    107.621100
          450.625000 -14058.464971  12553.742004    107.664150
          450.718750 -14059.377236  12553.897461    107.285196
          450.812500 -14060.266235  12553.609642    107.328101
          450.906250 -14060.950434  12553.726234    107.043885
          451.000000 -14061.839433  12553.669710    107.181674
          451.125000 -14062.979764  12553.632736    106.613098
          451.218750 -14063.868763  12553.576212    106.750886
          451.312500 -14064.781028  12553.731668    106.371932
          451.406250 -14065.898093  12553.714008    106.414982
          451.500000 -14066.559026  12553.618620    106.647509
          451.625000 -14067.448025  12553.330801    106.690414
          451.718750 -14068.337024  12553.274277    106.828203
          451.812500 -14069.249289  12553.429733    106.449248
          451.906250 -14069.933487  12553.315031    106.070150
          452.000000 -14071.050553  12553.297371    106.113200
          452.125000 -14071.962817  12553.452827    105.734245
          452.218750 -14072.875082  12553.376989    105.260408
          452.312500 -14073.764081  12553.320464    105.398197
          452.406250 -14074.904412  12553.514785    104.924504
          452.500000 -14075.565345  12553.188102    105.062148
          452.625000 -14076.477610  12553.343558    104.683193
          452.718750 -14077.366609  12553.287034    104.820982
          452.812500 -14078.050807  12553.403626    104.536766
          452.906250 -14078.939807  12553.115808    104.579672
          453.000000 -14079.828806  12553.059283    104.717460
          453.125000 -14080.741070  12553.214740    104.338506
          453.218750 -14081.630069  12552.926921    104.381411
          453.312500 -14082.542334  12553.082377    104.002457
          453.406250 -14083.180001  12552.775008    104.751726
          453.500000 -14083.840934  12552.679620    104.984253
          453.625000 -14084.729933  12552.623096    105.122042
          453.718750 -14085.414132  12552.739688    104.837826
          453.812500 -14086.531197  12552.490733    104.785993
          453.906250 -14087.443462  12552.646190    104.407039
          454.000000 -14088.309195  12552.377685    105.061570
          454.125000 -14089.221460  12552.301847    104.587732
          454.218750 -14090.110459  12552.245323    104.725521
          454.312500 -14091.227525  12552.227663    104.768571
          454.406250 -14092.344590  12552.210002    104.811620
          454.500000 -14093.028788  12552.095300    104.432522
          454.625000 -14094.145854  12552.077640    104.475572
          454.718750 -14095.034853  12552.021116    104.613360
          454.812500 -14095.923852  12551.964592    104.751148
          454.906250 -14096.812851  12551.676773    104.794054
          455.000000 -14097.497050  12551.793365    104.509838
          455.125000 -14098.614115  12551.775705    104.552888
          455.218750 -14099.503114  12551.719181    104.690676
          455.312500 -14100.392113  12551.662657    104.828464
          455.406250 -14101.509178  12551.644997    104.871514
          455.500000 -14102.193377  12551.761589    104.587298
          455.625000 -14103.310442  12551.512634    104.535465
          455.718750 -14104.199441  12551.456110    104.673254
          455.812500 -14105.088440  12551.399586    104.811042
          455.906250 -14105.749373  12551.304197    105.043569
          456.000000 -14106.866439  12551.286537    105.086619
          456.125000 -14107.755438  12551.230013    105.224407
          456.218750 -14108.644437  12551.173489    105.362195
          456.312500 -14109.533436  12551.116965    105.499984
          456.406250 -14110.422435  12551.060441    105.637772
          456.500000 -14111.311434  12551.003916    105.775560
          456.625000 -14111.995633  12551.120509    105.491345
          456.718750 -14112.884632  12550.832690    105.534250
          456.812500 -14113.522299  12550.756616    106.378403
          456.906250 -14114.662630  12550.719641    105.809827
          457.000000 -14115.095497  12550.585389    106.137092
          457.125000 -14115.984496  12550.528865    106.274881
          457.218750 -14116.873495  12550.472341    106.412669
          457.312500 -14117.762494  12550.415817    106.550457
          457.406250 -14118.674759  12550.339978    106.076620
          457.500000 -14119.335691  12550.244590    106.309147
          457.625000 -14120.224691  12550.188066    106.446936
          457.718750 -14121.113690  12550.131542    106.584724
          457.812500 -14121.797888  12550.248134    106.300508
          457.906250 -14122.686887  12550.191610    106.438296
          458.000000 -14123.347820  12550.096221    106.670823
          458.125000 -14124.008753  12550.000833    106.903350
          458.218750 -14124.897752  12549.944309    107.041139
          458.312500 -14125.558685  12549.848921    107.273666
          458.406250 -14126.424419  12549.580416    107.928196
          458.500000 -14126.880551  12549.889439    107.833602
          458.625000 -14127.518218  12549.582070    108.582872
          458.718750 -14128.886615  12549.583960    107.919557
          458.812500 -14129.068150  12549.661452    109.048070
          458.906250 -14129.729083  12549.566064    109.280597
          459.000000 -14131.097480  12549.567954    108.617282
          459.125000 -14131.963214  12549.530744    109.366696
          459.218750 -14131.916682  12549.338077    110.495064
          459.312500 -14132.577615  12549.242689    110.727591
          459.406250 -14133.443349  12549.205479    111.477005
          459.500000 -14134.104282  12549.110091    111.709532
          459.625000 -14134.765215  12549.014703    111.942059
          459.718750 -14135.630948  12548.977493    112.691472
          459.812500 -14136.291881  12548.882104    112.923999
          459.906250 -14136.952814  12548.786716    113.156526
          460.000000 -14137.613747  12548.691328    113.389053
          460.125000 -14138.274680  12548.595940    113.621580
          460.218750 -14139.368479  12548.597594    114.276255
          460.312500 -14140.029412  12548.502205    114.508782
          460.406250 -14140.690345  12548.406817    114.741309
          460.500000 -14141.351278  12548.311429    114.973836
          460.625000 -14142.012211  12548.447335    115.301246
          460.718750 -14142.673144  12548.351947    115.533773
          460.812500 -14143.334077  12548.256559    115.766300
          460.906250 -14143.995010  12548.161170    115.998826
          461.000000 -14144.884009  12548.104646    116.136615
          461.125000 -14145.544942  12548.009258    116.369142
          461.218750 -14146.433941  12547.952734    116.506930
          461.312500 -14147.094874  12547.857345    116.739457
          461.406250 -14147.755807  12547.761957    116.971984
          461.500000 -14148.644806  12547.474138    117.014889
          461.625000 -14149.100938  12547.551867    116.825412
          461.718750 -14149.989937  12547.495342    116.963201
          461.812500 -14150.878936  12547.438818    117.100989
          461.906250 -14151.335069  12547.516546    116.911512
          462.000000 -14152.224068  12547.460022    117.049300
          462.125000 -14153.341133  12547.211067    116.997467
          462.218750 -14154.025332  12547.327660    116.713251
          462.312500 -14154.914331  12547.271136    116.851040
          462.406250 -14155.575264  12547.175747    117.083567
          462.500000 -14156.259462  12547.292340    116.799351
          462.625000 -14157.148461  12547.004521    116.842256
          462.718750 -14158.037460  12546.947996    116.980045
          462.812500 -14158.721659  12546.833294    116.600946
          462.906250 -14159.610658  12546.776770    116.738735
          463.000000 -14160.499657  12546.720246    116.876523
          463.125000 -14161.435188  12546.856388    115.885943
          463.218750 -14162.324187  12546.568569    115.928849
          463.312500 -14162.985120  12546.241886    116.066493
          463.406250 -14163.417986  12546.107634    116.393758
          463.500000 -14164.535052  12545.858679    116.341925
          463.625000 -14165.424051  12545.570860    116.384831
          463.718750 -14166.108249  12545.687452    116.100615
          463.812500 -14166.997248  12545.399633    116.143521
          463.906250 -14167.886247  12545.111814    116.186426
          464.000000 -14167.816450  12544.244578    117.641771
          464.125000 -14168.500649  12544.129876    117.262673
          464.218750 -14169.617714  12543.880921    117.210840
          464.312500 -14170.278647  12543.554238    117.348484
          464.406250 -14170.939580  12543.227555    117.486128
          464.500000 -14172.079911  12543.421875    117.012435
          464.625000 -14172.717578  12542.883212    117.666822
          464.718750 -14173.378511  12542.556529    117.804466
          464.812500 -14174.518842  12542.519554    117.235890
          464.906250 -14175.431107  12542.443716    116.762053
          465.000000 -14176.092040  12542.117033    116.899697
          465.125000 -14176.957773  12541.617234    117.459345
          465.218750 -14177.618706  12541.290551    117.596989
          465.312500 -14178.507705  12541.234026    117.734778
          465.406250 -14179.396704  12540.946207    117.777683
          465.500000 -14180.057637  12540.619524    117.915327
          465.625000 -14180.490504  12540.253977    118.147710
          465.718750 -14181.379503  12540.197453    118.285498
          465.812500 -14182.268502  12539.909634    118.328404
          465.906250 -14183.134236  12539.641130    118.982935
          466.000000 -14183.795169  12539.314446    119.120579
          466.125000 -14184.912234  12539.065492    119.068746
          466.218750 -14185.345101  12538.931239    119.396011
          466.312500 -14186.234100  12538.643420    119.438917
          466.406250 -14187.123099  12538.586896    119.576705
          466.500000 -14187.988832  12538.087097    120.136353
          466.625000 -14188.649765  12537.991708    120.368880
          466.718750 -14189.538764  12537.703890    120.411786
          466.812500 -14190.199697  12537.608501    120.644313
          466.906250 -14191.316762  12537.359546    120.592480
          467.000000 -14192.205761  12537.071728    120.635385
          467.125000 -14192.866694  12536.976339    120.867912
          467.218750 -14193.527627  12536.649656    121.005556
          467.312500 -14194.416626  12536.593132    121.143344
          467.406250 -14195.305626  12536.305313    121.186250
          467.500000 -14195.966558  12535.978630    121.323894
          467.625000 -14196.878823  12536.134087    120.944940
          467.718750 -14197.767822  12535.846268    120.987845
          467.812500 -14198.428755  12535.519585    121.125489
          467.906250 -14199.089688  12535.192902    121.263134
          468.000000 -14199.978687  12535.136378    121.400922
          468.125000 -14200.867686  12534.848559    121.443827
          468.218750 -14201.756685  12534.560740    121.486733
          468.312500 -14202.212818  12534.407173    121.202373
          468.406250 -14202.873751  12534.080490    121.340017
          468.500000 -14203.739484  12533.580691    121.899665
          468.625000 -14204.172351  12533.215144    122.132048
          468.718750 -14204.833284  12532.888461    122.269692
          468.812500 -14205.517482  12532.773758    121.890593
          468.906250 -14206.406481  12532.485939    121.933499
          469.000000 -14207.090680  12532.371237    121.554400
          469.125000 -14207.728347  12531.832573    122.208787
          469.218750 -14208.412546  12531.717871    121.829689
          469.312500 -14209.073479  12531.159893    121.872450
          469.406250 -14209.962478  12530.872074    121.915355
          469.500000 -14210.167278  12530.236368    122.147594
          469.625000 -14210.828211  12529.909685    122.285238
          469.718750 -14211.489144  12529.583002    122.422882
          469.812500 -14211.945277  12529.198141    122.043639
          469.906250 -14212.834276  12528.910322    122.086545
          470.000000 -14213.495209  12528.352344    122.129306
          470.125000 -14214.156141  12528.025661    122.266950
          470.218750 -14214.612274  12527.640800    121.887708
          470.312500 -14215.273207  12527.082822    121.930469
          470.406250 -14215.706073  12526.717275    122.162851
          470.500000 -14216.367006  12526.159297    122.205613
          470.625000 -14211.549761  12522.125050    129.405022
          470.718750 -14212.666826  12521.876095    129.353189
          470.812500 -14213.351024  12521.530098    128.879208
          470.906250 -14214.011957  12521.203415    129.016852
          471.000000 -14214.672890  12520.645437    129.059613
          471.125000 -14215.105757  12520.048596    129.197113
          471.218750 -14215.538624  12519.451754    129.334613
          471.312500 -14216.199557  12519.125071    129.472257
          471.406250 -14216.655689  12518.740209    129.093014
          471.500000 -14217.316622  12518.413526    129.230658
          471.625000 -14217.977555  12517.855549    129.273419
          471.718750 -14218.638488  12517.297571    129.316181
          471.812500 -14219.299421  12516.970888    129.453825
          471.906250 -14219.709022  12516.162066    130.108067
          472.000000 -14220.369955  12515.835383    130.245711
          472.125000 -14221.030888  12515.277405    130.288473
          472.218750 -14221.463754  12514.911858    130.520855
          472.312500 -14222.352753  12514.624039    130.563761
          472.406250 -14222.557554  12513.988333    130.795999
          472.500000 -14223.423287  12513.488533    131.355648
          472.625000 -14223.879420  12513.334967    131.071288
          472.718750 -14224.540353  12512.776989    131.114049
          472.812500 -14225.201286  12512.450306    131.251693
          472.906250 -14225.862219  12512.123623    131.389337
          473.000000 -14226.523151  12511.796940    131.526981
          473.125000 -14227.184084  12511.470257    131.664625
          473.218750 -14227.845017  12511.143574    131.802269
          473.312500 -14228.277884  12510.546732    131.939769
          473.406250 -14228.938817  12510.220049    132.077413
          473.500000 -14229.599750  12509.893366    132.215057
          473.625000 -14230.032617  12509.527819    132.447440
          473.718750 -14230.465483  12509.162272    132.679823
          473.812500 -14231.126416  12508.835589    132.817467
          473.906250 -14231.559283  12508.470042    133.049850
          474.000000 -14232.220216  12508.143359    133.187494
          474.125000 -14232.881149  12507.816676    133.325138
          474.218750 -14233.314015  12507.219834    133.462638
          474.312500 -14233.974948  12506.893151    133.600282
          474.406250 -14234.179749  12506.488740    133.927403
          474.500000 -14235.068748  12506.200921    133.970308
          474.625000 -14235.729681  12505.874238    134.107953
          474.718750 -14236.390614  12505.547555    134.245597
          474.812500 -14236.823481  12504.950713    134.383097
          474.906250 -14237.484413  12504.624030    134.520741
          475.000000 -14238.145346  12504.297347    134.658385
          475.125000 -14238.578213  12503.931800    134.890767
          475.218750 -14239.239146  12503.605117    135.028412
          475.312500 -14239.900079  12503.047139    135.071173
          475.406250 -14240.309680  12502.469611    135.820298
          475.500000 -14240.765812  12502.316045    135.535938
          475.625000 -14241.426745  12501.989362    135.673582
          475.718750 -14242.087678  12501.431384    135.716344
          475.812500 -14242.748611  12501.104701    135.853988
          475.906250 -14243.409544  12500.778018    135.991632
          476.000000 -14244.298543  12500.490199    136.034537
          476.125000 -14244.731410  12499.893357    136.172037
          476.218750 -14245.620409  12499.605538    136.214943
          476.312500 -14246.053276  12499.239991    136.447325
          476.406250 -14246.942275  12498.720878    136.395348
          476.500000 -14247.603208  12498.394195    136.532992
          476.625000 -14248.059340  12498.240628    136.248632
          476.718750 -14248.720273  12497.682650    136.291394
          476.812500 -14249.586006  12497.182851    136.851042
          476.906250 -14250.270205  12497.068149    136.471943
          477.000000 -14250.931138  12496.510171    136.514704
          477.125000 -14251.796871  12496.010371    137.074353
          477.218750 -14252.253004  12495.625510    136.695110
          477.312500 -14252.913937  12495.298827    136.832754
          477.406250 -14253.779670  12494.567733    137.297519
          477.500000 -14254.440603  12494.241050    137.435163
          477.625000 -14255.124802  12493.895053    136.961182
          477.718750 -14255.762469  12493.356389    137.615569
          477.812500 -14256.423402  12492.798411    137.658330
          477.906250 -14257.084335  12492.240434    137.701091
          478.000000 -14257.745268  12491.913751    137.838735
          478.125000 -14258.406200  12491.355773    137.881497
          478.218750 -14259.295200  12490.836659    137.829519
          478.312500 -14259.956132  12490.509976    137.967164
          478.406250 -14260.640331  12490.163979    137.493182
          478.500000 -14261.073198  12489.567137    137.630682
          478.625000 -14261.962197  12489.048024    137.578705
          478.718750 -14262.851196  12488.760205    137.621610
          478.812500 -14263.512129  12488.202227    137.664372
          478.906250 -14264.173062  12487.644249    137.707133
          479.000000 -14265.062061  12487.356430    137.750038
          479.125000 -14265.722994  12486.798453    137.792800
          479.218750 -14266.611993  12486.510634    137.835705
          479.312500 -14267.272926  12485.952656    137.878467
          479.406250 -14267.933859  12485.625973    138.016111
          479.500000 -14268.822858  12485.106859    137.964133
          479.625000 -14269.483791  12484.780176    138.101777
          479.718750 -14270.144724  12484.453493    138.239422
          479.812500 -14270.805657  12483.895515    138.282183
          479.906250 -14271.466589  12483.568832    138.419827
          480.000000 -14272.127522  12483.010855    138.462588
          480.125000 -14272.788455  12482.684172    138.600232
          480.218750 -14273.677454  12482.396353    138.643138
          480.312500 -14273.882255  12481.760647    138.875376
          480.406250 -14274.771254  12481.472828    138.918282
          480.500000 -14275.432187  12480.914850    138.961043
          480.625000 -14276.093120  12480.356872    139.003804
          480.718750 -14276.754053  12480.030189    139.141449
          480.812500 -14277.414986  12479.472212    139.184210
          480.906250 -14278.075919  12478.914234    139.226971
          481.000000 -14278.964918  12478.395120    139.174994
          481.125000 -14279.397784  12477.798279    139.312494
          481.218750 -14280.058717  12477.240301    139.355255
          481.312500 -14280.719650  12476.913618    139.492899
          481.406250 -14281.836715  12476.433368    139.346183
          481.500000 -14282.520914  12476.087371    138.872202
          481.625000 -14283.181847  12475.529393    138.914963
          481.718750 -14283.842780  12474.740121    138.862842
          481.812500 -14284.503713  12474.182143    138.905603
          481.906250 -14285.164646  12473.624165    138.948364
          482.000000 -14285.825579  12473.066188    138.991126
          482.125000 -14286.486511  12472.508210    139.033887
          482.218750 -14287.147444  12471.950232    139.076648
          482.312500 -14287.580311  12471.122096    139.119265
          482.406250 -14288.241244  12470.564118    139.162027
          482.500000 -14288.902177  12470.006140    139.204788
          482.625000 -14289.563110  12469.448162    139.247549
          482.718750 -14290.019242  12468.832006    138.773424
          482.812500 -14290.680175  12468.274029    138.816185
          482.906250 -14291.341108  12467.484756    138.764063
          483.000000 -14292.732771  12465.848269    136.824944
          483.125000 -14293.393704  12465.058996    136.772822
          483.218750 -14293.826570  12464.230860    136.815440
          483.312500 -14294.282703  12463.614704    136.341314
          483.406250 -14294.943636  12462.825431    136.289192
          483.500000 -14295.376502  12462.228589    136.426692
          483.625000 -14295.809369  12461.400453    136.469309
          483.718750 -14296.470302  12460.611180    136.417188
          483.812500 -14297.131235  12459.590613    136.270184
          483.906250 -14297.564102  12458.993771    136.407683
          484.000000 -14297.996968  12458.165635    136.450300
          484.125000 -14298.225035  12457.510615    136.070913
          484.218750 -14298.862702  12456.740656    136.630417
          484.312500 -14299.523635  12455.951384    136.578296
          484.406250 -14299.728435  12455.084383    136.715652
          484.500000 -14300.184568  12454.468227    136.241526
          484.625000 -14300.389368  12453.601227    136.378882
          484.718750 -14300.822235  12453.004385    136.516381
          484.812500 -14301.255102  12452.176248    136.558999
          484.906250 -14301.687968  12451.348112    136.601616
          485.000000 -14302.120835  12450.519975    136.644233
          485.125000 -14302.325636  12449.652974    136.781588
          485.218750 -14302.758502  12448.824838    136.824205
          485.312500 -14303.191369  12447.996701    136.866822
          485.406250 -14303.419435  12447.341681    136.487435
          485.500000 -14303.624236  12446.474680    136.624791
          485.625000 -14304.057103  12445.646544    136.667408
          485.718750 -14304.489969  12445.049702    136.804908
          485.812500 -14304.718036  12444.394682    136.425521
          485.906250 -14304.922836  12443.527681    136.562877
          486.000000 -14305.355703  12442.699545    136.605494
          486.125000 -14305.583769  12441.813230    136.131224
          486.218750 -14306.016636  12440.985093    136.173841
          486.312500 -14306.244702  12440.561368    135.889337
          486.406250 -14306.449502  12439.925662    136.121575
          486.500000 -14306.882369  12439.097525    136.164192
          486.625000 -14307.110435  12438.673800    135.879688
          486.718750 -14307.315236  12437.806799    136.017044
          486.812500 -14306.151639  12436.012730    136.438182
          486.906250 -14306.379706  12435.589005    136.153678
          487.000000 -14306.584506  12435.184593    136.480799
          487.125000 -14306.812572  12435.223457    136.386061
          487.218750 -14306.584506  12434.259414    136.101268
          487.312500 -14306.356440  12433.989256    136.101124
          487.406250 -14306.835838  12432.891196    134.825607
          487.500000 -14306.835838  12432.197312    134.540959
          487.625000 -14306.835838  12431.734722    134.351193
          487.718750 -14306.835838  12431.040838    134.066545
          487.812500 -14306.835838  12430.578249    133.876779
          487.906250 -14306.835838  12429.884364    133.592131
          488.000000 -14306.835838  12429.190480    133.307482
          488.125000 -14306.607772  12428.920321    133.307338
          488.218750 -14306.607772  12428.457732    133.117573
          488.312500 -14306.379706  12427.956278    133.022546
          488.406250 -14306.174905  12426.741626    132.031245
          488.500000 -14305.946839  12426.240173    131.936218
          488.625000 -14305.946839  12425.777583    131.746452
          488.718750 -14305.718773  12425.507425    131.746308
          488.812500 -14305.490706  12425.699855    131.935929
          488.906250 -14305.262640  12425.892286    132.125550
          489.000000 -14304.508645  12427.915289    135.098588
          489.125000 -14304.508645  12428.146583    135.193471
          489.218750 -14304.075778  12428.280836    134.866205
          489.312500 -14304.075778  12427.818246    134.676439
          489.406250 -14303.847712  12427.779382    134.771178
          489.500000 -14303.619646  12427.740518    134.865917
          489.625000 -14303.391580  12427.701654    134.960655
          489.718750 -14303.391580  12427.007770    134.676007
          489.812500 -14302.958713  12426.448138    134.064093
          489.906250 -14302.800444  12426.813921    132.513721
          490.000000 -14302.572377  12427.006351    132.703342
          490.125000 -14302.116245  12427.391213    133.082585
          490.218750 -14302.046448  12428.605629    135.391875
          490.312500 -14302.595643  12427.449627    132.281482
          490.406250 -14301.408781  12425.443577    133.219364
          490.500000 -14302.139511  12427.834488    132.660725
          490.625000 -14301.706644  12428.662625    132.618108
          490.718750 -14301.455312  12429.105664    133.514238
          490.812500 -14301.022445  12429.471211    133.281855
          490.906250 -14300.747848  12430.627449    135.074258
          491.000000 -14300.314981  12431.455586    135.031641
          491.125000 -14299.858849  12431.609152    135.316001
          491.218750 -14299.402716  12431.762719    135.600361
          491.312500 -14299.174650  12431.723855    135.695100
          491.406250 -14298.741783  12431.858107    135.367834
          491.500000 -14297.806253  12431.259375    136.168649
          491.625000 -14297.350121  12431.181647    136.358126
          491.718750 -14297.122055  12431.142783    136.452864
          491.812500 -14296.461122  12431.469466    136.315220
          491.906250 -14296.233055  12431.661897    136.504842
          492.000000 -14296.028255  12431.835013    136.082837
          492.125000 -14295.572123  12431.988580    136.367197
          492.218750 -14295.139256  12432.122832    136.039932
          492.312500 -14294.683123  12432.276399    136.324292
          492.406250 -14294.226991  12432.429965    136.608652
          492.500000 -14293.794124  12432.564217    136.281386
          492.625000 -14293.337992  12432.717784    136.565746
          492.718750 -14292.881860  12432.640056    136.755223
          492.812500 -14292.425727  12432.793622    137.039583
          492.906250 -14291.764794  12432.889011    136.807057
          493.000000 -14291.536728  12432.850146    136.901795
          493.125000 -14291.080596  12433.003713    137.186155
          493.218750 -14290.624463  12432.925985    137.375632
          493.312500 -14290.168331  12432.848257    137.565109
          493.406250 -14289.735464  12433.213804    137.332727
          493.500000 -14289.507398  12433.174940    137.427465
          493.625000 -14289.279332  12433.136076    137.522204
          493.718750 -14288.823200  12433.058347    137.711681
          493.812500 -14288.390333  12433.192600    137.384415
          493.906250 -14288.162267  12432.922441    137.384271
          494.000000 -14287.729400  12433.056693    137.057006
          494.125000 -14287.501334  12433.017829    137.151744
          494.218750 -14287.273268  12432.747670    137.151600
          494.312500 -14286.840401  12432.881923    136.824335
          494.406250 -14286.612335  12432.611764    136.824190
          494.500000 -14285.951402  12432.707152    136.591663
          494.625000 -14285.723336  12432.668288    136.686402
          494.718750 -14285.495269  12432.629424    136.781141
          494.812500 -14285.267203  12432.590560    136.875879
          494.906250 -14284.834336  12432.724812    136.548614
          495.000000 -14284.401470  12432.396475    136.031583
          495.125000 -14284.173404  12432.357611    136.126321
          495.218750 -14283.740537  12432.491863    135.799056
          495.312500 -14283.512471  12432.452999    135.893794
          495.406250 -14283.284404  12432.182840    135.893650
          495.500000 -14283.056338  12432.375271    136.083271
          495.625000 -14282.600206  12432.297543    136.272749
          495.718750 -14282.167339  12432.431795    135.945483
          495.812500 -14281.939273  12432.392931    136.040222
          495.906250 -14281.711207  12432.354067    136.134960
          496.000000 -14281.050274  12432.449455    135.902433
          496.125000 -14280.822208  12432.641886    136.092055
          496.218750 -14280.594142  12432.603022    136.186793
          496.312500 -14280.138009  12432.525294    136.376270
          496.406250 -14279.705142  12432.659546    136.049005
          496.500000 -14279.477076  12432.620682    136.143744
          496.625000 -14279.249010  12432.581818    136.238482
          496.718750 -14279.020944  12432.542954    136.333221
          496.812500 -14278.588077  12432.677206    136.005955
          496.906250 -14278.360011  12432.638342    136.100694
          497.000000 -14277.927144  12432.772594    135.773428
          497.125000 -14277.699078  12432.733730    135.868167
          497.218750 -14277.242946  12432.656002    136.057644
          497.312500 -14276.810079  12432.790254    135.730379
          497.406250 -14276.582013  12432.751390    135.825117
          497.500000 -14276.353947  12432.481232    135.824973
          497.625000 -14275.693014  12432.576620    135.592446
          497.718750 -14275.464948  12432.537756    135.687185
          497.812500 -14275.008815  12432.691322    135.971544
          497.906250 -14274.575948  12432.594280    135.549396
          498.000000 -14274.119816  12432.747846    135.833756
          498.125000 -14273.891750  12432.708982    135.928495
          498.218750 -14273.435617  12432.631254    136.117972
          498.312500 -14272.774685  12432.726642    135.885445
          498.406250 -14272.546618  12432.687778    135.980184
          498.500000 -14272.090486  12432.841345    136.264543
          498.625000 -14271.634354  12432.994911    136.548903
          498.718750 -14271.178221  12432.917183    136.738381
          498.812500 -14270.745355  12433.051436    136.411115
          498.906250 -14270.289222  12433.205002    136.695475
          499.000000 -14269.628289  12433.300390    136.462948
          499.125000 -14269.172157  12433.222662    136.652425
          499.218750 -14268.739290  12433.356914    136.325160
          499.312500 -14268.283158  12433.279186    136.514637
          499.406250 -14267.622225  12433.374575    136.282110
          499.500000 -14267.166093  12433.296846    136.471587
          499.625000 -14266.709960  12433.219118    136.661064
          499.718750 -14266.049027  12433.545801    136.523420
          499.812500 -14265.592895  12433.468073    136.712897
          499.906250 -14264.931962  12433.563461    136.480371
          500.000000 -14264.499095  12433.697714    136.153105
          500.125000 -14264.042963  12433.619985    136.342582
          500.218750 -14263.382030  12433.715374    136.110055
          500.312500 -14262.925898  12433.637645    136.299532
          500.406250 -14262.469765  12433.791212    136.583892
          500.500000 -14261.808832  12433.886600    136.351365
          500.625000 -14261.352700  12433.808872    136.540843
          500.718750 -14260.691767  12433.904260    136.308316
          500.812500 -14260.235635  12433.826532    136.497793
          500.906250 -14259.574702  12433.921920    136.265266
          501.000000 -14259.118569  12433.844192    136.454743
          501.125000 -14258.662437  12433.997759    136.739103
          501.218750 -14258.001504  12434.093147    136.506576
          501.312500 -14257.340571  12434.188535    136.274049
          501.406250 -14256.884439  12434.110807    136.463526
          501.500000 -14256.223506  12434.206195    136.230999
          501.625000 -14255.767374  12434.128467    136.420477
          501.718750 -14255.106441  12434.223855    136.187950
          501.812500 -14254.650308  12434.146127    136.377427
          501.906250 -14253.989375  12434.241516    136.144900
          502.000000 -14253.328442  12434.336904    135.912373
          502.125000 -14252.872310  12434.259176    136.101850
          502.218750 -14252.211377  12434.354564    135.869323
          502.312500 -14251.755245  12434.276836    136.058800
          502.406250 -14251.299112  12434.199107    136.248278
          502.500000 -14250.614914  12434.313810    136.627376
          502.625000 -14249.953981  12434.640493    136.489732
          502.718750 -14249.497849  12434.562765    136.679209
          502.812500 -14248.860181  12434.176249    135.645291
          502.906250 -14248.199248  12434.271638    135.412764
          503.000000 -14247.743116  12434.425204    135.697124
          503.125000 -14247.286984  12434.347476    135.886601
          503.218750 -14246.626051  12434.442864    135.654074
          503.312500 -14246.397985  12434.404000    135.748813
          503.406250 -14245.737052  12434.499388    135.516286
          503.500000 -14245.280919  12434.421660    135.705763
          503.625000 -14244.619986  12434.517049    135.473236
          503.718750 -14244.163854  12434.439320    135.662714
          503.812500 -14243.502921  12434.534709    135.430187
          503.906250 -14243.046789  12434.456980    135.619664
          504.000000 -14242.590656  12434.610547    135.904024
          504.125000 -14241.929723  12434.705935    135.671497
          504.218750 -14241.473591  12434.628207    135.860974
          504.312500 -14241.017459  12434.781774    136.145334
          504.406250 -14240.356526  12434.877162    135.912807
          504.500000 -14239.900393  12434.799434    136.102284
          504.625000 -14239.239461  12434.894822    135.869757
          504.718750 -14238.783328  12434.817094    136.059234
          504.812500 -14238.122395  12434.912482    135.826707
          504.906250 -14237.666263  12434.834754    136.016185
          505.000000 -14236.777264  12434.891278    135.878396
          505.125000 -14236.321131  12434.813550    136.067873
          505.218750 -14235.660199  12434.908938    135.835347
          505.312500 -14234.999266  12435.235621    135.697702
          505.406250 -14234.315067  12435.119029    135.981918
          505.500000 -14233.654134  12435.214417    135.749391
          505.625000 -14233.198002  12435.136689    135.938868
          505.718750 -14232.309003  12435.193213    135.801080
          505.812500 -14231.852870  12435.346779    136.085440
          505.906250 -14230.963871  12435.403304    135.947652
          506.000000 -14230.302938  12435.498692    135.715125
          506.125000 -14229.846806  12435.420964    135.904602
          506.218750 -14228.957807  12435.708783    135.861696
          506.312500 -14228.296874  12435.804171    135.629169
          506.406250 -14227.612675  12435.918873    136.008268
          506.500000 -14226.951742  12436.245556    135.870624
          506.625000 -14226.290810  12436.340945    135.638097
          506.718750 -14225.606611  12436.455647    136.017196
          506.812500 -14224.945678  12436.782330    135.879551
          506.906250 -14224.056679  12436.838854    135.741763
          507.000000 -14223.395746  12437.165537    135.604119
          507.125000 -14222.939614  12437.319104    135.888479
          507.218750 -14222.050615  12437.606923    135.845573
          507.312500 -14221.389682  12437.702311    135.613047
          507.406250 -14220.933549  12437.855877    135.897406
          507.500000 -14220.044550  12438.143696    135.854501
          507.625000 -14219.383617  12438.239085    135.621974
          507.718750 -14218.699419  12438.353787    136.001073
          507.812500 -14218.038486  12438.680470    135.863428
          507.906250 -14217.149487  12438.968289    135.820523
          508.000000 -14216.693354  12438.890561    136.010000
          508.125000 -14215.804355  12439.178380    135.967095
          508.218750 -14215.143422  12439.505063    135.829450
          508.312500 -14214.459224  12439.388470    136.113666
          508.406250 -14213.798291  12439.715153    135.976022
          508.500000 -14213.137358  12440.041836    135.838378
          508.625000 -14212.248359  12440.098361    135.700590
          508.718750 -14211.792227  12440.251927    135.984950
          508.812500 -14211.108028  12440.366630    136.364048
          508.906250 -14210.219029  12440.654448    136.321143
          509.000000 -14209.330030  12440.942267    136.278237
          509.125000 -14208.873897  12440.864539    136.467714
          509.218750 -14208.212965  12441.191222    136.330070
          509.312500 -14207.347231  12441.459727    135.675539
          509.406250 -14206.663033  12441.574429    136.054638
          509.500000 -14206.002100  12441.901112    135.916994
          509.625000 -14205.113101  12441.957637    135.779205
          509.718750 -14204.452168  12442.284320    135.641561
          509.812500 -14203.791235  12442.611003    135.503917
          509.906250 -14203.107036  12442.494410    135.788133
          510.000000 -14202.446103  12442.821093    135.650489
          510.125000 -14201.557104  12443.108912    135.607583
          510.218750 -14200.896171  12443.204300    135.375056
          510.312500 -14200.211973  12443.319003    135.754155
          510.406250 -14199.527774  12443.433705    136.133253
          510.500000 -14198.685306  12443.914191    134.961980
          510.625000 -14198.024373  12444.009579    134.729453
          510.718750 -14197.363440  12444.336262    134.591809
          510.812500 -14196.679242  12444.450964    134.970907
          510.906250 -14195.790243  12444.738783    134.928002
          511.000000 -14195.129310  12444.834172    134.695475
          511.125000 -14194.445111  12444.948874    135.074573
          511.218750 -14193.784178  12445.275557    134.936929
          511.312500 -14193.123246  12445.370945    134.704402
          511.406250 -14192.234246  12445.658764    134.661497
          511.500000 -14191.550048  12445.773467    135.040595
          511.625000 -14190.889115  12445.868855    134.808068
          511.718750 -14190.228182  12446.195538    134.670424
          511.812500 -14189.543984  12446.310240    135.049523
          511.906250 -14188.883051  12446.405629    134.816996
          512.000000 -14187.994052  12446.693447    134.774090
          512.125000 -14187.333119  12447.020130    134.636446
          512.218750 -14186.444119  12447.076655    134.498658
          512.312500 -14185.987987  12447.230221    134.783018
          512.406250 -14185.098988  12447.518040    134.740112
          512.500000 -14184.438055  12447.844723    134.602468
          512.625000 -14183.981923  12447.998290    134.886828
          512.718750 -14183.092924  12448.054814    134.749040
          512.812500 -14182.431991  12448.381497    134.611396
          512.906250 -14181.771058  12448.708180    134.473752
          513.000000 -14181.086859  12448.822882    134.852850
          513.125000 -14180.425926  12449.149565    134.715206
          513.218750 -14179.764993  12449.476248    134.577562
          513.312500 -14178.875994  12449.764067    134.534657
          513.406250 -14178.215061  12450.322045    134.491895
          513.500000 -14177.758929  12450.475611    134.776255
          513.625000 -14177.097996  12450.802294    134.638611
          513.718750 -14176.437063  12451.128977    134.500967
          513.812500 -14175.776130  12451.455660    134.363323
          513.906250 -14175.091932  12451.801658    134.837304
          514.000000 -14174.430999  12452.128341    134.699660
          514.125000 -14173.770066  12452.455024    134.562016
          514.218750 -14173.109133  12453.013001    134.519255
          514.312500 -14172.448200  12453.339684    134.381611
          514.406250 -14171.992068  12453.724546    134.760853
          514.500000 -14171.331135  12454.051229    134.623209
          514.625000 -14170.670202  12454.609206    134.580448
          514.718750 -14170.009269  12454.935889    134.442804
          514.812500 -14169.553137  12455.320751    134.822047
          514.906250 -14168.892204  12455.647434    134.684403
          515.000000 -14168.231271  12456.205411    134.641641
          515.125000 -14167.570338  12456.532094    134.503997
          515.218750 -14166.909405  12456.858777    134.366353
          515.312500 -14166.453273  12457.243639    134.745596
          515.406250 -14165.564274  12457.531458    134.702690
          515.500000 -14164.903341  12457.858141    134.565046
          515.625000 -14164.242408  12458.184824    134.427402
          515.718750 -14163.786275  12458.338390    134.711762
          515.812500 -14162.897276  12458.626209    134.668856
          515.906250 -14162.236343  12458.721597    134.436330
          516.000000 -14161.780211  12458.875164    134.720690
          516.125000 -14160.891212  12458.931688    134.582901
          516.218750 -14160.230279  12459.258371    134.445257
          516.312500 -14159.774147  12459.411938    134.729617
          516.406250 -14158.885148  12459.699756    134.686712
          516.500000 -14158.429015  12459.622028    134.876189
          516.625000 -14157.540016  12459.909847    134.833283
          516.718750 -14156.879083  12460.005235    134.600756
          516.812500 -14156.218150  12460.331918    134.463112
          516.906250 -14155.533952  12460.446621    134.842211
          517.000000 -14154.873019  12460.773304    134.704567
          517.125000 -14154.188820  12460.656712    134.988782
          517.218750 -14153.527887  12460.983395    134.851138
          517.312500 -14152.843689  12460.866802    135.135354
          517.406250 -14152.182756  12461.193485    134.997710
          517.500000 -14151.293757  12461.250009    134.859921
          517.625000 -14150.837624  12461.172281    135.049399
          517.718750 -14149.948625  12461.460100    135.006493
          517.812500 -14149.492493  12461.382372    135.195970
          517.906250 -14148.603494  12461.670191    135.153065
          518.000000 -14147.942561  12461.765579    134.920538
          518.125000 -14147.258362  12461.648987    135.204754
          518.218750 -14146.597429  12461.744375    134.972227
          518.312500 -14145.913231  12461.627783    135.256442
          518.406250 -14145.252298  12461.723171    135.023915
          518.500000 -14144.363299  12461.548401    134.791244
          518.625000 -14143.907167  12461.470672    134.980721
          518.718750 -14143.018167  12461.295902    134.748050
          518.812500 -14142.562035  12461.218174    134.937527
          518.906250 -14141.901102  12461.082267    134.610118
          519.000000 -14141.216904  12460.965675    134.894333
          519.125000 -14140.327904  12460.790904    134.661662
          519.218750 -14139.871772  12460.713176    134.851139
          519.312500 -14139.415640  12460.635448    135.040617
          519.406250 -14134.928703  12459.336923    128.984113
          519.500000 -14134.244505  12459.220331    129.268329
          519.625000 -14133.583572  12459.084424    128.940919
          519.718750 -14138.410312  12460.557248    137.866073
          519.812500 -14137.521313  12460.382478    137.633402
          519.906250 -14135.878319  12458.529994    138.855643
          520.000000 -14135.240652  12458.837363    138.106373
          520.125000 -14134.556453  12458.258181    138.200823
          520.218750 -14134.281855  12457.795356    139.329047
          520.312500 -14133.825723  12457.255038    139.328759
          520.406250 -14133.141525  12456.907151    139.518092
          520.500000 -14132.708658  12456.347519    138.906178
          520.625000 -14132.229260  12455.595221    139.422632
          520.718750 -14131.977928  12455.113082    139.939230
          520.812500 -14131.521796  12454.341469    139.844059
          520.906250 -14131.065663  12453.801152    139.843771
          521.000000 -14130.609531  12453.260834    139.843482
          521.125000 -14130.381465  12452.528086    139.653572
          521.218750 -14129.925332  12451.987768    139.653284
          521.312500 -14129.469200  12451.447450    139.652995
          521.406250 -14129.264399  12451.157977    139.041226
          521.500000 -14128.808267  12450.617660    139.040937
          521.625000 -14128.375400  12450.289323    138.523906
          521.718750 -14128.147334  12449.787869    138.428879
          521.812500 -14127.896002  12449.074435    138.850595
          521.906250 -14127.667936  12448.572981    138.755568
          522.000000 -14127.211804  12448.263958    138.850162
          522.125000 -14127.188538  12447.589388    139.177139
          522.218750 -14126.937206  12446.875954    139.598854
          522.312500 -14126.504340  12446.778912    139.176706
          522.406250 -14126.960472  12447.087935    139.082112
          522.500000 -14126.709140  12446.143206    139.408945
          522.625000 -14126.048207  12445.776005    138.986652
          522.718750 -14126.024942  12445.101435    139.313629
          522.812500 -14125.568809  12444.561117    139.313341
          522.906250 -14125.340743  12444.059663    139.218314
          523.000000 -14124.884611  12443.288051    139.123142
          523.125000 -14124.223678  12442.920850    138.700850
          523.218750 -14123.767545  12442.149237    138.605679
          523.312500 -14123.539479  12441.416489    138.415769
          523.406250 -14123.083347  12440.876171    138.415480
          523.500000 -14122.422414  12440.277676    137.898305
          523.625000 -14122.194348  12439.776222    137.803278
          523.718750 -14121.738215  12439.004610    137.708107
          523.812500 -14121.077282  12438.174819    137.096048
          523.906250 -14120.849216  12437.442071    136.906139
          524.000000 -14120.165018  12436.631594    136.905706
          524.125000 -14119.732151  12436.071962    136.293792
          524.218750 -14119.299284  12435.281036    135.586995
          524.312500 -14118.843152  12434.740718    135.586707
          524.406250 -14118.182219  12434.142222    135.069531
          524.500000 -14117.749352  12433.351296    134.362735
          524.625000 -14117.293220  12432.579683    134.267564
          524.718750 -14116.837088  12431.808071    134.172392
          524.812500 -14116.176155  12431.440870    133.750100
          524.906250 -14115.720022  12430.669257    133.654928
          525.000000 -14115.263890  12430.128940    133.654640
          525.125000 -14115.035824  12429.627486    133.559613
          525.218750 -14114.351625  12429.048304    133.654063
          525.312500 -14113.690692  12428.681103    133.231771
          525.406250 -14113.234560  12428.140785    133.231482
          525.500000 -14112.778427  12427.831763    133.326076
          525.625000 -14112.094229  12427.483875    133.515409
          525.718750 -14111.638097  12426.943558    133.515121
          525.812500 -14111.959225  12428.292934    131.543177
          525.906250 -14112.164026  12428.582407    132.154947
          526.000000 -14110.292965  12426.691059    133.471927
          526.125000 -14109.152634  12425.571560    133.566088
          526.218750 -14108.240369  12424.722219    133.660394
          526.312500 -14107.328105  12424.104173    133.849583
          526.406250 -14106.871972  12423.563855    133.849295
          526.500000 -14105.754907  12423.118926    133.616479
          526.625000 -14105.298775  12422.578608    133.616191
          526.718750 -14104.637842  12422.211407    133.193898
          526.812500 -14104.181709  12421.902384    133.288493
          526.906250 -14103.725577  12421.362067    133.288204
          527.000000 -14103.292710  12421.265024    132.866056
          527.125000 -14103.064644  12420.994865    132.865912
          527.218750 -14102.631777  12420.666528    132.348880
          527.312500 -14102.403711  12420.396370    132.348736
          527.406250 -14102.198911  12420.569486    131.926732
          527.500000 -14101.970844  12420.299327    131.926588
          527.625000 -14101.742778  12420.260463    132.021327
          527.718750 -14101.537978  12420.202285    131.504440
          527.812500 -14101.537978  12419.970990    131.409557
          527.906250 -14101.537978  12419.970990    131.409557
          528.000000 -14101.333177  12419.912812    130.892670
          528.125000 -14101.105111  12419.873948    130.987409
          528.218750 -14100.900310  12419.815769    130.470522
          528.312500 -14100.900310  12419.815769    130.470522
          528.406250 -14100.900310  12419.815769    130.470522
          528.500000 -14100.695510  12419.757591    129.953635
          528.625000 -14100.695510  12419.757591    129.953635
          528.718750 -14100.490709  12419.699413    129.436748
          528.812500 -14100.490709  12419.699413    129.436748
          528.906250 -14100.285909  12419.641235    128.919861
          529.000000 -14100.285909  12419.641235    128.919861
          529.125000 -14100.081108  12419.583056    128.402974
          529.218750 -14100.309175  12419.621921    128.308236
          529.312500 -14100.104374  12419.563742    127.791349
          529.406250 -14100.104374  12419.332448    127.696466
          529.500000 -14099.899573  12419.505564    127.274462
          529.625000 -14099.899573  12419.274269    127.179579
          529.718750 -14099.922839  12419.254955    126.567954
          529.812500 -14099.718039  12419.428072    126.145950
          529.906250 -14099.718039  12419.196777    126.051067
          530.000000 -14099.741304  12419.177463    125.439441
          530.125000 -14099.536504  12419.350579    125.017437
          530.218750 -14099.764570  12419.158149    124.827816
          530.312500 -14099.559769  12419.099970    124.310929
          530.406250 -14099.583035  12419.311951    123.794186
          530.500000 -14099.378234  12419.253773    123.277300
          530.625000 -14099.606301  12419.292637    123.182561
          530.718750 -14099.401500  12419.234459    122.665674
          530.812500 -14099.629566  12419.042028    122.476053
          530.906250 -14099.424766  12419.215144    122.054049
          531.000000 -14099.448031  12419.195830    121.442423
          531.125000 -14099.676097  12419.234694    121.347685
          531.218750 -14099.471297  12419.176516    120.830798
          531.312500 -14099.266496  12419.118338    120.313911
          531.406250 -14099.494563  12419.157202    120.219172
          531.500000 -14099.289762  12419.099024    119.702286
          531.625000 -14099.517828  12418.906593    119.512664
          531.718750 -14099.313028  12419.079710    119.090660
          531.812500 -14099.336293  12419.060395    118.479035
          531.906250 -14099.336293  12418.829101    118.384152
          532.000000 -14099.131493  12418.770922    117.867265
          532.125000 -14099.359559  12418.809786    117.772526
          532.218750 -14099.382825  12418.790472    117.160901
          532.312500 -14099.178024  12418.963589    116.738897
          532.406250 -14099.406090  12418.771158    116.549276
          532.500000 -14099.201290  12418.712980    116.032389
          532.625000 -14099.224555  12418.924961    115.515646
          532.718750 -14099.247821  12418.905646    114.904021
          532.812500 -14099.247821  12418.674352    114.809138
          532.906250 -14099.271087  12418.886332    114.292395
          533.000000 -14099.499153  12418.693902    114.102774
          533.125000 -14099.522418  12418.905882    113.586031
          533.218750 -14099.545684  12418.886568    112.974406
          533.312500 -14099.545684  12418.886568    112.974406
          533.406250 -14099.568950  12418.867254    112.362780
          533.500000 -14099.364149  12418.809076    111.845893
          533.625000 -14099.592215  12418.847940    111.751155
          533.718750 -14099.615481  12418.828626    111.139529
          533.812500 -14099.843547  12418.867490    111.044791
          533.906250 -14099.638747  12419.040606    110.622787
          534.000000 -14099.866813  12418.848175    110.433165
          534.125000 -14099.662012  12419.021292    110.011161
          534.218750 -14099.662012  12418.789997    109.916279
          534.312500 -14099.890078  12418.828861    109.821540
          534.406250 -14099.685278  12419.001978    109.399536
          534.500000 -14099.685278  12418.770683    109.304653
          534.625000 -14099.913344  12418.809547    109.209915
          534.718750 -14099.708544  12418.982664    108.787911
          534.812500 -14099.708544  12418.982664    108.787911
          534.906250 -14099.708544  12418.751369    108.693028
          535.000000 -14099.731809  12418.963350    108.176285
          535.125000 -14099.731809  12418.963350    108.176285
          535.218750 -14099.755075  12418.944035    107.564660
          535.312500 -14099.755075  12418.944035    107.564660
          535.406250 -14099.983141  12418.982899    107.469921
          535.500000 -14099.778340  12418.924721    106.953034
          535.625000 -14099.778340  12418.924721    106.953034
          535.718750 -14100.006407  12418.963585    106.858296
          535.812500 -14099.801606  12418.905407    106.341409
          535.906250 -14099.801606  12418.905407    106.341409
          536.000000 -14100.029672  12418.712976    106.151787
          536.125000 -14099.824872  12418.886093    105.729783
          536.218750 -14099.824872  12418.886093    105.729783
          536.312500 -14099.848137  12418.866779    105.118158
          536.406250 -14100.076204  12418.905643    105.023419
          536.500000 -14100.076204  12418.674348    104.928537
          536.625000 -14101.719198  12420.989421    103.896061
          536.718750 -14101.947264  12421.028285    103.801322
          536.812500 -14101.742464  12421.201402    103.379318
          536.906250 -14101.970530  12421.008971    103.189697
          537.000000 -14101.970530  12421.008971    103.189697
          537.125000 -14101.993796  12421.220952    102.672954
          537.218750 -14101.993796  12420.989657    102.578071
          537.312500 -14100.853465  12419.870157    102.672233
          537.406250 -14101.081531  12419.909022    102.577495
          537.500000 -14100.876730  12420.082138    102.155490
          537.625000 -14100.876730  12420.082138    102.155490
          537.718750 -14101.104797  12419.889707    101.965869
          537.812500 -14101.332863  12419.928572    101.871131
          537.906250 -14101.128062  12420.101688    101.449126
          538.000000 -14101.128062  12419.870393    101.354244
          538.125000 -14101.584195  12420.410711    101.354532
          538.218750 -14101.151328  12420.082374    100.837501
          538.312500 -14101.379394  12420.121238    100.742762
          538.406250 -14103.664646  12423.053410     94.912455
          538.500000 -14103.664646  12423.053410     94.912455
          538.625000 -14103.664646  12423.284705     95.007337
          538.718750 -14103.664646  12423.053410     94.912455
          538.812500 -14103.641380  12423.304019     95.618963
          538.906250 -14103.664646  12423.284705     95.007337
          539.000000 -14103.664646  12423.284705     95.007337
          539.125000 -14103.892712  12423.092274     94.817716
          539.218750 -14103.687912  12423.265391     94.395712
          539.312500 -14103.687912  12423.034096     94.300829
          539.406250 -14103.687912  12423.265391     94.395712
          539.500000 -14103.483111  12422.744623     93.689060
          539.625000 -14103.483111  12422.513328     93.594177
          539.718750 -14103.278311  12422.455150     93.077290
          539.812500 -14103.278311  12421.992561     92.887524
          539.906250 -14103.050244  12421.722402     92.887380
          540.000000 -14103.026979  12422.204305     93.688771
          540.125000 -14103.255045  12421.780580     93.404267
          540.218750 -14103.050244  12421.722402     92.887380
          540.312500 -14103.050244  12421.491107     92.792497
          540.406250 -14102.845444  12421.432929     92.275610
          540.500000 -14102.845444  12421.201634     92.180728
          540.625000 -14102.845444  12421.432929     92.275610
          540.718750 -14102.663909  12421.124142     91.052215
          540.812500 -14102.435843  12421.085277     91.146954
          540.906250 -14102.663909  12421.124142     91.052215
          541.000000 -14102.663909  12420.892847     90.957332
          541.125000 -14102.459108  12421.065963     90.535328
          541.218750 -14102.459108  12421.065963     90.535328
          541.312500 -14102.459108  12421.065963     90.535328
          541.406250 -14102.254308  12421.239080     90.113324
          541.500000 -14102.482374  12421.277944     90.018586
          541.625000 -14102.482374  12421.046649     89.923703
          541.718750 -14102.505640  12421.258630     89.406960
          541.812500 -14102.300839  12420.969157     88.795191
          541.906250 -14102.528905  12421.008021     88.700452
          542.000000 -14102.528905  12421.008021     88.700452
          542.125000 -14102.324105  12421.181137     88.278448
          542.218750 -14102.347370  12421.161823     87.666823
          542.312500 -14102.142570  12421.103645     87.149936
          542.406250 -14101.663172  12420.120052     87.571507
          542.500000 -14101.388574  12419.888521     88.794614
          542.625000 -14101.388574  12419.888521     88.794614
          542.718750 -14101.639906  12420.139366     88.183133
          542.812500 -14101.458371  12420.293168     87.149503
          542.906250 -14101.686438  12420.332033     87.054764
          543.000000 -14101.937769  12420.582877     86.443283
          543.125000 -14101.732969  12420.524699     85.926396
          543.218750 -14101.756234  12420.505385     85.314771
          543.312500 -14101.756234  12420.505385     85.314771
          543.406250 -14101.779500  12420.486071     84.703146
          543.500000 -14101.802766  12420.698051     84.186403
          543.625000 -14101.802766  12420.466756     84.091520
          543.718750 -14101.826031  12420.678737     83.574777
          543.812500 -14102.054098  12420.717601     83.480039
          543.906250 -14102.282164  12420.756465     83.385300
          544.000000 -14102.305429  12420.968446     82.868558
          544.125000 -14102.328695  12420.949132     82.256932
          544.218750 -14102.351961  12421.161112     81.740190
          544.312500 -14102.351961  12421.161112     81.740190
          544.406250 -14102.375226  12421.141798     81.128564
          544.500000 -14102.603292  12421.180662     81.033826
          544.625000 -14102.398492  12421.353779     80.611822
          544.718750 -14102.626558  12421.392643     80.517083
          544.812500 -14102.854624  12421.431507     80.422344
          544.906250 -14102.445023  12421.315150     79.388571
          545.000000 -14102.673089  12421.354015     79.293832
          545.125000 -14102.468289  12421.295836     78.776945
          545.218750 -14102.696355  12421.334700     78.682207
          545.312500 -14102.696355  12421.334700     78.682207
          545.406250 -14102.719621  12421.546681     78.165464
          545.500000 -14102.719621  12421.315386     78.070581
          545.625000 -14102.742886  12421.527367     77.553839
          545.718750 -14102.742886  12421.296072     77.458956
          545.812500 -14102.970952  12421.334936     77.364217
          545.906250 -14102.766152  12421.508053     76.942213
          546.000000 -14102.994218  12421.315622     76.752592
          546.125000 -14102.789418  12421.488738     76.330588
          546.218750 -14103.017484  12421.296308     76.140966
          546.312500 -14102.812683  12421.469424     75.718962
          546.406250 -14102.812683  12421.238130     75.624079
          546.500000 -14103.040749  12421.276994     75.529341
          546.625000 -14102.835949  12421.450110     75.107337
          546.718750 -14103.064015  12421.257680     74.917715
          546.812500 -14102.859215  12421.430796     74.495711
          546.906250 -14103.087281  12421.238365     74.306090
          547.000000 -14102.882480  12421.411482     73.884086
          547.125000 -14103.110546  12421.219051     73.694465
          547.218750 -14103.110546  12421.219051     73.694465
          547.312500 -14102.905746  12421.160873     73.177578
          547.406250 -14103.133812  12421.199737     73.082839
          547.500000 -14102.929011  12421.372854     72.660835
          547.625000 -14103.157078  12421.180423     72.471214
          547.718750 -14103.157078  12421.180423     72.471214
          547.812500 -14102.952277  12421.122245     71.954327
          547.906250 -14103.431675  12421.411953     71.248107
          548.000000 -14103.226875  12421.353775     70.731220
          548.125000 -14103.226875  12421.353775     70.731220
          548.218750 -14103.250140  12421.334461     70.119595
          548.312500 -14103.250140  12421.334461     70.119595
          548.406250 -14103.250140  12421.334461     70.119595
          548.500000 -14103.273406  12421.315147     69.507969
          548.625000 -14103.273406  12421.315147     69.507969
          548.718750 -14103.501472  12421.354011     69.413231
          548.812500 -14103.273406  12421.315147     69.507969
          548.906250 -14103.273406  12421.315147     69.507969
          549.000000 -14103.273406  12421.546442     69.602852
          549.125000 -14103.273406  12421.546442     69.602852
          549.218750 -14103.045340  12421.507578     69.697591
          549.312500 -14103.250140  12421.334461     70.119595
          549.406250 -14103.250140  12421.334461     70.119595
          549.500000 -14103.045340  12421.507578     69.697591
          549.625000 -14103.250140  12421.334461     70.119595
          549.718750 -14103.250140  12421.103166     70.024712
          549.812500 -14103.022074  12421.064302     70.119451
          549.906250 -14103.022074  12421.064302     70.119451
          550.000000 -14103.022074  12421.064302     70.119451
          550.125000 -14103.022074  12421.064302     70.119451
          550.218750 -14103.022074  12421.064302     70.119451
          550.312500 -14102.794008  12420.794143     70.119306
          550.406250 -14102.794008  12420.794143     70.119306
          550.500000 -14102.794008  12420.794143     70.119306
          550.625000 -14102.794008  12420.794143     70.119306
          550.718750 -14102.565942  12420.755279     70.214045
          550.812500 -14102.770742  12420.350868     70.541166
          550.906250 -14102.770742  12420.350868     70.541166
          551.000000 -14102.542676  12420.312004     70.635905
          551.125000 -14102.542676  12420.080709     70.541022
          551.218750 -14102.542676  12420.080709     70.541022
          551.312500 -14102.770742  12420.119573     70.446283
          551.406250 -14102.770742  12419.888279     70.351401
          551.500000 -14102.770742  12419.888279     70.351401
          551.625000 -14102.770742  12419.888279     70.351401
          551.718750 -14102.998808  12419.927143     70.256662
          551.812500 -14103.203609  12419.522731     70.583783
          551.906250 -14103.203609  12419.522731     70.583783
          552.000000 -14103.431675  12419.561596     70.489045
          552.125000 -14103.659741  12419.369165     70.299423
          552.218750 -14103.659741  12419.369165     70.299423
          552.312500 -14103.864542  12418.964754     70.626545
          552.406250 -14104.092608  12419.003618     70.531806
          552.500000 -14104.092608  12418.772323     70.436923
          552.625000 -14104.525475  12418.638071     70.764189
          552.718750 -14104.525475  12418.638071     70.764189
          552.812500 -14104.525475  12418.638071     70.764189
          552.906250 -14104.958341  12418.272524     70.996571
          553.000000 -14104.958341  12418.272524     70.996571
          553.125000 -14104.958341  12418.272524     70.996571
          553.218750 -14104.958341  12418.272524     70.996571
          553.312500 -14105.391208  12417.906977     71.228954
          553.406250 -14105.163142  12417.868112     71.323693
          553.500000 -14105.391208  12417.906977     71.228954
          553.625000 -14105.367943  12417.926291     71.840579
          553.718750 -14105.572743  12417.753174     72.262583
          553.812500 -14105.344677  12417.714310     72.357322
          553.906250 -14105.093345  12417.463465     72.968803
          554.000000 -14105.093345  12417.463465     72.968803
          554.125000 -14105.298146  12417.521644     73.485690
          554.218750 -14105.298146  12417.521644     73.485690
          554.312500 -14105.070079  12417.482780     73.580429
          554.406250 -14105.298146  12417.521644     73.485690
          554.500000 -14105.502946  12417.348527     73.907694
          554.625000 -14105.274880  12417.540958     74.097316
          554.718750 -14105.274880  12417.309663     74.002433
          554.812500 -14105.274880  12417.309663     74.002433
          554.906250 -14105.046814  12417.502094     74.192054
          555.000000 -14105.046814  12417.502094     74.192054
          555.125000 -14105.251614  12417.328977     74.614058
          555.218750 -14105.251614  12417.328977     74.614058
          555.312500 -14105.251614  12417.328977     74.614058
          555.406250 -14105.023548  12417.290113     74.708797
          555.500000 -14105.023548  12417.290113     74.708797
          555.625000 -14105.023548  12417.290113     74.708797
          555.718750 -14104.818748  12417.463230     74.286793
          555.812500 -14104.590681  12417.424366     74.381531
          555.906250 -14104.590681  12417.424366     74.381531
          556.000000 -14104.795482  12417.482544     74.898418
          556.125000 -14104.362615  12417.616796     74.571153
          556.218750 -14104.362615  12417.848091     74.666035
          556.312500 -14104.134549  12417.577932     74.665891
          556.406250 -14104.134549  12417.809227     74.760774
          556.500000 -14103.929749  12417.982343     74.338770
          556.625000 -14103.929749  12417.982343     74.338770
          556.718750 -14103.929749  12417.982343     74.338770
          556.812500 -14103.929749  12417.982343     74.338770
          556.906250 -14103.701682  12417.943479     74.433509
          557.000000 -14103.496882  12418.116596     74.011504
          557.125000 -14103.701682  12417.943479     74.433509
          557.218750 -14103.496882  12418.116596     74.011504
          557.312500 -14103.473616  12418.135910     74.623130
          557.406250 -14103.701682  12418.174774     74.528391
          557.500000 -14103.473616  12418.135910     74.623130
          557.625000 -14103.473616  12418.135910     74.623130
          557.718750 -14103.268816  12418.077732     74.106243
          557.812500 -14103.245550  12418.097046     74.717868
          557.906250 -14103.245550  12417.865751     74.622986
          558.000000 -14103.245550  12417.865751     74.622986
          558.125000 -14103.040749  12417.807573     74.106099
          558.218750 -14103.017484  12417.595592     74.622841
          558.312500 -14103.017484  12417.595592     74.622841
          558.406250 -14102.789418  12417.325433     74.622697
          558.500000 -14102.789418  12417.325433     74.622697
          558.625000 -14102.561351  12417.055274     74.622553
          558.718750 -14102.561351  12416.823980     74.527670
          558.812500 -14102.538086  12416.611999     75.044413
          558.906250 -14102.333285  12416.553821     74.527526
          559.000000 -14102.310020  12416.110546     74.949386
          559.125000 -14102.081953  12415.840387     74.949242
          559.218750 -14101.853887  12415.570228     74.949097
          559.312500 -14102.058688  12415.165817     75.276219
          559.406250 -14101.625821  12415.068774     74.854070
          559.500000 -14101.625821  12414.837480     74.759187
          559.625000 -14101.397755  12414.567321     74.759043
          559.718750 -14101.602555  12414.162910     75.086164
          559.812500 -14101.602555  12413.931615     74.991282
          559.906250 -14101.169689  12413.834573     74.569133
          560.000000 -14101.374489  12413.430161     74.896255
          560.125000 -14101.374489  12413.198867     74.801372
          560.218750 -14101.146423  12412.928708     74.801228
          560.312500 -14100.918357  12412.658549     74.801083
          560.406250 -14100.918357  12412.427254     74.706201
          560.500000 -14100.690291  12412.157095     74.706056
          560.625000 -14100.690291  12411.925801     74.611173
          560.718750 -14100.690291  12411.694506     74.516291
          560.812500 -14100.462224  12411.424347     74.516146
          560.906250 -14100.234158  12411.154188     74.516002
          561.000000 -14100.234158  12410.922893     74.421119
          561.125000 -14100.210893  12410.479618     74.842979
          561.218750 -14100.210893  12410.479618     74.842979
          561.312500 -14099.982826  12410.209459     74.842835
          561.406250 -14099.754760  12409.939300     74.842691
          561.500000 -14099.754760  12409.708006     74.747808
          561.625000 -14099.526694  12409.437847     74.747664
          561.718750 -14099.526694  12408.975257     74.557898
          561.812500 -14099.298628  12408.936393     74.652637
          561.906250 -14099.298628  12408.705099     74.557754
          562.000000 -14099.070562  12408.203645     74.462727
          562.125000 -14099.047296  12407.991664     74.979469
          562.218750 -14099.047296  12407.529075     74.789704
          562.312500 -14098.819230  12407.258916     74.789560
          562.406250 -14098.819230  12407.027621     74.694677
          562.500000 -14098.591164  12406.988757     74.789415
          562.625000 -14098.591164  12406.757463     74.694533
          562.718750 -14098.363098  12406.487304     74.694388
          562.812500 -14098.363098  12406.256009     74.599506
          562.906250 -14098.363098  12406.256009     74.599506
          563.000000 -14098.135031  12406.217145     74.694244
          563.125000 -14098.135031  12405.985850     74.599361
          563.218750 -14098.135031  12405.985850     74.599361
          563.312500 -14098.135031  12405.985850     74.599361
          563.406250 -14098.135031  12405.985850     74.599361
          563.500000 -14098.135031  12405.985850     74.599361
          563.625000 -14098.135031  12406.217145     74.694244
          563.718750 -14098.135031  12406.217145     74.694244
          563.812500 -14098.135031  12406.217145     74.694244
          563.906250 -14098.135031  12406.448440     74.789127
          564.000000 -14098.363098  12406.487304     74.694388
          564.125000 -14098.363098  12406.718599     74.789271
          564.218750 -14098.363098  12406.949893     74.884154
          564.312500 -14098.591164  12406.988757     74.789415
          564.406250 -14098.591164  12407.220052     74.884298
          564.500000 -14098.819230  12407.490211     74.884442
          564.625000 -14098.819230  12407.721506     74.979325
          564.718750 -14098.819230  12407.952800     75.074208
          564.812500 -14099.047296  12408.222959     75.074352
          564.906250 -14099.070562  12408.666235     74.652492
          565.000000 -14099.070562  12408.897529     74.747375
          565.125000 -14099.298628  12409.167688     74.747519
          565.218750 -14099.298628  12409.398983     74.842402
          565.312500 -14099.526694  12409.900436     74.937429
          565.406250 -14099.754760  12410.170595     74.937574
          565.500000 -14099.754760  12410.401890     75.032456
          565.625000 -14099.778026  12411.076460     74.705479
          565.718750 -14100.006092  12411.346619     74.705624
          565.812500 -14100.234158  12411.616778     74.705768
          565.906250 -14100.234158  12412.079367     74.895533
          566.000000 -14100.462224  12412.349526     74.895678
          566.125000 -14100.690291  12412.619685     74.895822
          566.218750 -14100.485490  12413.255391     74.663583
          566.312500 -14100.713556  12413.525550     74.663728
          566.406250 -14100.941622  12414.027003     74.758755
          566.500000 -14101.169689  12414.297162     74.758899
          566.625000 -14101.397755  12414.567321     74.759043
          566.718750 -14101.192954  12415.203027     74.526805
          566.812500 -14101.421020  12415.473186     74.526949
          566.906250 -14101.649087  12415.974639     74.621976
          567.000000 -14101.877153  12416.244798     74.622120
          567.125000 -14102.105219  12416.746252     74.717147
          567.218750 -14101.900418  12417.150663     74.390026
          567.312500 -14102.128485  12417.652116     74.485053
          567.406250 -14102.356551  12418.153570     74.580080
          567.500000 -14102.584617  12418.423729     74.580224
          567.625000 -14102.812683  12418.925182     74.675251
          567.718750 -14103.040749  12419.195341     74.675396
          567.812500 -14103.064015  12419.869911     74.348419
          567.906250 -14103.064015  12420.101206     74.443301
          568.000000 -14103.292081  12420.602659     74.538328
          568.125000 -14103.520147  12420.872818     74.538473
          568.218750 -14103.748214  12421.142977     74.538617
          568.312500 -14103.976280  12421.644431     74.633644
          568.406250 -14104.204346  12421.914590     74.633788
          568.500000 -14104.227612  12422.357865     74.211928
          568.625000 -14104.455678  12422.628024     74.212073
          568.718750 -14104.683744  12423.129477     74.307100
          568.812500 -14104.683744  12423.360772     74.401982
          568.906250 -14104.911810  12423.630931     74.402127
          569.000000 -14105.139876  12423.901090     74.402271
          569.125000 -14105.367943  12424.171248     74.402415
          569.218750 -14105.596009  12424.441407     74.402559
          569.312500 -14105.824075  12424.711566     74.402704
          569.406250 -14106.052141  12425.213020     74.497731
          569.500000 -14106.280207  12425.483179     74.497875
          569.625000 -14106.280207  12425.714473     74.592758
          569.718750 -14106.303473  12426.157749     74.170898
          569.812500 -14106.531539  12426.427907     74.171042
          569.906250 -14106.759605  12426.698066     74.171186
          570.000000 -14106.987671  12426.968225     74.171331
          570.125000 -14107.215738  12427.238384     74.171475
          570.218750 -14107.443804  12427.508543     74.171619
          570.312500 -14107.443804  12427.739837     74.266502
          570.406250 -14107.648604  12427.798016     74.783389
          570.500000 -14107.876671  12428.068175     74.783533
          570.625000 -14108.104737  12428.338333     74.783677
          570.718750 -14108.332803  12428.608492     74.783821
          570.812500 -14106.196325  12430.184908     66.988767
          570.906250 -14106.424391  12430.455067     66.988911
          571.000000 -14106.652458  12430.725226     66.989055
          571.125000 -14107.085324  12430.822268     67.411204
          571.218750 -14107.108590  12431.265543     66.989344
          571.312500 -14107.108590  12431.496838     67.084227
          571.406250 -14107.336656  12431.766997     67.084371
          571.500000 -14107.564722  12432.037156     67.084515
          571.625000 -14107.792788  12432.307315     67.084659
          571.718750 -14108.020855  12432.577473     67.084804
          571.812500 -14108.248921  12432.847632     67.084948
          571.906250 -14108.248921  12433.078927     67.179831
          572.000000 -14108.476987  12433.349086     67.179975
          572.125000 -14108.476987  12433.580380     67.274858
          572.218750 -14108.681788  12433.407264     67.696862
          572.312500 -14108.909854  12433.677423     67.697006
          572.406250 -14109.114654  12433.735601     68.213893
          572.500000 -14109.114654  12433.735601     68.213893
          572.625000 -14109.319455  12433.793779     68.730780
          572.718750 -14109.570787  12434.044624     68.119298
          572.812500 -14109.775587  12433.871508     68.541302
          572.906250 -14109.775587  12433.871508     68.541302
          573.000000 -14109.547521  12433.832643     68.636041
          573.125000 -14109.547521  12433.832643     68.636041
          573.218750 -14109.547521  12433.832643     68.636041
          573.312500 -14109.547521  12433.832643     68.636041
          573.406250 -14109.524255  12433.620663     69.152784
          573.500000 -14109.500990  12433.177388     69.574644
          573.625000 -14109.500990  12433.177388     69.574644
          573.718750 -14109.272924  12432.907229     69.574499
          573.812500 -14109.249658  12432.463953     69.996359
          573.906250 -14109.021592  12432.425089     70.091098
          574.000000 -14108.793526  12432.154930     70.090953
          574.125000 -14108.770260  12431.711655     70.512813
          574.218750 -14108.542194  12431.441496     70.512669
          574.312500 -14108.086061  12431.132473     70.607263
          574.406250 -14107.857995  12430.631020     70.512236
          574.500000 -14107.629929  12430.129566     70.417209
          574.625000 -14107.173797  12429.820543     70.511804
          574.718750 -14106.945730  12429.550385     70.511659
          574.812500 -14106.717664  12429.048931     70.416632
          574.906250 -14106.466332  12428.566792     70.933231
          575.000000 -14106.238266  12428.065338     70.838204
          575.125000 -14106.010200  12427.795179     70.838059
          575.218750 -14105.554068  12427.254861     70.837771
          575.312500 -14105.326001  12426.753408     70.742744
          575.406250 -14104.869869  12426.444385     70.837338
          575.500000 -14104.641803  12425.942931     70.742311
          575.625000 -14104.390471  12425.229497     71.164027
          575.718750 -14103.934339  12424.920474     71.258621
          575.812500 -14103.706273  12424.419021     71.163594
          575.906250 -14103.203609  12423.454742     72.196791
          576.000000 -14102.747477  12423.145719     72.291385
          576.125000 -14102.724211  12422.471149     72.618362
          576.218750 -14102.040012  12421.891967     72.712812
          576.312500 -14101.811946  12421.390514     72.617785
          576.406250 -14101.355814  12421.081491     72.712380
          576.500000 -14101.332548  12420.406921     73.039357
          576.625000 -14100.876416  12419.866603     73.039068
          576.718750 -14100.648350  12419.365149     72.944041
          576.812500 -14099.964151  12419.017262     73.133374
          576.906250 -14099.987417  12418.766654     72.426866
          577.000000 -14099.484753  12417.802375     73.460063
          577.125000 -14099.256687  12417.300921     73.365036
          577.218750 -14099.279952  12417.050312     72.658527
          577.312500 -14098.823820  12416.509995     72.658239
          577.406250 -14098.595754  12416.239836     72.658095
          577.500000 -14098.139622  12415.699518     72.657806
          577.625000 -14097.911555  12415.198065     72.562779
          577.718750 -14097.455423  12414.657747     72.562491
          577.812500 -14096.999291  12414.348724     72.657085
          577.906250 -14096.543158  12413.808406     72.656797
          578.000000 -14096.315092  12413.306953     72.561770
          578.125000 -14096.087026  12412.805499     72.466742
          578.218750 -14095.835694  12412.092065     72.888458
          578.312500 -14095.128230  12411.532197     73.594534
          578.406250 -14094.876898  12410.818763     74.016249
          578.500000 -14094.648832  12410.317310     73.921222
          578.625000 -14094.192700  12410.008287     74.015817
          578.718750 -14093.964633  12409.506833     73.920789
          578.812500 -14093.508501  12408.966515     73.920501
          578.906250 -14093.052369  12408.426198     73.920213
          579.000000 -14092.824302  12408.156039     73.920068
          579.125000 -14092.801037  12407.481469     74.247045
          579.218750 -14092.344904  12407.172446     74.341640
          579.312500 -14092.116838  12406.670992     74.246613
          579.406250 -14091.660706  12406.361970     74.341207
          579.500000 -14091.204573  12405.821652     74.340918
          579.625000 -14091.181308  12405.147082     74.667896
          579.718750 -14090.953242  12404.876923     74.667751
          579.812500 -14090.497109  12404.336605     74.667463
          579.906250 -14090.269043  12404.066446     74.667319
          580.000000 -14089.812911  12403.757424     74.761913
          580.125000 -14089.584845  12403.255970     74.666886
          580.218750 -14089.561579  12402.812695     75.088746
          580.312500 -14089.333513  12402.311241     74.993719
          580.406250 -14089.105447  12402.041082     74.993574
          580.500000 -14088.649314  12401.732059     75.088169
          580.625000 -14088.421248  12401.230606     74.993142
          580.718750 -14088.193182  12400.960447     74.992997
          580.812500 -14087.941850  12400.478308     75.509596
          580.906250 -14087.713784  12399.976854     75.414569
          581.000000 -14087.485718  12399.706695     75.414425
          581.125000 -14087.257651  12399.436536     75.414280
          581.218750 -14087.029585  12399.166377     75.414136
          581.312500 -14086.801519  12398.896219     75.413992
          581.406250 -14086.778253  12398.452943     75.835852
          581.500000 -14086.596719  12398.375451     74.707339
          581.625000 -14086.368652  12398.105292     74.707195
          581.718750 -14086.140586  12397.835133     74.707051
          581.812500 -14086.117321  12397.391858     75.128911
          581.906250 -14085.912520  12397.564974     74.706907
          582.000000 -14085.889254  12397.121699     75.128767
          582.125000 -14085.661188  12397.082835     75.223505
          582.218750 -14085.661188  12397.082835     75.223505
          582.312500 -14085.433122  12397.043971     75.318244
          582.406250 -14084.976990  12396.734948     75.412838
          582.500000 -14084.976990  12396.966243     75.507721
          582.625000 -14084.976990  12396.966243     75.507721
          582.718750 -14084.748923  12396.927379     75.602459
          582.812500 -14084.520857  12396.888514     75.697198
          582.906250 -14084.292791  12396.849650     75.791937
          583.000000 -14084.064725  12396.810786     75.886675
          583.125000 -14083.836659  12397.003217     76.076297
          583.218750 -14083.631858  12397.176333     75.654292
          583.312500 -14083.403792  12397.368764     75.843914
          583.406250 -14083.175726  12397.329900     75.938652
          583.500000 -14082.947660  12397.522331     76.128274
          583.625000 -14082.514793  12397.656583     75.801008
          583.718750 -14082.286727  12397.849014     75.990630
          583.812500 -14081.830594  12397.771285     76.180107
          583.906250 -14081.397728  12398.136832     75.947724
          584.000000 -14081.169661  12398.329263     76.137346
          584.125000 -14080.736795  12398.463515     75.810080
          584.218750 -14080.280662  12398.617082     76.094440
          584.312500 -14080.052596  12398.809513     76.284061
          584.406250 -14079.619729  12399.175060     76.051679
          584.500000 -14079.163597  12399.328626     76.336039
          584.625000 -14078.730730  12399.694173     76.103656
          584.718750 -14078.274598  12399.847740     76.388016
          584.812500 -14077.841731  12400.213287     76.155633
          584.906250 -14077.385599  12400.366854     76.439993
          585.000000 -14076.701400  12400.481556     76.819092
          585.125000 -14076.473334  12400.673987     77.008713
          585.218750 -14075.812401  12401.000670     76.871069
          585.312500 -14075.356269  12401.385531     77.250312
          585.406250 -14074.900136  12401.539097     77.534672
          585.500000 -14074.444004  12401.923959     77.913915
          585.625000 -14073.987872  12402.077525     78.198274
          585.718750 -14073.531739  12402.462386     78.577517
          585.812500 -14072.847541  12402.808384     79.051499
          585.906250 -14072.391408  12402.961950     79.335859
          586.000000 -14071.935276  12403.346811     79.715101
          586.125000 -14071.251077  12403.692809     80.189083
          586.218750 -14070.794945  12404.077670     80.568325
          586.312500 -14070.338813  12404.231236     80.852685
          586.406250 -14070.087481  12404.442981     81.653932
          586.500000 -14069.631349  12404.827842     82.033175
          586.625000 -14069.175216  12405.212704     82.412418
          586.718750 -14068.491018  12405.327406     82.791516
          586.812500 -14068.058151  12405.924248     82.654016
          586.906250 -14067.373952  12406.270245     83.127998
          587.000000 -14066.917820  12406.423812     83.412358
          587.125000 -14066.461688  12406.808673     83.791600
          587.218750 -14066.005555  12407.193534     84.170843
          587.312500 -14065.344622  12407.520217     84.033199
          587.406250 -14064.888490  12407.905078     84.412442
          587.500000 -14064.432358  12408.289940     84.791685
          587.625000 -14063.976225  12408.443506     85.076045
          587.718750 -14063.315292  12409.001484     85.033283
          587.812500 -14062.859160  12409.155050     85.317643
          587.906250 -14062.403028  12409.539912     85.696886
          588.000000 -14061.742095  12410.097889     85.654125
          588.125000 -14061.057896  12410.212592     86.033223
          588.218750 -14060.625029  12410.809434     85.895723
          588.312500 -14060.168897  12411.194295     86.274966
          588.406250 -14059.712765  12411.347862     86.559326
          588.500000 -14058.823766  12411.866975     86.611303
          588.625000 -14058.390899  12412.463817     86.473803
          588.718750 -14057.934766  12412.617384     86.758163
          588.812500 -14057.045767  12413.136497     86.810141
          588.906250 -14056.817701  12413.328928     86.999762
          589.000000 -14055.928702  12413.848041     87.051739
          589.125000 -14055.472570  12414.001608     87.336099
          589.218750 -14054.811637  12414.559586     87.293338
          589.312500 -14054.150704  12414.886269     87.155694
          589.406250 -14053.694572  12415.271130     87.534937
          589.500000 -14053.033639  12415.597813     87.397293
          589.625000 -14052.372706  12415.924496     87.259648
          589.718750 -14051.688507  12416.039198     87.638747
          589.812500 -14051.027574  12416.365881     87.501103
          589.906250 -14050.366641  12416.692564     87.363459
          590.000000 -14049.682443  12416.807267     87.742557
          590.125000 -14049.021510  12417.133950     87.604913
          590.218750 -14048.360577  12417.460633     87.467269
          590.312500 -14047.676378  12417.575335     87.846368
          590.406250 -14047.015445  12417.902018     87.708724
          590.500000 -14046.354513  12418.228701     87.571079
          590.625000 -14045.670314  12418.343404     87.950178
          590.718750 -14045.009381  12418.670087     87.812534
          590.812500 -14044.348448  12418.996770     87.674890
          590.906250 -14043.664250  12419.111472     88.053988
          591.000000 -14043.003317  12419.438155     87.916344
          591.125000 -14042.114318  12419.957269     87.968321
          591.218750 -14041.658185  12420.110835     88.252681
          591.312500 -14040.769186  12420.398654     88.209776
          591.406250 -14040.108253  12420.725337     88.072132
          591.500000 -14039.424055  12420.840040     88.451230
          591.625000 -14038.763122  12421.166723     88.313586
          591.718750 -14038.078923  12421.281425     88.692685
          591.812500 -14037.417990  12421.839403     88.649923
          591.906250 -14036.733792  12421.954105     89.029022
          592.000000 -14036.049593  12422.068808     89.408121
          592.125000 -14035.388660  12422.626786     89.365359
          592.218750 -14034.704462  12422.741488     89.744458
          592.312500 -14034.020263  12423.087485     90.218439
          592.406250 -14033.336065  12423.433482     90.692420
          592.500000 -14032.651866  12423.548185     91.071519
          592.625000 -14032.195734  12423.933046     91.450762
          592.718750 -14031.511535  12424.047748     91.829860
          592.812500 -14030.827337  12424.393746     92.303842
          592.906250 -14030.143138  12424.508448     92.682940
          593.000000 -14029.687006  12424.893309     93.062183
          593.125000 -14029.002807  12425.239306     93.536164
          593.218750 -14028.113808  12425.527125     93.493259
          593.312500 -14027.657676  12425.911987     93.872501
          593.406250 -14026.973477  12426.026689     94.251600
          593.500000 -14026.517345  12426.411550     94.630843
          593.625000 -14025.833146  12426.526253     95.009941
          593.718750 -14025.148948  12426.640955     95.389040
          593.812500 -14024.692815  12427.025816     95.768283
          593.906250 -14023.803816  12427.313635     95.725377
          594.000000 -14023.347684  12427.467202     96.009737
          594.125000 -14022.663485  12427.813199     96.483718
          594.218750 -14022.207353  12427.966766     96.768078
          594.312500 -14021.271823  12428.061918     97.853541
          594.406250 -14020.815690  12428.215485     98.137901
          594.500000 -14020.359558  12428.369051     98.422261
          594.625000 -14019.675359  12428.715048     98.896242
          594.718750 -14019.014426  12429.041731     98.758598
          594.812500 -14018.330228  12429.156434     99.137696
          594.906250 -14017.874095  12429.310000     99.422056
          595.000000 -14017.417963  12429.463567     99.706416
          595.125000 -14016.961831  12429.617133     99.990776
          595.218750 -14016.277632  12429.731836    100.369875
          595.312500 -14015.616699  12430.058519    100.232231
          595.406250 -14014.932501  12430.173221    100.611329
          595.500000 -14014.476368  12430.326788    100.895689
          595.625000 -14014.020236  12430.480354    101.180049
          595.718750 -14013.336037  12430.595057    101.559148
          595.812500 -14012.879905  12430.748623    101.843508
          595.906250 -14012.423773  12430.902190    102.127868
          596.000000 -14011.739574  12431.016892    102.506966
          596.125000 -14011.283442  12430.939164    102.696443
          596.218750 -14010.827309  12431.092730    102.980803
          596.312500 -14010.143111  12431.438728    103.454785
          596.406250 -14009.686978  12431.360999    103.644262
          596.500000 -14009.002780  12431.475702    104.023360
          596.625000 -14008.546648  12431.629268    104.307720
          596.718750 -14008.090515  12431.782835    104.592080
          596.812500 -14007.406317  12431.897537    104.971179
          596.906250 -14006.745384  12432.224220    104.833535
          597.000000 -14006.265986  12432.165806    105.634637
          597.125000 -14005.605053  12432.492489    105.496993
          597.218750 -14005.148920  12432.646056    105.781353
          597.312500 -14004.692788  12432.568328    105.970830
          597.406250 -14004.031855  12432.895011    105.833186
          597.500000 -14003.347657  12432.778418    106.117402
          597.625000 -14002.686724  12433.105101    105.979758
          597.718750 -14002.230591  12433.027373    106.169235
          597.812500 -14001.569658  12433.354056    106.031591
          597.906250 -14001.113526  12433.276328    106.221068
          598.000000 -14000.452593  12433.371716    105.988541
          598.125000 -13999.996461  12433.293988    106.178018
          598.218750 -13999.335528  12433.389376    105.945491
          598.312500 -13998.879395  12433.311648    106.134968
          598.406250 -13998.218463  12433.407036    105.902441
          598.500000 -13997.534264  12433.290444    106.186657
          598.625000 -13997.078132  12433.212716    106.376134
          598.718750 -13996.417199  12433.076809    106.048725
          598.812500 -13995.961066  12432.999081    106.238202
          598.906250 -13995.300133  12432.863175    105.910792
          599.000000 -13994.820735  12432.573466    106.617012
          599.125000 -13994.159803  12432.668854    106.384485
          599.218750 -13993.703670  12432.591126    106.573962
          599.312500 -13993.019472  12432.243239    106.763295
          599.406250 -13992.791405  12432.204375    106.858034
          599.500000 -13992.107207  12432.319077    107.237132
          599.625000 -13991.879141  12432.280213    107.331871
          599.718750 -13991.399743  12431.759210    107.943208
          599.812500 -13991.171676  12431.951640    108.132829
          599.906250 -13990.715544  12431.873912    108.322306
          600.000000 -13990.692278  12431.661932    108.839049
          600.125000 -13990.440947  12431.642382    109.545413
          600.218750 -13989.984814  12431.333359    109.640007
          600.312500 -13989.961549  12431.121378    110.156750
          600.406250 -13989.733482  12431.313809    110.346371
          600.500000 -13989.710217  12431.101828    110.863114
          600.625000 -13989.254084  12431.255395    111.147474
          600.718750 -13989.458885  12431.082278    111.569478
          600.812500 -13989.230819  12431.274709    111.759099
          600.906250 -13989.207553  12431.062728    112.275842
          601.000000 -13989.207553  12431.294023    112.370725
          601.125000 -13989.184288  12431.082042    112.887467
          601.218750 -13988.956221  12431.274473    113.077089
          601.312500 -13988.932956  12431.062492    113.593831
          601.406250 -13988.932956  12431.293787    113.688714
          601.500000 -13988.909690  12431.081807    114.205457
          601.625000 -13988.909690  12431.313101    114.300340
          601.718750 -13988.886424  12431.101121    114.817082
          601.812500 -13988.658358  12431.062257    114.911821
          601.906250 -13988.430292  12431.254687    115.101442
          602.000000 -13988.635093  12431.081571    115.523446
          602.125000 -13988.407026  12431.274001    115.713068
          602.218750 -13988.178960  12431.235137    115.807806
          602.312500 -13988.155695  12431.254451    116.419432
          602.406250 -13987.950894  12431.427568    115.997427
          602.500000 -13987.722828  12431.388704    116.092166
          602.625000 -13987.699562  12431.176723    116.608909
          602.718750 -13987.494762  12431.349840    116.186905
          602.812500 -13987.266695  12431.542270    116.376526
          602.906250 -13987.266695  12431.542270    116.376526
          603.000000 -13987.038629  12431.503406    116.471265
          603.125000 -13986.605763  12431.637659    116.143999
          603.218750 -13986.377696  12431.598795    116.238738
          603.312500 -13986.149630  12431.791225    116.428359
          603.406250 -13985.921564  12431.752361    116.523098
          603.500000 -13985.693498  12431.713497    116.617836
          603.625000 -13985.260631  12432.079044    116.385454
          603.718750 -13985.260631  12432.079044    116.385454
          603.812500 -13985.032565  12432.040180    116.480192
          603.906250 -13984.622964  12432.386413    115.636184
          604.000000 -13984.418163  12432.790824    115.309063
          604.125000 -13983.985297  12432.925077    114.981797
          604.218750 -13983.757230  12433.117507    115.171419
          604.312500 -13983.757230  12433.117507    115.171419
          604.406250 -13983.142829  12433.636857    113.905406
          604.500000 -13983.710699  12433.387430    116.489552
          604.625000 -13983.505899  12433.791841    116.162431
          604.718750 -13983.505899  12434.023136    116.257314
          604.812500 -13983.277832  12434.215567    116.446935
          604.906250 -13983.277832  12434.446861    116.541818
          605.000000 -13982.458630  12434.908033    114.758919
          605.125000 -13982.458630  12435.139327    114.853802
          605.218750 -13982.230564  12435.331758    115.043423
          605.312500 -13982.253830  12435.775033    114.621563
          605.406250 -13982.025763  12436.198759    114.906068
          605.500000 -13982.025763  12436.430053    115.000950
          605.625000 -13982.049029  12436.873329    114.579091
          605.718750 -13982.025763  12436.892643    115.190716
          605.812500 -13982.049029  12437.335918    114.768856
          605.906250 -13982.253830  12437.625391    115.380626
          606.000000 -13982.049029  12438.029802    115.053505
          606.125000 -13982.277095  12438.299961    115.053649
          606.218750 -13982.277095  12438.531256    115.148532
          606.312500 -13982.277095  12438.993845    115.338297
          606.406250 -13982.277095  12439.225140    115.433180
          606.500000 -13982.300361  12439.668415    115.011320
          606.625000 -13982.300361  12440.131005    115.201086
          606.718750 -13982.300361  12440.362300    115.295969
          606.812500 -13982.709962  12440.709951    116.424625
          606.906250 -13982.914763  12440.999424    117.036395
          607.000000 -13982.914763  12441.462013    117.226160
          607.125000 -13983.119563  12441.751486    117.837930
          607.218750 -13982.551693  12442.463502    115.443550
          607.312500 -13982.938028  12442.830468    117.183832
          607.406250 -13982.733228  12443.234879    116.856711
          607.500000 -13983.166094  12443.794511    117.468625
          607.625000 -13983.189360  12444.237786    117.046765
          607.718750 -13983.189360  12444.931670    117.331413
          607.812500 -13983.803762  12445.106205    118.882074
          607.906250 -13985.214100  12445.764062    123.206790
          608.000000 -13985.418900  12446.053535    123.818560
          608.125000 -13985.237365  12446.669926    122.974696
          608.218750 -13985.260631  12447.344496    122.647719
          608.312500 -13984.031828  12447.689311    119.831046
          608.406250 -13983.645492  12448.247525    118.470295
          608.500000 -13983.645492  12448.710114    118.660061
          608.625000 -13983.463957  12449.326506    117.816197
          608.718750 -13983.054356  12449.672739    116.972189
          608.812500 -13982.668021  12450.462247    115.706321
          608.906250 -13982.872821  12450.983015    116.412973
          609.000000 -13982.668021  12451.387426    116.085852
          609.125000 -13983.692024  12451.909612    118.765169
          609.218750 -13981.872084  12452.523167    113.975976
          609.312500 -13981.076148  12453.196319    111.676335
          609.406250 -13981.509015  12453.755951    112.288248
          609.500000 -13981.509015  12454.218540    112.478014
          609.625000 -13981.713815  12454.739308    113.184667
          609.718750 -13981.737081  12455.413878    112.857690
          609.812500 -13981.327480  12456.222700    112.203447
          609.906250 -13981.737081  12456.339057    113.237221
          610.000000 -13980.964410  12457.224189    110.420836
          610.125000 -13980.168473  12458.128636    108.216078
          610.218750 -13979.577337  12458.628671    106.338440
          610.312500 -13979.167736  12459.206199    105.589315
          610.406250 -13978.986201  12459.822591    104.745451
          610.500000 -13978.576600  12460.400118    103.996326
          610.625000 -13978.599866  12461.074688    103.669349
          610.718750 -13978.190265  12461.652216    102.920223
          610.812500 -13978.986201  12461.904243    105.599396
          610.906250 -13979.191002  12462.193716    106.211166
          611.000000 -13979.214268  12463.099581    105.979072
          611.125000 -13979.419068  12463.620349    106.685724
          611.218750 -13979.419068  12464.082938    106.875490
          611.312500 -13979.419068  12464.545528    107.065255
          611.406250 -13979.442334  12465.451392    106.833161
          611.500000 -13979.442334  12465.913982    107.022927
          611.625000 -13979.465599  12466.357257    106.601067
          611.718750 -13979.465599  12467.051141    106.885715
          611.812500 -13979.670400  12467.803204    107.687251
          611.906250 -13979.693666  12468.246479    107.265391
          612.000000 -13979.488865  12468.882185    107.033152
          612.125000 -13978.329859  12470.094236    102.761134
          612.218750 -13978.329859  12470.556826    102.950900
          612.312500 -13978.557925  12471.289574    103.140810
          612.406250 -13978.353124  12471.693985    102.813689
          612.500000 -13978.353124  12472.387869    103.098337
          612.625000 -13978.148324  12472.792280    102.771216
          612.718750 -13978.376390  12473.293734    102.866243
          612.812500 -13978.171589  12473.929440    102.634004
          612.906250 -13978.171589  12474.623324    102.918653
          613.000000 -13978.171589  12475.085914    103.108418
          613.125000 -13978.399656  12475.587367    103.203446
          613.218750 -13978.399656  12476.049957    103.393211
          613.312500 -13978.194855  12476.916957    103.255856
          613.406250 -13978.422921  12477.418411    103.350883
          613.500000 -13978.422921  12477.881000    103.540648
          613.625000 -13978.422921  12478.574885    103.825297
          613.718750 -13978.650987  12479.076338    103.920324
          613.812500 -13978.446187  12479.943339    103.782968
          613.906250 -13978.446187  12480.405928    103.972734
          614.000000 -13978.879054  12480.965560    104.584648
          614.125000 -13978.879054  12481.428150    104.774413
          614.218750 -13978.674253  12482.295150    104.637057
          614.312500 -13979.107120  12482.854782    105.248971
          614.406250 -13978.720784  12483.644290    103.983103
          614.500000 -13980.289392  12483.242480    109.573543
          614.625000 -13980.084591  12483.878186    109.341305
          614.718750 -13980.084591  12484.572070    109.625953
          614.812500 -13980.517458  12485.131702    110.237867
          614.906250 -13980.517458  12485.825586    110.522516
          615.000000 -13980.540724  12486.500156    110.195539
          615.125000 -13980.335923  12487.135862    109.963300
          615.218750 -13980.563989  12487.637316    110.058327
          615.312500 -13979.200182  12489.022483    105.364305
          615.406250 -13980.382454  12488.947592    109.499112
          615.500000 -13980.200919  12489.795278    108.750131
          615.625000 -13979.451514  12490.892391    105.417004
          615.718750 -13979.474780  12491.566961    105.090027
          615.812500 -13980.247451  12491.838302    108.380825
          615.906250 -13979.498045  12492.935415    105.047698
          616.000000 -13980.475517  12492.802345    108.665618
          616.125000 -13980.498783  12493.708210    108.433524
          616.218750 -13980.931649  12494.267842    109.045438
          616.312500 -13980.954915  12494.942412    108.718461
          616.406250 -13981.182981  12495.443866    108.813488
          616.500000 -13981.182981  12496.137750    109.098136
          616.625000 -13981.411047  12496.639203    109.193163
          616.718750 -13981.434313  12497.545068    108.961069
          616.812500 -13981.457579  12498.219638    108.634092
          616.906250 -13981.685645  12498.721092    108.729119
          617.000000 -13981.732176  12499.607642    107.885399
          617.125000 -13981.755442  12500.050918    107.463539
          617.218750 -13981.573907  12500.898604    106.714558
          617.312500 -13981.801973  12501.400058    106.809585
          617.406250 -13982.053305  12502.113492    106.387870
          617.500000 -13982.076570  12502.788062    106.060893
          617.625000 -13982.099836  12503.462632    105.733916
          617.718750 -13982.123102  12504.137202    105.406939
          617.812500 -13982.579234  12504.677520    105.407227
          617.906250 -13982.807300  12505.178973    105.502254
          618.000000 -13983.035366  12505.680427    105.597281
          618.125000 -13983.263433  12506.413175    105.787191
          618.218750 -13983.491499  12506.914629    105.882218
          618.312500 -13983.947631  12507.454946    105.882507
          618.406250 -13984.175697  12508.187695    106.072416
          618.500000 -13984.403764  12508.689148    106.167444
          618.625000 -13984.859896  12509.460761    106.262615
          618.718750 -13985.292763  12509.789098    106.779646
          618.812500 -13985.544094  12510.502532    106.357930
          618.906250 -13985.976961  12510.830869    106.874961
          619.000000 -13986.433094  12511.602481    106.970133
          619.125000 -13986.865960  12511.930818    107.487164
          619.218750 -13987.322093  12512.471136    107.487452
          619.312500 -13987.550159  12512.972590    107.582479
          619.406250 -13988.006291  12513.512907    107.582768
          619.500000 -13988.462424  12514.053225    107.583056
          619.625000 -13988.918556  12514.593543    107.583345
          619.718750 -13989.146622  12515.094996    107.678372
          619.812500 -13989.602754  12515.635314    107.678660
          619.906250 -13990.058887  12516.175631    107.678949
          620.000000 -13990.491754  12516.503969    108.195980
          620.125000 -13990.719820  12517.005422    108.291007
          620.218750 -13991.427284  12517.796584    107.679814
          620.312500 -13991.883416  12518.336902    107.680103
          620.406250 -13992.111483  12518.607061    107.680247
          620.500000 -13992.795681  12519.186243    107.585797
          620.625000 -13993.023747  12519.687696    107.680824
          620.718750 -13993.479880  12520.228014    107.681112
          620.812500 -13993.936012  12520.537037    107.586518
          620.906250 -13994.392144  12521.077355    107.586806
          621.000000 -13994.848277  12521.617672    107.587095
          621.125000 -13995.304409  12521.926695    107.492500
          621.218750 -13995.555741  12522.640129    107.070785
          621.312500 -13996.011873  12523.180447    107.071073
          621.406250 -13996.468006  12523.489470    106.976479
          621.500000 -13996.924138  12524.029788    106.976767
          621.625000 -13997.380270  12524.338811    106.882173
          621.718750 -13997.836403  12524.879128    106.882462
          621.812500 -13998.292535  12525.419446    106.882750
          621.906250 -13998.748668  12525.728469    106.788156
          622.000000 -13999.204800  12526.268786    106.788444
          622.125000 -13999.660932  12526.577809    106.693850
          622.218750 -14000.117065  12527.118127    106.694138
          622.312500 -14000.368396  12527.600266    106.177540
          622.406250 -14001.052595  12528.179448    106.083090
          622.500000 -14001.508727  12528.488471    105.988495
          622.625000 -14002.192926  12529.067653    105.894045
          622.718750 -14002.649058  12529.376676    105.799451
          622.812500 -14002.900390  12530.090110    105.377735
          622.906250 -14003.356522  12530.399133    105.283141
          623.000000 -14003.812655  12530.708156    105.188547
          623.125000 -14004.268787  12531.248474    105.188835
          623.218750 -14004.724920  12531.557496    105.094241
          623.312500 -14005.181052  12531.866519    104.999646
          623.406250 -14005.637184  12532.406837    104.999935
          623.500000 -14006.093317  12532.715860    104.905341
          623.625000 -14006.549449  12533.256178    104.905629
          623.718750 -14007.005581  12533.565201    104.811035
          623.812500 -14007.461714  12533.874224    104.716440
          623.906250 -14007.917846  12534.183246    104.621846
          624.000000 -14008.373979  12534.723564    104.622135
          624.125000 -14008.830111  12535.032587    104.527540
          624.218750 -14009.286243  12535.341610    104.432946
          624.312500 -14009.742376  12535.650633    104.338352
          624.406250 -14010.403309  12536.017834    104.760644
          624.500000 -14010.654640  12536.499974    104.244046
          624.625000 -14011.315573  12536.635880    104.571455
          624.718750 -14011.999772  12536.983767    104.382122
          624.812500 -14012.455904  12537.524085    104.382411
          624.906250 -14012.683970  12537.794244    104.382555
          625.000000 -14013.140103  12538.103266    104.287961
          625.125000 -14013.596235  12538.412289    104.193366
          625.218750 -14014.257168  12538.548196    104.520776
          625.312500 -14014.713300  12539.088514    104.521065
          625.406250 -14015.169433  12539.397536    104.426470
          625.500000 -14015.625565  12539.706559    104.331876
          625.625000 -14016.081697  12540.015582    104.237282
          625.718750 -14016.742630  12540.151489    104.564691
          625.812500 -14016.970697  12540.652942    104.659718
          625.906250 -14017.426829  12540.961965    104.565124
          626.000000 -14017.882961  12541.270988    104.470530
          626.125000 -14018.339094  12541.580011    104.375935
          626.218750 -14018.771960  12541.677053    104.798084
          626.312500 -14019.456159  12542.024941    104.608751
          626.406250 -14019.912291  12542.333963    104.514156
          626.500000 -14020.140358  12542.604122    104.514301
          626.625000 -14020.824556  12542.952009    104.324968
          626.718750 -14021.485489  12543.087916    104.652377
          626.812500 -14021.941621  12543.396939    104.557783
          626.906250 -14022.374488  12543.493981    104.979931
          627.000000 -14022.830620  12543.803004    104.885337
          627.125000 -14023.286753  12544.343322    104.885626
          627.218750 -14023.742885  12544.652345    104.791031
          627.312500 -14024.403818  12544.788251    105.118441
          627.406250 -14024.859950  12545.097274    105.023847
          627.500000 -14025.316083  12545.406297    104.929252
          627.625000 -14025.748950  12545.503339    105.351400
          627.718750 -14026.205082  12545.812362    105.256806
          627.812500 -14026.661214  12546.121385    105.162212
          627.906250 -14027.322147  12546.488586    105.584504
          628.000000 -14027.778280  12546.797609    105.489910
          628.125000 -14028.211146  12546.894652    105.912058
          628.218750 -14028.667279  12547.203675    105.817464
          628.312500 -14029.123411  12547.512697    105.722870
          628.406250 -14029.784344  12547.648604    106.050279
          628.500000 -14030.240476  12547.957627    105.955685
          628.625000 -14030.673343  12548.054669    106.377833
          628.718750 -14031.129475  12548.594987    106.378122
          628.812500 -14031.790408  12548.730893    106.705531
          628.906250 -14032.018475  12549.001052    106.705676
          629.000000 -14032.474607  12549.310075    106.611081
          629.125000 -14033.135540  12549.445982    106.938491
          629.218750 -14033.363606  12549.716140    106.938635
          629.312500 -14033.819738  12550.256458    106.938924
          629.406250 -14034.480671  12550.392365    107.266333
          629.500000 -14034.936804  12550.701387    107.171739
          629.625000 -14035.392936  12551.010410    107.077145
          629.718750 -14035.825803  12551.107453    107.499293
          629.812500 -14036.281935  12551.416476    107.404699
          629.906250 -14036.510001  12551.686635    107.404843
          630.000000 -14037.194200  12552.034522    107.215510
          630.125000 -14037.627067  12552.131564    107.637658
          630.218750 -14038.083199  12552.440587    107.543064
          630.312500 -14038.744132  12552.576493    107.870474
          630.406250 -14038.972198  12553.077947    107.965501
          630.500000 -14039.428330  12553.386970    107.870906
          630.625000 -14040.089263  12553.522876    108.198316
          630.718750 -14040.545396  12553.831899    108.103722
          630.812500 -14040.978262  12553.928942    108.525870
          630.906250 -14041.434395  12554.237964    108.431276
          631.000000 -14042.095328  12554.373871    108.758685
          631.125000 -14042.323394  12554.644030    108.758830
          631.218750 -14042.779526  12554.953053    108.664235
          631.312500 -14043.440459  12555.088959    108.991645
          631.406250 -14043.896592  12555.397982    108.897051
          631.500000 -14044.557524  12555.533889    109.224460
          631.625000 -14044.785591  12556.035342    109.319487
          631.718750 -14045.446524  12556.171249    109.646897
          631.812500 -14045.902656  12556.480271    109.552303
          631.906250 -14046.563589  12556.616178    109.879713
          632.000000 -14047.019721  12556.925201    109.785118
          632.125000 -14047.452588  12557.022243    110.207267
          632.218750 -14047.908720  12557.099971    110.017789
          632.312500 -14048.569653  12557.235878    110.345199
          632.406250 -14049.025786  12557.544901    110.250605
          632.500000 -14049.686718  12557.449513    110.483132
          632.625000 -14049.914785  12557.719671    110.483276
          632.718750 -14050.803784  12557.663147    110.621064
          632.812500 -14051.031850  12557.933306    110.621208
          632.906250 -14051.692783  12558.069212    110.948618
          633.000000 -14052.148915  12558.146941    110.759141
          633.125000 -14052.809848  12558.282847    111.086551
          633.218750 -14053.265980  12558.360575    110.897074
          633.312500 -14053.926913  12558.496482    111.224483
          633.406250 -14054.383046  12558.574210    111.035006
          633.500000 -14055.043979  12558.478822    111.267533
          633.625000 -14055.500111  12558.787845    111.172939
          633.718750 -14055.932978  12558.653592    111.500204
          633.812500 -14056.617176  12558.770185    111.215988
          633.906250 -14057.050043  12558.867227    111.638137
          634.000000 -14057.734242  12558.983819    111.353921
          634.125000 -14058.190374  12559.061547    111.164444
          634.218750 -14058.851307  12558.966159    111.396971
          634.312500 -14059.307439  12559.275182    111.302376
          634.406250 -14059.968372  12559.179794    111.534903
          634.500000 -14060.424505  12559.257522    111.345426
          634.625000 -14060.880637  12559.335250    111.155949
          634.718750 -14061.541570  12559.239862    111.388476
          634.812500 -14061.769636  12559.510021    111.388620
          634.906250 -14062.453835  12559.626613    111.104405
          635.000000 -14063.114767  12559.531225    111.336931
          635.125000 -14063.570900  12559.608953    111.147454
          635.218750 -14064.231833  12559.513565    111.379981
          635.312500 -14064.687965  12559.591293    111.190504
          635.406250 -14065.144097  12559.669021    111.001027
          635.500000 -14065.600230  12559.746749    110.811550
          635.625000 -14066.261163  12559.651361    111.044077
          635.718750 -14066.717295  12559.729089    110.854599
          635.812500 -14067.378228  12559.633701    111.087126
          635.906250 -14067.834360  12559.711429    110.897649
          636.000000 -14068.290493  12559.789157    110.708172
          636.125000 -14068.951426  12559.693769    110.940699
          636.218750 -14069.407558  12559.771497    110.751222
          636.312500 -14069.863690  12559.617931    110.466862
          636.406250 -14070.524623  12559.522543    110.699389
          636.500000 -14070.980756  12559.600271    110.509912
          636.625000 -14071.436888  12559.677999    110.320435
          636.718750 -14072.097821  12559.582611    110.552961
          636.812500 -14072.553953  12559.660339    110.363484
          636.906250 -14073.214886  12559.564951    110.596011
          637.000000 -14073.671019  12559.411384    110.311651
          637.125000 -14074.127151  12559.489112    110.122174
          637.218750 -14074.788084  12559.393724    110.354701
          637.312500 -14075.244216  12559.471452    110.165224
          637.406250 -14075.700349  12559.317886    109.880864
          637.500000 -14076.361282  12559.222497    110.113391
          637.625000 -14076.817414  12559.300226    109.923914
          637.718750 -14077.022214  12558.895814    110.251035
          637.812500 -14077.478347  12558.973543    110.061558
          637.906250 -14078.139280  12558.646860    110.199202
          638.000000 -14078.595412  12558.724588    110.009725
          638.125000 -14079.028279  12558.359041    110.242107
          638.218750 -14079.256345  12558.166610    110.052486
          638.312500 -14079.940544  12558.051908    109.673387
          638.406250 -14080.373410  12557.686360    109.905770
          638.500000 -14080.829543  12557.532794    109.621410
          638.625000 -14081.034343  12557.128383    109.948531
          638.718750 -14081.490476  12556.974816    109.664171
          638.812500 -14082.151409  12556.648133    109.801816
          638.906250 -14082.379475  12556.224408    109.517311
          639.000000 -14082.584275  12555.819997    109.844433
          639.125000 -14083.040408  12555.435135    109.465190
          639.218750 -14083.245208  12555.030724    109.792311
          639.312500 -14083.473274  12554.838294    109.602690
          639.406250 -14086.782529  12556.442294    105.692637
          639.500000 -14087.010595  12556.018568    105.408132
          639.625000 -14087.215396  12555.614157    105.735254
          639.718750 -14087.671528  12555.460591    105.450894
          639.812500 -14087.396931  12554.766471    106.484235
          639.906250 -14087.601731  12554.130765    106.716473
          640.000000 -14087.578466  12553.687490    107.138333
          640.125000 -14088.011332  12553.321942    107.370716
          640.218750 -14088.216133  12552.917531    107.697837
          640.312500 -14088.216133  12552.454942    107.508071
          640.406250 -14088.420933  12552.050531    107.835193
          640.500000 -14088.625734  12551.646119    108.162314
          640.625000 -14088.830535  12551.010413    108.394552
          640.718750 -14089.263401  12550.644866    108.626935
          640.812500 -14089.970865  12550.742144    107.731094
          640.906250 -14089.947600  12550.298869    108.152954
          641.000000 -14090.608533  12549.972186    108.290598
          641.125000 -14090.836599  12549.779755    108.100976
          641.218750 -14091.269466  12549.414208    108.333359
          641.312500 -14091.953664  12549.299506    107.954260
          641.406250 -14092.409797  12549.145939    107.669900
          641.500000 -14092.842663  12548.780392    107.902283
          641.625000 -14093.298796  12548.626826    107.617923
          641.718750 -14093.982994  12548.743418    107.333707
          641.812500 -14094.415861  12548.377871    107.566090
          641.906250 -14094.871993  12548.224304    107.281730
          642.000000 -14095.328126  12548.070738    106.997370
          642.125000 -14096.012324  12548.187330    106.713155
          642.218750 -14096.924589  12548.111492    106.239317
          642.312500 -14097.585522  12547.784809    106.376962
          642.406250 -14097.790322  12547.380398    106.704083
          642.500000 -14098.474521  12547.265695    106.324984
          642.625000 -14099.158720  12547.382288    106.040769
          642.718750 -14099.842918  12547.267585    105.661670
          642.812500 -14100.299050  12547.114019    105.377310
          642.906250 -14100.731917  12546.979766    105.704576
          643.000000 -14101.392850  12546.653083    105.842220
          643.125000 -14101.825717  12546.287536    106.074602
          643.218750 -14102.509915  12546.404128    105.790387
          643.312500 -14102.942782  12546.038581    106.022769
          643.406250 -14103.603715  12545.943193    106.255296
          643.500000 -14104.059847  12545.789626    105.970936
          643.625000 -14104.720780  12545.694238    106.203463
          643.718750 -14105.609779  12545.406419    106.246369
          643.812500 -14106.042646  12545.272167    106.573634
          643.906250 -14106.703579  12545.176779    106.806161
          644.000000 -14107.136446  12544.811232    107.038544
          644.125000 -14107.569312  12544.676979    107.365809
          644.218750 -14108.002179  12544.311432    107.598192
          644.312500 -14108.663112  12544.216044    107.830719
          644.406250 -14109.552111  12543.928225    107.873624
          644.500000 -14109.984978  12543.793972    108.200890
          644.625000 -14110.189778  12543.389561    108.528011
          644.718750 -14110.827446  12543.082192    109.277281
          644.812500 -14111.260312  12542.716645    109.509663
          644.906250 -14111.465113  12542.312234    109.836784
          645.000000 -14109.500990  12540.498143    113.600266
          645.125000 -14109.933856  12540.132596    113.832649
          645.218750 -14110.594789  12540.037208    114.065176
          645.312500 -14111.232457  12539.498544    114.719562
          645.406250 -14111.437257  12539.094133    115.046684
          645.500000 -14111.846858  12538.747900    115.890692
          645.625000 -14112.279725  12538.382353    116.123074
          645.718750 -14112.484526  12537.977942    116.450196
          645.812500 -14113.122193  12537.670573    117.199465
          645.906250 -14113.326993  12537.266162    117.526586
          646.000000 -14113.987926  12536.939479    117.664230
          646.125000 -14114.420793  12536.805226    117.991496
          646.218750 -14114.853660  12536.439679    118.223879
          646.312500 -14115.286526  12536.074132    118.456261
          646.406250 -14115.719393  12535.708585    118.688644
          646.500000 -14116.152260  12535.574332    119.015909
          646.625000 -14116.789927  12535.035669    119.670296
          646.718750 -14117.450860  12534.940281    119.902823
          646.812500 -14117.883727  12534.574733    120.135206
          646.906250 -14118.544660  12534.248050    120.272850
          647.000000 -14118.977526  12534.113798    120.600115
          647.125000 -14119.410393  12533.748251    120.832498
          647.218750 -14120.071326  12533.421568    120.970142
          647.312500 -14120.504193  12533.287316    121.297408
          647.406250 -14120.937060  12532.921768    121.529790
          647.500000 -14121.597992  12532.595085    121.667434
          647.625000 -14122.966390  12532.828270    121.099003
          647.718750 -14122.463726  12532.095286    122.227083
          647.812500 -14123.124659  12531.768603    122.364727
          647.906250 -14123.557526  12531.634351    122.691992
          648.000000 -14124.218458  12531.307668    122.829636
          648.125000 -14124.651325  12530.942120    123.062019
          648.218750 -14125.288992  12530.403457    123.716406
          648.312500 -14125.721859  12530.037910    123.948788
          648.406250 -14127.341588  12530.521939    122.768876
          648.500000 -14128.002521  12530.195256    122.906520
          648.625000 -14128.458653  12530.041690    122.622160
          648.718750 -14129.119586  12529.946301    122.854687
          648.812500 -14129.780519  12529.619618    122.992331
          648.906250 -14130.441452  12529.292935    123.129975
          649.000000 -14131.102385  12528.966252    123.267619
          649.125000 -14131.558517  12528.812686    122.983259
          649.218750 -14132.219450  12528.486003    123.120903
          649.312500 -14133.108449  12527.966889    123.068926
          649.406250 -14133.564582  12527.813323    122.784566
          649.500000 -14134.453581  12527.525504    122.827471
          649.625000 -14135.137779  12527.410801    122.448373
          649.718750 -14135.798712  12527.084118    122.586017
          649.812500 -14136.482911  12526.738121    122.112036
          649.906250 -14137.143844  12526.411438    122.249680
          650.000000 -14137.599976  12526.257872    121.965320
          650.125000 -14138.488975  12525.738758    121.913343
          650.218750 -14139.149908  12525.412075    122.050987
          650.312500 -14139.606041  12525.258508    121.766627
          650.406250 -14140.495040  12524.739395    121.714649
          650.500000 -14141.155973  12524.412712    121.852294
          650.625000 -14141.612105  12524.259145    121.567934
          650.718750 -14142.273038  12523.701167    121.610695
          650.812500 -14143.162037  12523.413349    121.653600
          650.906250 -14143.822970  12522.855371    121.696362
          651.000000 -14144.279102  12522.701804    121.412002
          651.125000 -14144.940035  12522.143826    121.454763
          651.218750 -14145.829034  12521.856008    121.497669
          651.312500 -14146.489967  12521.529325    121.635313
          651.406250 -14146.946100  12521.144463    121.256070
          651.500000 -14147.835099  12520.856644    121.298975
          651.625000 -14148.496032  12520.298667    121.341737
          651.718750 -14149.156964  12519.971984    121.479381
          651.812500 -14149.613097  12519.587122    121.100138
          651.906250 -14150.502096  12519.299303    121.143044
          652.000000 -14151.163029  12518.972620    121.280688
          652.125000 -14151.344564  12518.124934    122.029669
          652.218750 -14152.028762  12518.010232    121.650570
          652.312500 -14152.689695  12517.452254    121.693332
          652.406250 -14153.122562  12517.086707    121.925714
          652.500000 -14154.011561  12516.567593    121.873737
          652.625000 -14154.444428  12516.202046    122.106120
          652.718750 -14155.105361  12515.644068    122.148881
          652.812500 -14155.766294  12515.317385    122.286525
          652.906250 -14156.427226  12514.759407    122.329286
          653.000000 -14157.088159  12514.432724    122.466930
          653.125000 -14157.977158  12513.913611    122.414953
          653.218750 -14158.912689  12514.049753    121.424373
          653.312500 -14159.573622  12513.723070    121.562017
          653.406250 -14160.234555  12513.396387    121.699662
          653.500000 -14160.895488  12512.838409    121.742423
          653.625000 -14161.761221  12512.338610    122.302071
          653.718750 -14161.942756  12511.722218    123.145935
          653.812500 -14163.311153  12511.724108    122.482621
          653.906250 -14163.972086  12511.397425    122.620265
          654.000000 -14164.633019  12510.839447    122.663026
          654.125000 -14165.293952  12510.512764    122.800670
          654.218750 -14166.159685  12510.012965    123.360318
          654.312500 -14166.341220  12509.396573    124.204182
          654.406250 -14166.774087  12509.031026    124.436565
          654.500000 -14167.435020  12508.704343    124.574209
          654.625000 -14168.072687  12508.165679    125.228596
          654.718750 -14168.733620  12507.838996    125.366240
          654.812500 -14169.394553  12507.512313    125.503884
          654.906250 -14170.534884  12507.475339    124.935308
          655.000000 -14170.693153  12506.646967    126.295915
          655.125000 -14171.354086  12506.320284    126.433559
          655.218750 -14171.991753  12505.781620    127.087946
          655.312500 -14172.652686  12505.454937    127.225590
          655.406250 -14173.085553  12505.089390    127.457972
          655.500000 -14173.746486  12504.762707    127.595616
          655.625000 -14174.612219  12504.262907    128.155265
          655.718750 -14175.045086  12503.897360    128.387647
          655.812500 -14175.682753  12503.358697    129.042034
          655.906250 -14176.343686  12503.263308    129.274561
          656.000000 -14176.776553  12502.897761    129.506944
          656.125000 -14177.437486  12502.571078    129.644588
          656.218750 -14178.075153  12502.032415    130.298974
          656.312500 -14178.508020  12501.666868    130.531357
          656.406250 -14179.168953  12501.340185    130.669001
          656.500000 -14179.806620  12501.032816    131.418271
          656.625000 -14180.467553  12500.706133    131.555915
          656.718750 -14180.900420  12500.340586    131.788297
          656.812500 -14181.538087  12499.801922    132.442684
          656.906250 -14182.199020  12499.475239    132.580328
          657.000000 -14182.631887  12499.340987    132.907594
          657.125000 -14183.497620  12498.841187    133.467242
          657.218750 -14183.930487  12498.475640    133.699625
          657.312500 -14184.363353  12498.110093    133.932007
          657.406250 -14185.024286  12498.014705    134.164534
          657.500000 -14185.661954  12497.476041    134.818921
          657.625000 -14186.322887  12497.149358    134.956565
          657.718750 -14186.755753  12496.783811    135.188948
          657.812500 -14187.188620  12496.649559    135.516213
          657.906250 -14187.826287  12496.110895    136.170600
          658.000000 -14188.487220  12495.784212    136.308244
          658.125000 -14188.920087  12495.418665    136.540627
          658.218750 -14189.078356  12494.590292    137.901233
          658.312500 -14189.739289  12494.494904    138.133760
          658.406250 -14190.400222  12494.168221    138.271404
          658.500000 -14190.833089  12493.802674    138.503787
          658.625000 -14191.470756  12493.495305    139.253056
          658.718750 -14192.154955  12493.380603    138.873958
          658.812500 -14192.564556  12492.803075    139.623083
          658.906250 -14192.997422  12492.437528    139.855466
          659.000000 -14193.658355  12492.342140    140.087993
          659.125000 -14195.026752  12492.344030    139.424679
          659.218750 -14195.687685  12492.248641    139.657205
          659.312500 -14196.120552  12491.883094    139.889588
          659.406250 -14196.758219  12491.344431    140.543975
          659.500000 -14197.191086  12490.978884    140.776357
          659.625000 -14197.852019  12490.883495    141.008884
          659.718750 -14198.512952  12490.556812    141.146528
          659.812500 -14199.150619  12490.018149    141.800915
          659.906250 -14199.811552  12489.691466    141.938559
          660.000000 -14200.472485  12489.364783    142.076203
          660.125000 -14200.905352  12489.230530    142.403469
          660.218750 -14201.338218  12488.633688    142.540969
          660.312500 -14201.771085  12488.268141    142.773351
          660.406250 -14202.408752  12487.729478    143.427738
          660.500000 -14202.864885  12487.575911    143.143378
          660.625000 -14203.525818  12487.017933    143.186140
          660.718750 -14203.981950  12486.864367    142.901780
          660.812500 -14204.642883  12486.306389    142.944541
          660.906250 -14205.303816  12485.979706    143.082185
          661.000000 -14205.759948  12485.594845    142.702942
          661.125000 -14206.216081  12481.509268    140.805575
          661.218750 -14206.648947  12481.606310    141.227723
          661.312500 -14206.123018  12483.899472    144.200904
          661.406250 -14207.561212  12480.373998    140.279472
          661.500000 -14207.994079  12479.083272    140.132323
          661.625000 -14208.222145  12480.509905    140.606881
          661.718750 -14208.883078  12479.720632    140.554760
          661.812500 -14208.655012  12478.756589    140.269967
          661.906250 -14209.292679  12480.762168    141.968065
          662.000000 -14209.315945  12480.048969    141.071791
          662.125000 -14209.976878  12479.028402    140.924787
          662.218750 -14209.976878  12478.103223    140.545255
          662.312500 -14210.204944  12477.448203    140.165868
          662.406250 -14210.409744  12480.513213    141.916232
          662.500000 -14210.251475  12473.477564    137.329610
          662.625000 -14210.479541  12471.897365    136.570692
          662.718750 -14210.251475  12471.164617    136.380782
          662.812500 -14210.479541  12470.740892    136.096278
          662.906250 -14210.274741  12470.451419    135.484508
          663.000000 -14210.730873  12470.066558    135.105265
          663.125000 -14213.058066  12472.498223    133.788574
          663.218750 -14212.578668  12471.283335    134.115262
          663.312500 -14213.286132  12471.611908    133.314304
          663.406250 -14213.309398  12471.361299    132.607796
          663.500000 -14214.221663  12471.748050    132.323724
          663.625000 -14214.701061  12471.806464    131.522622
          663.718750 -14214.929127  12471.382739    131.238117
          663.812500 -14214.701061  12470.881285    131.143090
          663.906250 -14214.701061  12470.187401    130.858442
          664.000000 -14214.929127  12469.994971    130.668821
          664.125000 -14215.157193  12469.802540    130.479199
          664.218750 -14216.953867  12468.745709    135.690252
          664.312500 -14217.158667  12468.572593    136.112256
          664.406250 -14217.591534  12468.438340    136.439522
          664.500000 -14216.521000  12469.805141    135.742518
          664.625000 -14216.339465  12468.571175    134.139592
          664.718750 -14216.339465  12467.414701    133.665178
          664.812500 -14215.906598  12467.780248    133.432795
          664.906250 -14216.111399  12467.607132    133.854799
          665.000000 -14216.544266  12466.778995    133.897416
          665.125000 -14216.977132  12465.950858    133.940033
          665.218750 -14217.000398  12458.761408    130.387041
          665.312500 -14216.977132  12458.086838    130.714018
          665.406250 -14216.544266  12457.527206    130.102104
          665.500000 -14216.111399  12456.967574    129.490190
          665.625000 -14215.268931  12456.754175    128.034268
          665.718750 -14214.836064  12456.425838    127.517237
          665.812500 -14213.788796  12447.827650    122.128647
          665.906250 -14212.923062  12445.089324    120.240639
          666.000000 -14212.578668  12465.269672    131.648309
          666.125000 -14212.145801  12464.247451    130.846630
          666.218750 -14211.280068  12463.128187    129.622802
          666.312500 -14210.823936  12461.662691    129.242982
          666.406250 -14210.163003  12461.295489    128.820690
          666.500000 -14209.502070  12461.159583    128.493280
          666.625000 -14208.841137  12461.023676    128.165870
          666.718750 -14208.385004  12460.483359    128.165582
          666.812500 -14207.724072  12459.884863    127.648407
          666.906250 -14207.267939  12458.881956    127.458353
          667.000000 -14207.039873  12458.611797    127.458208
          667.125000 -14206.355674  12458.032615    127.552658
          667.218750 -14205.694742  12457.434119    127.035483
          667.312500 -14205.238609  12456.893802    127.035195
          667.406250 -14204.577676  12456.526600    126.612902
          667.500000 -14203.711943  12456.332516    125.768605
          667.625000 -14203.051010  12455.965314    125.346313
          667.718750 -14202.390077  12455.829408    125.018903
          667.812500 -14202.934682  12455.368001    128.119792
          667.906250 -14202.273749  12455.463389    127.887265
          668.000000 -14201.817616  12455.616956    128.171625
          668.125000 -14201.133418  12455.731658    128.550723
          668.218750 -14200.677285  12455.885225    128.835083
          668.312500 -14200.267684  12456.694047    128.180841
          668.406250 -14199.606751  12456.789436    127.948314
          668.500000 -14188.952848  12444.497328    132.223057
          668.625000 -14188.701516  12444.477778    132.929421
          668.718750 -14196.139227  12453.238271    129.359167
          668.812500 -14195.706361  12453.141228    128.937019
          668.906250 -14194.840627  12452.947144    128.092722
          669.000000 -14192.452818  12453.810125    120.719383
          669.125000 -14191.154217  12453.750293    119.547821
          669.218750 -14190.470019  12453.402406    119.737154
          669.312500 -14190.013887  12453.324678    119.926631
          669.406250 -14189.511223  12453.054283    121.244476
          669.500000 -14189.259891  12452.803438    121.855957
          669.625000 -14188.575693  12452.686846    122.140173
          669.718750 -14188.324361  12452.667296    122.846537
          669.812500 -14187.640162  12452.550704    123.130753
          669.906250 -14187.388830  12452.299859    123.742234
          670.000000 -14186.909432  12452.241445    124.543337
          670.125000 -14186.453300  12452.163717    124.732814
          670.218750 -14185.973902  12451.874008    125.439034
          670.312500 -14185.517770  12451.796280    125.628511
          670.406250 -14185.038372  12451.506571    126.334730
          670.500000 -14184.582239  12451.428843    126.524208
          670.625000 -14184.102841  12451.139134    127.230427
          670.718750 -14183.646709  12451.061406    127.419905
          670.812500 -14182.962510  12450.944814    127.704120
          670.906250 -14182.506378  12450.867086    127.893597
          671.000000 -14181.822179  12450.750493    128.177813
          671.125000 -14181.366047  12450.441470    128.272407
          671.218750 -14180.477048  12450.266700    128.039736
          671.312500 -14179.816115  12450.362088    127.807209
          671.406250 -14179.131916  12450.014201    127.996542
          671.500000 -14178.242917  12449.839430    127.763871
          671.625000 -14177.581984  12449.934819    127.531344
          671.718750 -14176.897786  12449.586932    127.720677
          671.812500 -14176.213587  12449.470339    128.004893
          671.906250 -14175.529389  12449.122452    128.194226
          672.000000 -14174.868456  12449.217841    127.961699
          672.125000 -14173.979457  12449.043070    127.729028
          672.218750 -14173.295258  12448.926478    128.013243
          672.312500 -14173.686184  12450.217911    124.206424
          672.406250 -14172.843716  12450.467102    122.940267
          672.500000 -14172.206049  12450.774471    122.190998
          672.625000 -14171.340315  12451.042975    121.536467
          672.718750 -14170.702648  12451.119049    120.692314
          672.812500 -14170.041715  12451.214438    120.459788
          672.906250 -14169.380782  12451.309826    120.227261
          673.000000 -14168.696584  12450.961939    120.416594
          673.125000 -14167.807585  12451.018463    120.278805
          673.218750 -14167.123386  12450.670576    120.468138
          673.312500 -14166.439187  12450.322689    120.657471
          673.406250 -14165.550188  12450.147919    120.424800
          673.500000 -14164.865990  12449.800032    120.614133
          673.625000 -14163.087992  12449.450490    120.148791
          673.718750 -14162.948398  12448.409902    123.344129
          673.812500 -14165.289676  12447.816843    132.035602
          673.906250 -14164.833544  12447.507820    132.130196
          674.000000 -14164.149345  12447.159933    132.319529
          674.125000 -14164.284349  12446.813464    134.481527
          674.218750 -14162.576148  12446.405981    132.181308
          674.312500 -14162.711151  12446.059512    134.343306
          674.406250 -14162.050218  12445.692311    133.921013
          674.500000 -14161.775621  12445.229486    135.049237
          674.625000 -14160.295486  12445.092161    132.749163
          674.718750 -14160.202423  12444.475533    134.911016
          674.812500 -14159.541490  12444.339627    134.583606
          674.906250 -14158.061355  12443.971007    132.188649
          675.000000 -14153.965344  12443.732621    122.230443
          675.125000 -14153.257880  12443.404048    123.031401
          675.218750 -14152.983283  12442.941223    124.159625
          675.312500 -14152.503885  12442.651514    124.865845
          675.406250 -14152.024487  12442.361805    125.572065
          675.500000 -14151.545089  12442.072097    126.278284
          675.625000 -14151.293757  12441.821252    126.889766
          675.718750 -14150.586293  12441.261384    127.595841
          675.812500 -14149.902094  12441.144792    127.880057
          675.906250 -14149.422696  12440.855083    128.586277
          676.000000 -14148.738497  12440.507196    128.775610
          676.125000 -14148.054299  12440.621899    129.154708
          676.218750 -14147.598167  12440.544171    129.344185
          676.312500 -14146.685902  12440.157419    129.628257
          676.406250 -14146.229769  12440.310986    129.912617
          676.500000 -14145.773637  12440.464552    130.196977
          676.625000 -14145.089438  12440.347960    130.481192
          676.718750 -14144.633306  12440.501527    130.765552
          676.812500 -14144.177174  12440.655093    131.049912
          676.906250 -14143.492975  12440.538501    131.334128
          677.000000 -14142.580710  12440.151750    131.618200
          677.125000 -14141.691711  12439.976979    131.385528
          677.218750 -14141.007513  12439.860387    131.669744
          677.312500 -14140.551380  12439.782659    131.859221
          677.406250 -14140.118514  12440.379501    131.721721
          677.500000 -14139.434315  12440.031614    131.911054
          677.625000 -14138.750117  12439.915021    132.195270
          677.718750 -14138.293984  12439.605998    132.289864
          677.812500 -14137.404985  12439.662522    132.152076
          677.906250 -14136.948853  12439.353500    132.246670
          678.000000 -14136.311186  12439.660868    131.497401
          678.125000 -14135.398921  12439.042823    131.686590
          678.218750 -14135.147589  12439.023273    132.392954
          678.312500 -14134.486656  12438.887366    132.065544
          678.406250 -14133.597657  12438.712596    131.832873
          678.500000 -14133.141525  12438.866162    132.117233
          678.625000 -14133.141525  12439.328752    132.306998
          678.718750 -14132.229260  12438.710706    132.496187
          678.812500 -14131.545061  12438.594113    132.780403
          678.906250 -14131.088929  12438.285090    132.874997
          679.000000 -14130.199930  12438.341615    132.737209
          679.125000 -14129.515731  12438.225022    133.021424
          679.218750 -14129.287665  12438.417453    133.211046
          679.312500 -14128.375400  12438.030702    133.495117
          679.406250 -14127.644671  12437.490148    134.812818
          679.500000 -14126.732406  12437.334692    135.191773
          679.625000 -14126.253008  12436.813688    135.803109
          679.718750 -14125.364009  12436.870213    135.665321
          679.812500 -14124.884611  12436.580504    136.371541
          679.906250 -14123.995612  12436.405733    136.138870
          680.000000 -14123.311413  12436.289141    136.423086
          680.125000 -14122.422414  12436.114370    136.190414
          680.218750 -14121.966282  12436.036642    136.379892
          680.312500 -14121.486884  12435.746933    137.086111
          680.406250 -14122.920487  12436.154181    140.704319
          680.500000 -14121.393821  12435.824190    139.532613
          680.625000 -14120.504822  12435.418125    139.205059
          680.718750 -14119.615823  12435.012059    138.877505
          680.812500 -14118.931624  12434.664172    139.066838
          680.906250 -14118.042625  12434.258107    138.739284
          681.000000 -14117.358427  12433.678925    138.833734
          681.125000 -14116.697494  12433.311724    138.411442
          681.218750 -14116.492693  12433.484841    137.989438
          681.312500 -14115.831760  12433.348934    137.662028
          681.406250 -14115.147562  12432.769752    137.756478
          681.500000 -14114.235297  12431.920412    137.850784
          681.625000 -14113.551098  12431.572525    138.040117
          681.718750 -14112.662099  12431.166460    137.712563
          681.812500 -14112.205967  12430.857437    137.807157
          681.906250 -14111.270437  12430.027410    138.513089
          682.000000 -14110.837570  12429.930368    138.090940
          682.125000 -14109.948571  12429.524302    137.763386
          682.218750 -14109.264372  12429.176415    137.952719
          682.312500 -14108.603439  12428.809214    137.530427
          682.406250 -14108.147307  12428.500191    137.625021
          682.500000 -14107.919241  12428.461327    137.719760
          682.625000 -14107.006976  12427.380692    137.719183
          682.718750 -14106.322777  12427.032805    137.908516
          682.812500 -14105.866645  12426.492487    137.908227
          682.906250 -14105.182446  12426.144600    138.097560
          683.000000 -14104.726314  12425.372988    138.002389
          683.125000 -14104.042116  12425.025101    138.191722
          683.218750 -14103.585983  12424.484783    138.191433
          683.312500 -14102.696984  12423.847423    137.768996
          683.406250 -14102.240852  12423.307105    137.768708
          683.500000 -14101.556653  12422.959218    137.958041
          683.625000 -14100.872455  12422.380037    138.052491
          683.718750 -14100.188256  12421.800855    138.146941
          683.812500 -14099.527323  12421.202359    137.629766
          683.906250 -14098.843125  12420.623177    137.724216
          684.000000 -14098.158926  12420.275290    137.913549
          684.125000 -14097.702794  12419.734972    137.913260
          684.218750 -14097.018595  12418.924496    137.912828
          684.312500 -14096.129596  12418.518431    137.585274
          684.406250 -14095.673464  12417.978113    137.584985
          684.500000 -14094.989265  12417.398931    137.679435
          684.625000 -14094.305067  12417.051044    137.868768
          684.718750 -14093.620868  12416.471862    137.963218
          684.812500 -14092.959935  12416.104661    137.540926
          684.906250 -14092.275737  12415.525479    137.635376
          685.000000 -14091.591538  12414.946298    137.729826
          685.125000 -14090.907339  12414.367116    137.824276
          685.218750 -14090.451207  12413.826798    137.823988
          685.312500 -14089.767009  12413.247616    137.918438
          685.406250 -14089.106076  12412.880415    137.496145
          685.500000 -14088.421877  12412.301234    137.590595
          685.625000 -14087.737679  12411.722052    137.685045
          685.718750 -14087.053480  12411.142870    137.779496
          685.812500 -14086.597348  12410.602552    137.779207
          685.906250 -14085.913149  12410.023371    137.873657
          686.000000 -14085.024150  12409.617305    137.546103
          686.125000 -14084.568018  12409.076988    137.545815
          686.218750 -14083.883819  12408.497806    137.640265
          686.312500 -14083.222886  12408.130605    137.217972
          686.406250 -14082.538688  12407.320128    137.217540
          686.500000 -14081.649688  12406.914063    136.889986
          686.625000 -14081.193556  12406.373745    136.889697
          686.718750 -14080.532623  12405.775249    136.372522
          686.812500 -14079.643624  12405.369184    136.044968
          686.906250 -14079.187492  12404.828866    136.044680
          687.000000 -14078.526559  12404.230370    135.527504
          687.125000 -14077.637560  12403.824305    135.199950
          687.218750 -14077.181427  12403.052693    135.104779
          687.312500 -14076.520494  12402.685492    134.682486
          687.406250 -14075.836296  12402.106310    134.776937
          687.500000 -14075.175363  12401.507814    134.259761
          687.625000 -14074.514430  12401.140613    133.837469
          687.718750 -14073.830232  12400.561431    133.931919
          687.812500 -14073.169299  12399.962935    133.414743
          687.906250 -14072.485100  12399.383753    133.509194
          688.000000 -14071.824167  12399.016552    133.086901
          688.125000 -14071.368035  12398.244940    132.991730
          688.218750 -14070.479036  12397.838874    132.664176
          688.312500 -14069.794837  12397.259693    132.758626
          688.406250 -14069.133904  12396.892491    132.336333
          688.500000 -14068.677772  12396.352174    132.336045
          688.625000 -14067.993573  12395.772992    132.430495
          688.718750 -14067.104574  12395.366927    132.102941
          688.812500 -14066.648442  12394.826609    132.102653
          688.906250 -14065.964243  12394.247427    132.197103
          689.000000 -14065.075244  12393.841362    131.869549
          689.125000 -14064.391046  12393.493475    132.058882
          689.218750 -14063.706847  12392.914293    132.153332
          689.312500 -14063.045914  12392.778387    131.825922
          689.406250 -14062.133649  12392.391636    132.109994
          689.500000 -14061.449451  12392.043749    132.299327
          689.625000 -14060.765252  12391.695862    132.488659
          689.718750 -14059.876253  12391.521091    132.255988
          689.812500 -14059.192055  12391.404499    132.540204
          689.906250 -14058.303056  12391.229728    132.307533
          690.000000 -14057.846923  12391.152000    132.497010
          690.125000 -14056.957924  12391.208524    132.359222
          690.218750 -14056.273726  12391.091932    132.643437
          690.312500 -14055.612793  12391.418615    132.505793
          690.406250 -14054.928594  12391.302022    132.790009
          690.500000 -14054.267661  12391.397411    132.557482
          690.625000 -14053.606728  12391.724094    132.419838
          690.718750 -14052.945795  12392.050777    132.282194
          690.812500 -14052.489663  12392.204343    132.566554
          690.906250 -14051.828730  12392.531026    132.428910
          691.000000 -14051.167797  12392.857709    132.291266
          691.125000 -14050.939731  12393.281435    132.575770
          691.218750 -14050.278798  12393.608118    132.438126
          691.312500 -14046.638920  12394.372639    122.669974
          691.406250 -14046.001252  12394.680008    121.920704
          691.500000 -14043.543646  12395.369637    116.287359
          691.625000 -14050.344005  12395.169949    137.194062
          691.718750 -14048.295999  12395.513346    132.404725
          691.812500 -14044.632855  12396.297181    123.248198
          691.906250 -14045.610327  12396.395406    126.961001
          692.000000 -14046.178197  12396.839863    129.829795
          692.125000 -14046.564532  12397.438124    131.664960
          692.218750 -14048.086609  12397.074941    138.478650
          692.312500 -14047.267406  12397.536113    136.695751
          692.406250 -14045.242667  12398.554079    131.579437
          692.500000 -14045.992072  12398.613440    135.386978
          692.625000 -14045.126338  12398.881944    134.732447
          692.718750 -14044.693472  12399.247492    134.500064
          692.812500 -14044.032539  12399.574175    134.362420
          692.906250 -14043.371606  12400.132152    134.319659
          693.000000 -14043.143540  12400.555878    134.604163
          693.125000 -14042.915473  12400.979603    134.888667
          693.218750 -14042.482607  12401.345150    134.656285
          693.312500 -14041.821674  12401.903128    134.613523
          693.406250 -14041.593608  12402.326853    134.898028
          693.500000 -14041.342276  12402.538598    135.699274
          693.625000 -14041.114210  12402.962323    135.983779
          693.718750 -14040.658077  12403.578479    136.457904
          693.812500 -14040.430011  12404.002205    136.742408
          693.906250 -14039.973879  12404.387066    137.121651
          694.000000 -14039.745813  12405.042086    137.501038
          694.125000 -14039.289680  12405.426947    137.880281
          694.218750 -14039.084880  12406.062653    137.648042
          694.312500 -14038.605482  12406.235534    138.544028
          694.406250 -14038.172615  12407.063671    138.501411
          694.500000 -14037.921283  12407.275415    139.302657
          694.625000 -14036.282879  12408.197758    135.736859
          694.718750 -14035.417145  12408.466262    135.082328
          694.812500 -14035.370614  12408.504891    136.305579
          694.906250 -14034.504881  12409.004690    135.745931
          695.000000 -14033.639147  12409.273195    135.091400
          695.125000 -14032.773414  12409.541700    134.436869
          695.218750 -14031.907680  12410.041499    133.877221
          695.312500 -14031.474813  12410.175752    133.549956
          695.406250 -14031.018681  12410.560613    133.929198
          695.500000 -14029.924881  12410.790254    133.369406
          695.625000 -14029.263949  12410.885642    133.136879
          695.718750 -14028.626281  12411.424305    132.482492
          695.812500 -14027.965348  12411.750988    132.344848
          695.906250 -14027.076349  12411.807513    132.207060
          696.000000 -14026.620217  12411.961079    132.491420
          696.125000 -14025.959284  12412.287762    132.353776
          696.218750 -14025.298351  12412.614445    132.216132
          696.312500 -14024.637418  12412.941128    132.078488
          696.406250 -14024.181286  12413.094695    132.362848
          696.500000 -14023.292287  12413.613808    132.414825
          696.625000 -14022.836154  12413.767375    132.699185
          696.718750 -14022.175221  12414.094058    132.561541
          696.812500 -14021.719089  12414.247624    132.845901
          696.906250 -14020.830090  12414.535443    132.802995
          697.000000 -14020.169157  12414.862126    132.665351
          697.125000 -14019.713025  12415.015693    132.949711
          697.218750 -14019.052092  12415.342376    132.812067
          697.312500 -14018.800760  12415.785415    133.708196
          697.406250 -14018.139827  12415.880804    133.475670
          697.500000 -14017.250828  12416.399917    133.527647
          697.625000 -14016.794696  12416.553484    133.812007
          697.718750 -14016.133763  12416.880167    133.674363
          697.812500 -14015.244764  12417.167986    133.631457
          697.906250 -14014.583831  12417.494669    133.493813
          698.000000 -14013.922898  12417.821352    133.356169
          698.125000 -14013.033899  12418.109171    133.313263
          698.218750 -14012.577766  12418.262737    133.597623
          698.312500 -14011.916833  12418.589420    133.459979
          698.406250 -14011.027834  12418.877239    133.417074
          698.500000 -14010.366901  12419.203922    133.279430
          698.625000 -14009.477902  12419.723036    133.331407
          698.718750 -14008.816969  12419.818424    133.098880
          698.812500 -14008.156036  12420.376402    133.056119
          698.906250 -14007.267037  12420.664221    133.013213
          699.000000 -14006.606104  12420.990904    132.875569
          699.125000 -14005.945171  12421.317587    132.737925
          699.218750 -14005.260973  12421.432289    133.117024
          699.312500 -14004.600040  12421.758972    132.979379
          699.406250 -14003.711041  12422.046791    132.936474
          699.500000 -14003.050108  12422.373474    132.798830
          699.625000 -14002.161109  12422.661293    132.755924
          699.718750 -14001.295375  12422.929798    132.101393
          699.812500 -14000.839243  12423.083364    132.385753
          699.906250 -13999.950244  12423.371183    132.342848
          700.000000 -13999.289311  12423.697866    132.205204
          700.125000 -13998.400312  12423.985685    132.162298
          700.218750 -13997.739379  12424.312368    132.024654
          700.312500 -13996.850380  12424.600187    131.981749
          700.406250 -13995.961381  12424.888006    131.938843
          700.500000 -13995.300448  12425.214689    131.801199
          700.625000 -13994.411449  12425.502508    131.758293
          700.718750 -13993.522450  12425.790327    131.715388
          700.812500 -13992.861517  12426.117010    131.577744
          700.906250 -13991.972518  12426.404829    131.534838
          701.000000 -13991.083519  12426.692648    131.491933
          701.125000 -13990.422586  12427.019331    131.354289
          701.218750 -13989.533587  12427.307149    131.311383
          701.312500 -13988.872654  12427.633832    131.173739
          701.406250 -13987.983655  12428.152946    131.225716
          701.500000 -13987.322722  12428.710924    131.182955
          701.625000 -13986.661789  12429.037607    131.045311
          701.718750 -13986.000856  12429.595585    131.002550
          701.812500 -13985.339923  12430.153562    130.959788
          701.906250 -13984.678990  12430.711540    130.917027
          702.000000 -13984.246123  12431.308382    130.779527
          702.125000 -13983.813257  12431.905224    130.642027
          702.218750 -13983.357124  12432.290085    131.021270
          702.312500 -13982.924258  12432.886927    130.883770
          702.406250 -13982.491391  12433.483769    130.746270
          702.500000 -13982.263325  12434.138789    131.125657
          702.625000 -13981.830458  12434.735631    130.988157
          702.718750 -13981.397591  12435.332472    130.850658
          702.812500 -13981.169525  12435.756198    131.135162
          702.906250 -13980.964724  12436.623198    130.997806
          703.000000 -13980.531858  12437.220040    130.860306
          703.125000 -13980.303792  12437.643766    131.144810
          703.218750 -13979.870925  12438.471902    131.102193
          703.312500 -13979.438058  12439.068744    130.964693
          703.406250 -13979.438058  12439.531334    131.154459
          703.500000 -13979.005191  12440.128175    131.016959
          703.625000 -13978.572325  12440.956312    130.974342
          703.718750 -13978.344258  12441.380037    131.258846
          703.812500 -13977.911392  12441.976879    131.121346
          703.906250 -13977.478525  12442.573721    130.983847
          704.000000 -13977.478525  12443.036310    131.173612
          704.125000 -13977.045658  12443.633152    131.036112
          704.218750 -13976.612792  12444.229994    130.898612
          704.312500 -13976.179925  12444.826836    130.761113
          704.406250 -13975.951859  12445.250561    131.045617
          704.500000 -13975.518992  12445.847403    130.908117
          704.625000 -13975.086125  12446.444245    130.770617
          704.718750 -13974.653258  12447.041087    130.633117
          704.812500 -13974.653258  12447.503676    130.822883
          704.906250 -13974.220392  12448.100518    130.685383
          705.000000 -13973.992326  12448.755538    131.064770
          705.125000 -13973.559459  12449.352380    130.927270
          705.218750 -13973.126592  12449.717927    130.694887
          705.312500 -13972.921792  12450.353633    130.462649
          705.406250 -13972.693725  12451.008653    130.842036
          705.500000 -13972.260859  12451.374200    130.609653
          705.625000 -13971.827992  12452.202337    130.567036
          705.718750 -13971.827992  12452.664926    130.756802
          705.812500 -13971.395125  12453.261768    130.619302
          705.906250 -13971.190325  12453.897474    130.387064
          706.000000 -13970.962258  12454.321200    130.671568
          706.125000 -13970.757458  12454.956905    130.439329
          706.218750 -13970.757458  12455.650790    130.723978
          706.312500 -13970.324591  12456.247632    130.586478
          706.406250 -13970.324591  12456.710221    130.776243
          706.500000 -13970.119791  12457.345927    130.544005
          706.625000 -13969.686924  12458.174064    130.501388
          706.718750 -13969.914990  12458.675517    130.596415
          706.812500 -13969.482123  12459.272359    130.458915
          706.906250 -13969.277323  12459.908065    130.226677
          707.000000 -13969.072522  12460.543771    129.994438
          707.125000 -13968.867722  12461.179477    129.762200
          707.218750 -13968.867722  12461.873361    130.046848
          707.312500 -13968.662921  12462.277772    129.719727
          707.406250 -13968.458121  12463.144773    129.582371
          707.500000 -13968.458121  12463.607362    129.772137
          707.625000 -13968.914253  12464.378975    129.867308
          707.718750 -13968.914253  12464.841564    130.057074
          707.812500 -13968.709452  12465.477270    129.824835
          707.906250 -13968.937519  12465.978724    129.919862
          708.000000 -13968.937519  12466.672608    130.204511
          708.125000 -13968.960784  12467.347178    129.877534
          708.218750 -13968.960784  12468.041062    130.162182
          708.312500 -13968.984050  12468.715632    129.835205
          708.406250 -13968.984050  12469.178222    130.024971
          708.500000 -13969.235382  12469.891656    129.603255
          708.625000 -13969.440182  12470.181129    130.215025
          708.718750 -13969.668248  12470.913877    130.404935
          708.812500 -13969.691514  12471.588447    130.077958
          708.906250 -13968.602305  12473.205145    124.160829
          709.000000 -13968.648836  12473.860401    123.222227
          709.125000 -13968.876902  12474.130560    123.222371
          709.218750 -13969.309769  12474.690192    123.834285
          709.312500 -13969.333035  12475.364762    123.507308
          709.406250 -13969.789167  12475.905079    123.507596
          709.500000 -13970.222034  12476.233417    124.024627
          709.625000 -13970.654900  12476.561754    124.541659
          709.718750 -13971.111033  12477.102071    124.541947
          709.812500 -13971.543899  12477.430408    125.058978
          709.906250 -13971.953501  12477.546765    126.092752
          710.000000 -13972.614433  12478.145261    126.609927
          710.125000 -13973.047300  12478.242303    127.032075
          710.218750 -13973.708233  12478.609504    127.454368
          710.312500 -13974.141100  12478.937841    127.971399
          710.406250 -13975.211634  12479.190104    129.332583
          710.500000 -13975.849301  12479.345325    130.271618
          710.625000 -13976.305433  12479.654348    130.177023
          710.718750 -13976.966366  12479.790254    130.504433
          710.812500 -13977.422499  12480.099277    130.409839
          710.906250 -13977.878631  12480.177006    130.220362
          711.000000 -13978.334763  12480.486028    130.125767
          711.125000 -13978.995696  12480.621935    130.453177
          711.218750 -13979.451829  12480.699663    130.263700
          711.312500 -13980.112762  12480.835570    130.591110
          711.406250 -13980.568894  12480.913298    130.401632
          711.500000 -13981.025026  12481.222321    130.307038
          711.625000 -13981.685959  12481.126932    130.539565
          711.718750 -13982.142092  12481.435955    130.444971
          711.812500 -13982.621490  12481.725664    129.738751
          711.906250 -13983.077622  12481.803392    129.549274
          712.000000 -13983.328954  12482.054237    128.937792
          712.125000 -13984.013152  12482.170829    128.653577
          712.218750 -13984.469285  12482.479852    128.558982
          712.312500 -13984.925417  12482.557580    128.369505
          712.406250 -13985.609616  12482.674173    128.085290
          712.500000 -13985.860948  12482.925017    127.473808
          712.625000 -13986.749947  12482.868493    127.611597
          712.718750 -13987.001278  12483.350633    127.094998
          712.812500 -13987.890278  12483.294109    127.232787
          712.906250 -13988.346410  12483.603131    127.138192
          713.000000 -13989.030608  12483.719724    126.853977
          713.125000 -13989.919608  12483.894494    127.086648
          713.218750 -13990.375740  12483.972223    126.897171
          713.312500 -13991.264739  12484.146993    127.129842
          713.406250 -13992.153738  12484.321764    127.362513
          713.500000 -13992.837937  12484.438356    127.078297
          713.625000 -13993.498870  12484.574262    127.405707
          713.718750 -13994.387869  12484.749033    127.638378
          713.812500 -13995.072067  12484.865625    127.354162
          713.906250 -13995.961066  12484.809101    127.491951
          714.000000 -13996.850065  12484.983872    127.724622
          714.125000 -13997.739065  12484.927347    127.862410
          714.218750 -13998.628064  12485.102118    128.095081
          714.312500 -13999.517063  12485.045594    128.232870
          714.406250 -14000.406062  12485.220364    128.465541
          714.500000 -14001.523127  12485.433999    128.603473
          714.625000 -14002.184060  12485.569905    128.930883
          714.718750 -14003.096325  12485.725362    128.551929
          714.812500 -14003.985324  12485.900132    128.784600
          714.906250 -14005.102389  12485.882472    128.827650
          715.000000 -14005.991388  12486.057243    129.060321
          715.125000 -14006.675587  12486.173835    128.776105
          715.218750 -14007.792652  12486.387470    128.914038
          715.312500 -14008.909717  12486.601105    129.051970
          715.406250 -14009.798716  12486.544580    129.189758
          715.500000 -14010.915782  12486.758215    129.327691
          715.625000 -14011.804781  12486.932986    129.560362
          715.718750 -14012.921846  12486.915326    129.603412
          715.812500 -14013.834111  12487.302077    129.319340
          715.906250 -14014.951176  12487.284417    129.362390
          716.000000 -14015.863441  12487.439873    128.983436
          716.125000 -14016.980506  12487.653508    129.121368
          716.218750 -14017.892771  12487.808964    128.742414
          716.312500 -14019.009836  12487.791304    128.785464
          716.406250 -14019.922101  12488.178055    128.501392
          716.500000 -14021.039166  12488.391690    128.639325
          716.625000 -14021.951431  12488.547146    128.260371
          716.718750 -14023.068496  12488.529486    128.303420
          716.812500 -14023.980761  12488.916237    128.019349
          716.906250 -14025.097826  12488.898577    128.062399
          717.000000 -14026.214891  12489.112212    128.200331
          717.125000 -14027.127156  12489.498963    127.916260
          717.218750 -14028.244221  12489.481303    127.959310
          717.312500 -14029.361287  12489.694938    128.097242
          717.406250 -14030.273551  12489.850394    127.718288
          717.500000 -14031.390617  12490.064029    127.856220
          717.625000 -14032.507682  12490.277663    127.994153
          717.718750 -14033.624747  12490.491298    128.132086
          717.812500 -14034.537012  12490.878049    127.848014
          717.906250 -14035.654077  12490.860389    127.891064
          718.000000 -14036.566342  12491.247140    127.606992
          718.125000 -14037.683407  12491.460775    127.744925
          718.218750 -14038.595672  12492.078821    127.555736
          718.312500 -14039.484671  12492.253591    127.788407
          718.406250 -14040.396936  12492.640342    127.504336
          718.500000 -14041.285935  12493.046408    127.831890
          718.625000 -14042.198200  12493.664453    127.642701
          718.718750 -14042.882398  12494.012341    127.453368
          718.812500 -14043.771397  12494.418406    127.780922
          718.906250 -14044.455596  12494.997588    127.686472
          719.000000 -14045.139795  12495.808064    127.686905
          719.125000 -14045.823993  12496.387246    127.592455
          719.218750 -14046.712992  12496.793311    127.920009
          719.312500 -14047.397191  12497.372493    127.825559
          719.406250 -14048.081389  12497.951675    127.731108
          719.500000 -14048.765588  12498.530856    127.636658
          719.625000 -14049.449786  12499.341333    127.637091
          719.718750 -14050.338785  12499.747398    127.964645
          719.812500 -14051.022984  12500.557875    127.965078
          719.906250 -14051.707183  12501.137056    127.870628
          720.000000 -14052.163315  12501.677374    127.870916
          720.125000 -14052.847513  12502.487851    127.871349
          720.218750 -14053.531712  12503.298327    127.871781
          720.312500 -14053.987844  12503.838645    127.872070
          720.406250 -14054.672043  12504.649121    127.872503
          720.500000 -14055.128175  12505.420734    127.967674
          720.625000 -14055.584308  12506.192346    128.062845
          720.718750 -14056.040440  12506.732664    128.063134
          720.812500 -14056.496572  12507.504276    128.158305
          720.906250 -14056.975970  12508.487869    127.736734
          721.000000 -14057.432103  12509.259482    127.831905
          721.125000 -14057.888235  12509.799799    127.832193
          721.218750 -14058.344368  12510.571412    127.927365
          721.312500 -14058.800500  12511.343024    128.022536
          721.406250 -14059.256632  12512.114636    128.117707
          721.500000 -14059.712765  12512.886249    128.212878
          721.625000 -14060.396963  12513.465431    128.118428
          721.718750 -14060.648295  12514.410159    127.791595
          721.812500 -14061.104427  12515.181772    127.886767
          721.906250 -14061.309228  12515.702540    128.593419
          722.000000 -14061.765360  12516.474152    128.688591
          722.125000 -14062.221493  12517.245764    128.783762
          722.218750 -14062.700891  12518.229357    128.362190
          722.312500 -14063.157023  12519.000970    128.457362
          722.406250 -14063.613155  12519.772582    128.552533
          722.500000 -14064.297354  12520.583059    128.552966
          722.625000 -14064.753486  12521.123376    128.553254
          722.718750 -14065.209619  12521.894989    128.648425
          722.812500 -14065.893817  12522.705465    128.648858
          722.906250 -14066.145149  12523.650194    128.322025
          723.000000 -14066.829348  12524.460671    128.322458
          723.125000 -14067.513546  12525.271147    128.322891
          723.218750 -14067.764878  12526.215876    127.996058
          723.312500 -14068.449077  12527.026352    127.996491
          723.406250 -14068.905209  12527.797965    128.091662
          723.500000 -14069.361341  12528.569577    128.186833
          723.625000 -14070.045540  12529.380054    128.187266
          723.718750 -14070.729738  12530.190530    128.187699
          723.812500 -14071.185871  12530.962143    128.282870
          723.906250 -14071.642003  12531.733755    128.378041
          724.000000 -14072.121401  12532.717348    127.956470
          724.125000 -14072.805600  12533.527824    127.956903
          724.218750 -14073.489798  12534.338301    127.957335
          724.312500 -14073.945931  12535.109913    128.052506
          724.406250 -14074.630129  12535.920390    128.052939
          724.500000 -14075.086262  12536.692002    128.148110
          724.625000 -14075.565660  12537.906890    127.821422
          724.718750 -14076.249858  12538.717366    127.821855
          724.812500 -14076.705990  12539.488979    127.917026
          724.906250 -14077.390189  12540.299455    127.917459
          725.000000 -14077.846321  12541.071068    128.012630
          725.125000 -14078.530520  12541.881544    128.013063
          725.218750 -14078.986652  12542.653157    128.108234
          725.312500 -14079.670851  12543.463633    128.108667
          725.406250 -14079.922183  12544.639657    127.876717
          725.500000 -14079.991980  12545.738188    126.516254
          725.625000 -14080.676178  12546.548664    126.516687
          725.718750 -14080.927510  12547.493393    126.189854
          725.812500 -14081.383642  12548.265006    126.285025
          725.906250 -14081.634974  12549.209735    125.958193
          726.000000 -14082.067841  12550.000661    126.664989
          726.125000 -14082.091107  12550.906526    126.432895
          726.218750 -14082.342438  12551.851255    126.106062
          726.312500 -14082.365704  12552.757120    125.873968
          726.406250 -14082.593770  12553.489868    126.063878
          726.500000 -14082.617036  12554.395733    125.831784
          726.625000 -14082.617036  12555.320912    126.211315
          726.718750 -14082.435501  12556.168598    125.462334
          726.812500 -14082.435501  12556.862482    125.746982
          726.906250 -14082.230700  12557.729483    125.609627
          727.000000 -14081.821099  12558.769600    125.050267
          727.125000 -14081.821099  12559.232190    125.240033
          727.218750 -14081.616299  12560.099190    125.102677
          727.312500 -14081.388233  12560.754210    125.482064
          727.406250 -14080.955366  12561.351052    125.344564
          727.500000 -14080.545765  12562.159875    124.690322
          727.625000 -14080.112898  12562.756716    124.552822
          727.718750 -14079.680031  12563.353558    124.415322
          727.812500 -14079.451965  12563.777284    124.699826
          727.906250 -14078.427962  12564.874161    122.684689
          728.000000 -14077.995096  12565.471003    122.547189
          728.125000 -14077.538963  12565.855864    122.926432
          728.218750 -14077.310897  12566.279589    123.210936
          728.312500 -14076.649964  12566.837567    123.168175
          728.406250 -14076.398632  12567.280606    124.064304
          728.500000 -14076.170566  12567.935627    124.443691
          728.625000 -14075.737699  12568.301174    124.211308
          728.718750 -14075.076767  12568.859151    124.168547
          728.812500 -14074.620634  12569.475307    124.642673
          728.906250 -14073.959701  12569.801990    124.505029
          729.000000 -14073.526835  12570.398832    124.367529
          729.125000 -14072.865902  12570.956810    124.324767
          729.218750 -14072.637835  12571.380535    124.609272
          729.312500 -14071.976903  12571.938513    124.566510
          729.406250 -14071.315970  12572.496491    124.523749
          729.500000 -14070.883103  12573.093333    124.386249
          729.625000 -14070.426971  12573.478194    124.765492
          729.718750 -14069.766038  12574.036172    124.722731
          729.812500 -14069.309905  12574.421033    125.101973
          729.906250 -14068.648972  12574.747716    124.964329
          730.000000 -14068.192840  12575.132577    125.343572
          730.125000 -14067.736708  12575.517438    125.722815
          730.218750 -14066.689439  12576.402335    124.224420
          730.312500 -14066.619642  12576.460277    126.059296
          730.406250 -14065.935444  12576.574980    126.438395
          730.500000 -14065.479311  12576.959841    126.817638
          730.625000 -14064.795113  12577.074544    127.196736
          730.718750 -14064.338981  12577.459405    127.575979
          730.812500 -14063.654782  12577.574107    127.955077
          730.906250 -14062.970583  12577.688810    128.334176
          731.000000 -14062.514451  12577.842376    128.618536
          731.125000 -14061.830252  12577.957079    128.997634
          731.218750 -14061.146054  12578.071781    129.376733
          731.312500 -14060.689922  12577.994053    129.566210
          731.406250 -14059.800922  12578.281872    129.523305
          731.500000 -14059.116724  12578.396574    129.902403
          731.625000 -14058.455791  12578.723257    129.764759
          731.718750 -14057.771592  12578.837960    130.143858
          731.812500 -14056.882593  12578.894484    130.006069
          731.906250 -14056.221660  12579.221167    129.868425
          732.000000 -14055.332661  12579.508986    129.825520
          732.125000 -14054.876529  12579.662552    130.109880
          732.218750 -14053.987530  12579.719076    129.972091
          732.312500 -14053.326597  12580.045759    129.834447
          732.406250 -14052.642398  12580.160462    130.213546
          732.500000 -14051.981465  12580.487145    130.075902
          732.625000 -14051.092466  12580.543669    129.938113
          732.718750 -14050.636334  12580.697236    130.222473
          732.812500 -14049.747335  12580.753760    130.084685
          732.906250 -14049.063136  12580.868462    130.463783
          733.000000 -14048.402203  12580.963850    130.231256
          733.125000 -14047.718005  12580.847258    130.515472
          733.218750 -14046.829006  12580.903782    130.377684
          733.312500 -14046.168073  12580.999171    130.145157
          733.406250 -14045.483874  12580.882578    130.429373
          733.500000 -14044.822941  12580.977967    130.196846
          733.625000 -14043.933942  12580.803196    129.964175
          733.718750 -14043.249744  12580.686604    130.248390
          733.812500 -14042.588811  12580.781992    130.015863
          733.906250 -14041.904612  12580.434105    130.205196
          734.000000 -14041.243679  12580.529493    129.972669
          734.125000 -14040.354680  12580.354723    129.739998
          734.218750 -14039.898548  12580.276995    129.929475
          734.312500 -14039.009549  12580.102224    129.696804
          734.406250 -14038.325350  12579.985632    129.981020
          734.500000 -14036.798684  12579.886935    128.904197
          734.625000 -14036.137751  12579.751029    128.576787
          734.718750 -14035.248752  12579.576258    128.344116
          734.812500 -14035.225486  12579.595572    128.955741
          734.906250 -14034.769354  12579.517844    129.145218
          735.000000 -14034.085155  12579.169957    129.334551
          735.125000 -14033.196156  12578.995187    129.101880
          735.218750 -14032.740024  12578.686164    129.196474
          735.312500 -14032.055825  12578.338277    129.385807
          735.406250 -14031.394892  12578.202370    129.058398
          735.500000 -14030.710694  12577.854483    129.247730
          735.625000 -14029.821695  12577.679713    129.015059
          735.718750 -14029.365562  12577.370690    129.109654
          735.812500 -14028.909430  12577.061667    129.204248
          735.906250 -14028.020431  12576.886896    128.971577
          736.000000 -14027.336232  12576.539009    129.160910
          736.125000 -14026.880100  12576.229986    129.255504
          736.218750 -14025.353434  12575.899995    128.083798
          736.312500 -14024.897301  12575.590972    128.178392
          736.406250 -14024.441169  12575.281949    128.272986
          736.500000 -14023.552170  12574.875884    127.945433
          736.625000 -14023.096037  12574.335566    127.945144
          736.718750 -14022.207038  12573.929501    127.617590
          736.812500 -14021.750906  12573.620478    127.712184
          736.906250 -14021.089973  12573.253277    127.289892
          737.000000 -14020.885173  12572.963804    126.678122
          737.125000 -14019.996173  12572.326444    126.255686
          737.218750 -14019.768107  12571.824990    126.160658
          737.312500 -14018.855843  12570.975650    126.254964
          737.406250 -14018.399710  12570.435332    126.254676
          737.500000 -14017.943578  12569.895014    126.254387
          737.625000 -14017.715512  12569.393561    126.159360
          737.718750 -14017.259379  12568.853243    126.159072
          737.812500 -14016.803247  12568.312925    126.158783
          737.906250 -14016.142314  12567.945724    125.736491
          738.000000 -14015.686182  12567.405407    125.736202
          738.125000 -14015.458115  12566.672658    125.546293
          738.218750 -14015.001983  12566.132341    125.546004
          738.312500 -14014.545851  12565.592023    125.545716
          738.406250 -14013.884918  12565.456116    125.218306
          738.500000 -14013.428785  12564.684504    125.123135
          738.625000 -14012.972653  12564.144186    125.122846
          738.718750 -14012.516521  12563.603869    125.122558
          738.812500 -14012.037123  12562.851570    125.639012
          738.906250 -14011.580990  12562.311253    125.638723
          739.000000 -14011.352924  12561.809799    125.543696
          739.125000 -14010.896792  12561.269482    125.543408
          739.218750 -14010.417394  12560.517183    126.059862
          739.312500 -14009.961261  12559.976866    126.059574
          739.406250 -14009.733195  12559.475412    125.964547
          739.500000 -14009.048997  12558.896230    126.058997
          739.625000 -14008.820930  12558.394777    125.963970
          739.718750 -14008.136732  12558.046890    126.153303
          739.812500 -14007.680600  12557.275277    126.058131
          739.906250 -14007.224467  12556.734960    126.057843
          740.000000 -14006.768335  12556.194642    126.057554
          740.125000 -14006.312202  12555.654324    126.057266
          740.218750 -14005.856070  12555.114007    126.056977
          740.312500 -14005.604738  12554.400573    126.478693
          740.406250 -14004.943805  12554.033371    126.056400
          740.500000 -14004.692473  12553.088642    126.383233
          740.625000 -14004.236341  12552.548325    126.382945
          740.718750 -14003.780209  12552.008007    126.382656
          740.812500 -14003.324076  12551.467689    126.382368
          740.906250 -14003.072745  12550.754255    126.804083
          741.000000 -14002.844678  12550.021507    126.614174
          741.125000 -14002.616612  12549.520053    126.519147
          741.218750 -14002.160480  12548.979736    126.518858
          741.312500 -14002.137214  12548.073871    126.750952
          741.406250 -14001.909148  12547.572417    126.655925
          741.500000 -14001.885882  12546.666553    126.888019
          741.625000 -14001.657816  12546.165099    126.792992
          741.718750 -14001.429750  12545.663646    126.697965
          741.812500 -14001.453016  12538.705489    123.239856
          741.906250 -14000.996883  12537.933877    123.144684
          742.000000 -14000.996883  12537.471288    122.954919
          742.125000 -14000.927086  12542.849009    126.972100
          742.218750 -14000.699020  12542.347555    126.877073
          742.312500 -14000.675755  12541.672985    127.204050
          742.406250 -14000.447688  12540.940237    127.014140
          742.500000 -14000.219622  12540.438783    126.919113
          742.625000 -13999.991556  12539.706035    126.729203
          742.718750 -13999.968290  12539.031465    127.056180
          742.812500 -13999.512158  12538.259853    126.961009
          742.906250 -13999.260826  12537.315124    127.287841
          743.000000 -13999.032760  12536.813670    127.192814
          743.125000 -13998.804694  12536.080922    127.002905
          743.218750 -13998.827959  12535.136429    126.011748
          743.312500 -13998.348561  12534.846720    126.717968
          743.406250 -13997.892429  12534.075108    126.622796
          743.500000 -13997.869163  12533.400538    126.949773
          743.625000 -13997.892429  12532.224750    125.863734
          743.718750 -13997.641097  12531.973905    126.475215
          743.812500 -13997.664363  12531.029412    125.484059
          743.906250 -13997.641097  12530.586137    125.905918
          744.000000 -13997.161699  12530.296428    126.612138
          744.125000 -13997.138434  12529.621858    126.939115
          744.218750 -13997.138434  12529.159268    126.749350
          744.312500 -13997.115168  12528.484698    127.076327
          744.406250 -13996.887102  12527.983245    126.981299
          744.500000 -13997.115168  12526.865635    126.412147
          744.625000 -13997.115168  12526.403046    126.222381
          744.718750 -13997.091902  12525.497181    126.454475
          744.812500 -13997.091902  12524.803297    126.169827
          744.906250 -13997.068637  12524.128727    126.496804
          745.000000 -13997.068637  12523.434843    126.212156
          745.125000 -13996.840570  12522.702094    126.022246
          745.218750 -13997.045371  12521.835094    126.159601
          745.312500 -13996.817305  12521.102345    125.969692
          745.406250 -13997.022105  12520.466639    126.201930
          745.500000 -13997.022105  12519.772755    125.917282
          745.625000 -13996.794039  12519.040007    125.727372
          745.718750 -13996.998840  12518.173006    125.864727
          745.812500 -13996.998840  12517.710417    125.674962
          745.906250 -13996.975574  12516.804552    125.907056
          746.000000 -13997.203640  12516.149532    125.527669
          746.125000 -13997.180375  12515.243667    125.759763
          746.218750 -13997.385175  12514.376666    125.897119
          746.312500 -13997.613241  12513.490352    125.422849
          746.406250 -13997.613241  12512.565173    125.043318
          746.500000 -13997.818042  12511.929467    125.275556
          746.625000 -13997.818042  12511.235583    124.990908
          746.718750 -13998.022842  12510.368582    125.128263
          746.812500 -13998.455709  12509.540445    125.170881
          746.906250 -13998.683775  12508.885425    124.791494
          747.000000 -13999.116642  12508.057289    124.834111
          747.125000 -13999.321443  12507.190288    124.971466
          747.218750 -13999.549509  12506.766563    124.686962
          747.312500 -13999.982376  12505.938426    124.729579
          747.406250 -14000.415242  12505.110290    124.772196
          747.500000 -14000.643308  12504.686564    124.487692
          747.625000 -14000.848109  12503.819563    124.625048
          747.718750 -14001.280976  12502.991427    124.667665
          747.812500 -14001.509042  12502.336407    124.288278
          747.906250 -14001.941909  12501.739565    124.425778
          748.000000 -14002.374775  12500.911428    124.468395
          748.125000 -14002.807642  12500.083292    124.511012
          748.218750 -14002.807642  12499.389408    124.226363
          748.312500 -14003.240509  12498.561271    124.268980
          748.406250 -14003.673376  12497.733134    124.311597
          748.500000 -14004.106242  12497.136293    124.449097
          748.625000 -14004.334308  12496.481273    124.069710
          748.718750 -14004.539109  12495.614272    124.207066
          748.812500 -14004.971976  12494.786135    124.249683
          748.906250 -14005.404842  12493.957999    124.292300
          749.000000 -14005.837709  12493.129862    124.334917
          749.125000 -14006.065775  12492.706137    124.050413
          749.218750 -14006.498642  12491.878000    124.093030
          749.312500 -14007.159575  12491.088728    124.040908
          749.406250 -14007.592442  12490.260591    124.083525
          749.500000 -14008.025308  12489.663749    124.221025
          749.625000 -14008.686241  12489.105772    124.263787
          749.718750 -14008.914308  12488.450752    123.884400
          749.812500 -14009.347174  12487.853910    124.021899
          749.906250 -14010.008107  12487.064637    123.969778
          750.000000 -14010.440974  12486.467795    124.107278
          750.125000 -14011.101907  12485.909818    124.150039
          750.218750 -14011.534774  12485.081681    124.192656
          750.312500 -14011.967640  12484.484839    124.330156
          750.406250 -14012.172441  12483.617839    124.467512
          750.500000 -14012.833374  12482.828566    124.415390
          750.625000 -14013.266240  12482.231724    124.552890
          750.718750 -14013.699107  12481.403588    124.595507
          750.812500 -14014.360040  12480.845610    124.638268
          750.906250 -14014.588106  12480.190590    124.258881
          751.000000 -14015.249039  12479.401317    124.206760
          751.125000 -14015.681906  12478.573181    124.249377
          751.218750 -14016.114773  12477.976339    124.386877
          751.312500 -14016.775706  12477.187066    124.334755
          751.406250 -14017.208572  12476.358930    124.377372
          751.500000 -14017.869505  12475.800952    124.420134
          751.625000 -14018.097571  12475.145932    124.040747
          751.718750 -14018.758504  12474.356660    123.988625
          751.812500 -14019.419437  12473.567387    123.936504
          751.906250 -14019.852304  12472.739251    123.979121
          752.000000 -14020.285171  12472.142409    124.116621
          752.125000 -14020.946104  12471.353136    124.064499
          752.218750 -14021.378970  12470.525000    124.107116
          752.312500 -14021.835103  12469.908844    123.632991
          752.406250 -14022.267969  12469.312002    123.770490
          752.500000 -14022.928902  12468.522729    123.718369
          752.625000 -14023.361769  12467.694593    123.760986
          752.718750 -14024.022702  12466.905320    123.708864
          752.812500 -14024.455569  12466.077184    123.751481
          752.906250 -14024.888435  12465.480342    123.888981
          753.000000 -14025.549368  12464.691069    123.836860
          753.125000 -14025.982235  12463.862933    123.879477
          753.218750 -14026.643168  12463.073660    123.827355
          753.312500 -14026.871234  12462.649935    123.542851
          753.406250 -14027.532167  12461.860663    123.490730
          753.500000 -14027.965034  12461.032526    123.533347
          753.625000 -14028.625967  12460.243254    123.481225
          753.718750 -14029.058833  12459.415117    123.523842
          753.812500 -14029.719766  12458.857139    123.566604
          753.906250 -14030.152633  12458.029003    123.609221
          754.000000 -14030.813566  12457.239730    123.557099
          754.125000 -14031.246433  12456.411594    123.599716
          754.218750 -14031.702565  12456.026732    123.220473
          754.312500 -14032.135432  12455.198596    123.263090
          754.406250 -14032.568299  12454.370459    123.305708
          754.500000 -14033.229231  12453.812481    123.348469
          754.625000 -14033.890164  12453.023209    123.296347
          754.718750 -14034.323031  12452.195072    123.338964
          754.812500 -14034.755898  12451.366936    123.381581
          754.906250 -14035.416831  12450.577663    123.329460
          755.000000 -14036.077764  12450.019686    123.372221
          755.125000 -14036.510630  12449.191549    123.414838
          755.218750 -14037.171563  12448.402277    123.362717
          755.312500 -14037.832496  12447.844299    123.405478
          755.406250 -14038.265363  12447.016162    123.448095
          755.500000 -14038.926296  12446.458185    123.490856
          755.625000 -14039.587229  12445.900207    123.533618
          755.718750 -14040.043361  12445.284051    123.059492
          755.812500 -14040.909095  12444.784251    123.619140
          755.906250 -14041.593293  12444.438254    123.145159
          756.000000 -14042.254226  12443.880276    123.187920
          756.125000 -14042.184429  12444.400808    125.212562
          756.218750 -14043.073428  12444.112989    125.255468
          756.312500 -14043.734361  12444.017601    125.487995
          756.406250 -14044.623360  12443.729782    125.530900
          756.500000 -14045.284293  12443.634394    125.763427
          756.625000 -14046.675956  12442.691791    124.108956
          756.718750 -14046.629425  12443.655598    125.711738
          756.812500 -14047.518424  12443.367779    125.754644
          756.906250 -14047.974556  12443.676802    125.660049
          757.000000 -14048.635489  12443.581414    125.892576
          757.125000 -14050.734616  12442.273499    123.152499
          757.218750 -14050.711350  12442.986698    124.048773
          757.312500 -14052.079747  12442.294703    123.100810
          757.406250 -14052.763946  12442.411296    122.816594
          757.500000 -14053.652945  12442.123477    122.859500
          757.625000 -14054.337144  12442.240069    122.575284
          757.718750 -14054.518678  12441.161088    123.229382
          757.812500 -14055.179611  12443.147352    124.315854
          757.906250 -14055.863810  12441.413586    123.272576
          758.000000 -14056.548008  12440.373705    122.513946
          758.125000 -14057.208941  12440.972201    123.031122
          758.218750 -14058.577338  12445.599986    124.265464
          758.312500 -14059.010205  12447.084796    125.256909
          758.406250 -14059.671138  12446.989408    125.489436
          758.500000 -14059.852673  12448.917258    127.377010
          758.625000 -14060.536872  12449.959029    127.472326
          758.718750 -14060.993004  12450.499347    127.472614
          758.812500 -14061.882003  12451.136707    127.895051
          758.906250 -14062.338135  12451.445730    127.800457
          759.000000 -14062.794268  12451.986048    127.800745
          759.125000 -14063.478466  12452.565230    127.706295
          759.218750 -14064.390731  12453.414570    127.611989
          759.312500 -14064.846863  12453.954888    127.612278
          759.406250 -14065.302996  12454.495205    127.612566
          759.500000 -14065.759128  12455.035523    127.612855
          759.625000 -14066.215261  12455.575841    127.613143
          759.718750 -14066.876193  12455.943042    128.035436
          759.812500 -14067.332326  12456.483360    128.035724
          759.906250 -14067.788458  12457.023677    128.036013
          760.000000 -14068.244591  12457.563995    128.036301
          760.125000 -14068.700723  12458.104313    128.036590
          760.218750 -14069.384921  12458.683494    127.942139
          760.312500 -14069.841054  12459.223812    127.942428
          760.406250 -14070.525252  12459.802994    127.847978
          760.500000 -14070.981385  12460.112017    127.753383
          760.625000 -14071.665583  12460.691199    127.658933
          760.718750 -14072.121716  12461.231516    127.659222
          760.812500 -14072.805914  12461.810698    127.564772
          760.906250 -14073.262047  12462.582310    127.659943
          761.000000 -14073.946245  12463.161492    127.565493
          761.125000 -14074.630444  12463.740674    127.471043
          761.218750 -14075.086576  12464.280992    127.471331
          761.312500 -14075.975575  12464.687057    127.798885
          761.406250 -14076.659774  12465.497533    127.799318
          761.500000 -14077.115906  12466.037851    127.799606
          761.625000 -14077.800105  12466.617033    127.705156
          761.718750 -14078.484303  12467.427509    127.705589
          761.812500 -14079.168502  12468.006691    127.611139
          761.906250 -14079.852700  12468.585873    127.516689
          762.000000 -14080.536899  12469.165055    127.422239
          762.125000 -14081.221097  12469.975531    127.422671
          762.218750 -14081.905296  12470.554713    127.328221
          762.312500 -14082.589495  12471.133895    127.233771
          762.406250 -14083.273693  12471.944371    127.234204
          762.500000 -14083.957892  12472.523553    127.139754
          762.625000 -14084.642090  12473.102735    127.045304
          762.718750 -14085.326289  12473.913211    127.045736
          762.812500 -14086.010487  12474.492393    126.951286
          762.906250 -14086.694686  12475.302869    126.951719
          763.000000 -14087.378884  12475.882051    126.857269
          763.125000 -14088.291149  12476.500097    126.668080
          763.218750 -14089.180148  12477.137457    127.090517
          763.312500 -14089.864347  12477.716639    126.996067
          763.406250 -14090.548545  12478.527115    126.996499
          763.500000 -14091.460810  12479.376456    126.902194
          763.625000 -14092.145009  12479.955638    126.807744
          763.718750 -14092.829207  12480.766114    126.808176
          763.812500 -14093.741472  12481.384160    126.618988
          763.906250 -14094.425670  12482.194637    126.619420
          764.000000 -14095.337935  12483.043977    126.525114
          764.125000 -14096.022134  12483.854454    126.525547
          764.218750 -14096.706332  12484.433635    126.431097
          764.312500 -14097.618597  12485.282976    126.336791
          764.406250 -14098.302796  12486.093452    126.337224
          764.500000 -14099.215060  12486.711498    126.148035
          764.625000 -14099.899259  12487.521975    126.148468
          764.718750 -14101.016324  12488.198199    126.476166
          764.812500 -14101.700523  12489.008675    126.476599
          764.906250 -14102.612787  12489.626721    126.287410
          765.000000 -14103.296986  12490.437198    126.287843
          765.125000 -14104.209251  12491.286538    126.193537
          765.218750 -14104.893449  12492.097015    126.193970
          765.312500 -14105.805714  12492.946356    126.099664
          765.406250 -14106.489913  12493.756832    126.100096
          765.500000 -14107.402177  12494.606173    126.005790
          765.625000 -14108.086376  12495.416649    126.006223
          765.718750 -14108.998641  12496.265990    125.911917
          765.812500 -14109.910905  12496.884036    125.722729
          765.906250 -14110.595104  12497.925807    125.818044
          766.000000 -14111.279302  12498.504989    125.723594
          766.125000 -14112.191567  12499.354329    125.629288
          766.218750 -14113.080566  12499.991689    126.051725
          766.312500 -14113.992831  12500.841030    125.957419
          766.406250 -14114.677030  12501.651506    125.957852
          766.500000 -14115.589294  12502.500847    125.863546
          766.625000 -14116.273493  12503.311323    125.863979
          766.718750 -14117.185758  12504.160664    125.769673
          766.812500 -14117.869956  12504.971141    125.770105
          766.906250 -14118.782221  12505.820481    125.675800
          767.000000 -14119.466419  12506.630958    125.676232
          767.125000 -14120.378684  12507.480298    125.581926
          767.218750 -14121.062883  12508.290775    125.582359
          767.312500 -14121.975147  12509.140115    125.488053
          767.406250 -14122.659346  12509.950592    125.488486
          767.500000 -14123.343545  12510.529774    125.394036
          767.625000 -14124.255809  12511.379114    125.299730
          767.718750 -14124.940008  12512.189591    125.300163
          767.812500 -14125.852273  12513.038931    125.205857
          767.906250 -14126.536471  12513.849408    125.206289
          768.000000 -14127.220670  12514.659884    125.206722
          768.125000 -14127.904868  12515.470361    125.207155
          768.218750 -14128.589067  12516.280837    125.207588
          768.312500 -14129.273265  12517.091314    125.208020
          768.406250 -14130.185530  12517.940654    125.113714
          768.500000 -14130.869729  12518.751131    125.114147
          768.625000 -14131.553927  12519.792902    125.209463
          768.718750 -14132.238126  12520.603379    125.209895
          768.812500 -14132.694258  12521.374991    125.305067
          768.906250 -14133.378457  12522.185467    125.305499
          769.000000 -14133.834589  12522.957080    125.400671
          769.125000 -14134.746854  12523.806420    125.306365
          769.218750 -14135.202986  12524.809328    125.496419
          769.312500 -14135.454318  12525.754056    125.169586
          769.406250 -14136.138517  12526.564533    125.170019
          769.500000 -14136.594649  12527.336145    125.265190
          769.625000 -14137.278847  12528.146622    125.265623
          769.718750 -14137.530179  12529.091351    124.938790
          769.812500 -14138.214378  12530.133122    125.034105
          769.906250 -14138.442444  12530.865870    125.224015
          770.000000 -14138.898576  12531.637483    125.319186
          770.125000 -14139.377974  12532.621076    124.897615
          770.218750 -14139.834107  12533.623983    125.087669
          770.312500 -14139.857372  12534.529848    124.855575
          770.406250 -14140.313505  12535.301460    124.950746
          770.500000 -14140.336770  12536.207325    124.718652
          770.625000 -14140.564837  12536.940073    124.908562
          770.718750 -14140.360036  12537.807074    124.771206
          770.812500 -14140.588102  12538.539822    124.961116
          770.906250 -14140.588102  12539.233706    125.245765
          771.000000 -14140.588102  12539.927590    125.530413
          771.125000 -14140.360036  12540.582610    125.909800
          771.218750 -14140.155235  12541.449611    125.772444
          771.312500 -14139.927169  12541.873336    126.056949
          771.406250 -14139.903904  12542.586535    126.953222
          771.500000 -14137.250677  12547.148575    110.562732
          771.625000 -14136.999345  12547.591614    111.458861
          771.718750 -14136.999345  12548.054204    111.648627
          771.812500 -14140.327590  12541.991115    138.943988
          771.906250 -14140.076258  12542.434154    139.840118
          772.000000 -14139.080111  12544.898775    131.856019
          772.125000 -14138.102640  12546.188318    128.712513
          772.218750 -14137.693039  12546.765846    127.963388
          772.312500 -14137.078637  12547.285195    126.697376
          772.406250 -14136.259435  12547.977661    125.009360
          772.500000 -14135.416967  12548.458147    123.838086
          772.625000 -14134.779300  12548.765516    123.088816
          772.718750 -14134.141633  12549.072884    122.339547
          772.812500 -14133.299165  12549.553370    121.168273
          772.906250 -14133.275899  12549.572684    121.779899
          773.000000 -14133.024567  12549.321839    122.391380
          773.125000 -14132.340369  12549.205247    122.675596
          773.218750 -14131.884236  12549.127519    122.865073
          773.312500 -14131.428104  12549.281085    123.149433
          773.406250 -14130.743905  12548.933198    123.338766
          773.500000 -14130.287773  12548.855470    123.528243
          773.625000 -14129.831641  12548.777742    123.717720
          773.718750 -14129.147442  12548.429855    123.907053
          773.812500 -14128.486509  12548.525243    123.674526
          773.906250 -14127.802311  12548.177356    123.863859
          774.000000 -14127.141378  12548.272744    123.631332
          774.125000 -14126.457179  12547.924857    123.820665
          774.218750 -14126.001047  12547.847129    124.010142
          774.312500 -14125.316848  12547.499242    124.199475
          774.406250 -14124.632650  12547.382650    124.483691
          774.500000 -14123.948451  12547.034763    124.673024
          774.625000 -14123.264253  12546.686876    124.862357
          774.718750 -14122.580054  12546.570283    125.146572
          774.812500 -14121.895856  12546.222396    125.335905
          774.906250 -14121.006856  12546.047626    125.103234
          775.000000 -14120.550724  12545.738603    125.197828
          775.125000 -14119.866526  12545.622011    125.482044
          775.218750 -14118.977526  12545.447240    125.249373
          775.312500 -14118.293328  12545.099353    125.438706
          775.406250 -14117.813930  12544.809644    126.144926
          775.500000 -14117.129731  12544.461757    126.334259
          775.625000 -14116.012666  12544.248122    126.196326
          775.718750 -14115.328467  12543.900235    126.385659
          775.812500 -14114.439468  12543.725465    126.152988
          775.906250 -14113.345669  12543.723811    125.498313
          776.000000 -14112.889536  12543.646083    125.687790
          776.125000 -14111.772471  12543.432448    125.549857
          776.218750 -14110.883472  12543.257677    125.317186
          776.312500 -14110.199273  12543.141085    125.601402
          776.406250 -14109.310274  12543.197609    125.463613
          776.500000 -14108.649341  12543.292998    125.231086
          776.625000 -14107.760342  12543.580816    125.188181
          776.718750 -14106.871343  12543.637341    125.050393
          776.812500 -14106.187145  12543.520748    125.334608
          776.906250 -14105.526212  12543.847431    125.196964
          777.000000 -14104.637213  12544.135250    125.154059
          777.125000 -14103.953014  12544.018658    125.438274
          777.218750 -14103.064015  12544.075182    125.300486
          777.312500 -14102.175016  12544.363001    125.257581
          777.406250 -14101.514083  12544.458389    125.025054
          777.500000 -14100.601818  12544.534228    125.498891
          777.625000 -14099.917620  12544.417635    125.783106
          777.718750 -14099.028621  12544.705454    125.740201
          777.812500 -14098.344422  12544.820157    126.119299
          777.906250 -14097.455423  12544.876681    125.981511
          778.000000 -14096.771224  12544.991383    126.360610
          778.125000 -14096.110292  12545.318066    126.222966
          778.218750 -14095.426093  12545.201474    126.507181
          778.312500 -14094.537094  12545.489293    126.464276
          778.406250 -14093.648095  12545.777112    126.421370
          778.500000 -14092.987162  12546.103795    126.283726
          778.625000 -14092.302963  12545.987202    126.567942
          778.718750 -14091.413964  12546.275021    126.525036
          778.812500 -14090.524965  12546.562840    126.482131
          778.906250 -14089.635966  12546.850659    126.439225
          779.000000 -14089.179834  12547.004226    126.723585
          779.125000 -14088.290835  12547.060750    126.585797
          779.218750 -14087.401835  12547.348569    126.542891
          779.312500 -14086.512836  12547.636388    126.499986
          779.406250 -14085.623837  12547.924207    126.457080
          779.500000 -14084.734838  12548.212025    126.414175
          779.625000 -14083.845839  12548.268550    126.276386
          779.718750 -14082.956840  12548.556369    126.233481
          779.812500 -14082.272641  12548.671071    126.612579
          779.906250 -14081.383642  12548.727595    126.474791
          780.000000 -14080.494643  12549.015414    126.431886
          780.125000 -14079.377578  12549.264369    126.483719
          780.218750 -14078.488579  12549.552188    126.440813
          780.312500 -14077.804380  12549.435595    126.725029
          780.406250 -14076.687315  12549.684550    126.776862
          780.500000 -14075.798316  12549.972369    126.733956
          780.625000 -14074.909317  12550.260188    126.691051
          780.718750 -14074.020318  12550.316712    126.553262
          780.812500 -14073.108053  12550.392551    127.027100
          780.906250 -14072.219054  12550.680370    126.984194
          781.000000 -14071.330055  12550.968188    126.941289
          781.125000 -14070.441056  12551.024713    126.803500
          781.218750 -14069.323990  12551.273667    126.855333
          781.312500 -14068.434991  12551.561486    126.812428
          781.406250 -14067.750793  12551.676189    127.191526
          781.500000 -14066.861794  12551.964008    127.148621
          781.625000 -14065.744728  12552.212962    127.200454
          781.718750 -14064.855729  12552.500781    127.157548
          781.812500 -14063.966730  12552.557306    127.019760
          781.906250 -14063.077731  12552.845124    126.976854
          782.000000 -14062.165466  12552.920963    127.450691
          782.125000 -14061.276467  12553.208782    127.407786
          782.218750 -14060.387468  12553.265306    127.269998
          782.312500 -14059.270403  12553.514261    127.321831
          782.406250 -14058.381404  12553.802080    127.278925
          782.500000 -14057.697205  12553.916782    127.658024
          782.625000 -14056.808206  12553.973306    127.520235
          782.718750 -14055.919207  12554.261125    127.477330
          782.812500 -14055.030208  12554.548944    127.434424
          782.906250 -14054.346009  12554.432352    127.718640
          783.000000 -14053.228944  12554.681306    127.770473
          783.125000 -14052.339945  12554.737831    127.632685
          783.218750 -14051.655747  12554.621238    127.916900
          783.312500 -14050.766747  12554.677763    127.779112
          783.406250 -14050.082549  12554.561170    128.063328
          783.500000 -14049.193550  12554.617694    127.925539
          783.625000 -14048.509351  12554.269807    128.114872
          783.718750 -14047.825153  12553.921920    128.304205
          783.812500 -14046.936154  12553.978445    128.166417
          783.906250 -14046.480021  12553.669422    128.261011
          784.000000 -14045.795823  12553.321535    128.450344
          784.125000 -14044.906824  12552.915469    128.122790
          784.218750 -14044.450691  12552.606446    128.217385
          784.312500 -14043.766493  12552.258559    128.406718
          784.406250 -14043.105560  12552.122653    128.079308
          784.500000 -14042.398096  12551.331490    128.690501
          784.625000 -14041.941963  12551.022468    128.785095
          784.718750 -14041.257765  12550.443286    128.879545
          784.812500 -14040.596832  12550.307379    128.552135
          784.906250 -14039.912633  12549.959492    128.741468
          785.000000 -14039.228435  12549.380311    128.835918
          785.125000 -14038.772302  12549.071288    128.930513
          785.218750 -14038.088104  12548.492106    129.024963
          785.312500 -14037.427171  12548.356199    128.697553
          785.406250 -14036.742972  12547.777018    128.792003
          785.500000 -14036.286840  12547.467995    128.886597
          785.625000 -14035.397841  12547.061929    128.559044
          785.718750 -14034.964974  12546.733592    128.042012
          785.812500 -14034.304041  12546.366391    127.619720
          785.906250 -14033.619843  12546.018504    127.809053
          786.000000 -14032.958910  12545.651303    127.386760
          786.125000 -14032.274711  12545.072121    127.481210
          786.218750 -14031.385712  12544.666056    127.153656
          786.312500 -14030.724779  12544.298855    126.731364
          786.406250 -14030.063846  12543.931653    126.309071
          786.500000 -14029.607714  12543.391336    126.308783
          786.625000 -14028.718715  12542.985271    125.981229
          786.718750 -14028.057782  12542.618069    125.558936
          786.812500 -14027.396849  12542.250868    125.136644
          786.906250 -14026.735916  12541.883667    124.714351
          787.000000 -14025.846917  12541.477602    124.386797
          787.125000 -14025.185984  12541.110400    123.964505
          787.218750 -14024.525051  12540.743199    123.542212
          787.312500 -14023.636052  12540.337134    123.214658
          787.406250 -14022.975119  12539.969933    122.792366
          787.500000 -14022.290921  12539.390751    122.886816
          787.625000 -14021.629988  12539.023550    122.464524
          787.718750 -14020.992320  12538.868329    121.525488
          787.812500 -14020.103321  12538.462264    121.197934
          787.906250 -14019.442388  12538.326358    120.870525
          788.000000 -14018.553389  12537.688997    120.448088
          788.125000 -14017.892456  12537.321796    120.025795
          788.218750 -14017.231523  12536.954595    119.603503
          788.312500 -14016.342524  12536.548530    119.275949
          788.406250 -14015.453525  12536.142465    118.948395
          788.500000 -14014.792592  12535.775263    118.526103
          788.625000 -14013.903593  12535.137903    118.103666
          788.718750 -14013.242660  12534.770702    117.681373
          788.812500 -14012.353661  12534.364637    117.353819
          788.906250 -14011.441396  12533.515296    117.448125
          789.000000 -14010.803729  12533.591370    116.603973
          789.125000 -14009.891464  12532.742030    116.698279
          789.218750 -14009.002465  12532.335964    116.370725
          789.312500 -14008.364798  12532.180744    115.431690
          789.406250 -14007.475799  12531.774679    115.104136
          789.500000 -14006.586800  12531.368613    114.776582
          789.625000 -14005.925867  12530.770117    114.259406
          789.718750 -14005.036868  12530.364052    113.931852
          789.812500 -14004.147869  12529.957987    113.604298
          789.906250 -14003.486936  12529.590786    113.182006
          790.000000 -14002.597937  12528.953426    112.759569
          790.125000 -14001.708938  12528.547360    112.432015
          790.218750 -14000.819939  12528.141295    112.104461
          790.312500 -14000.159006  12527.774094    111.682169
          790.406250 -13999.270007  12527.136734    111.259732
          790.500000 -13997.198735  12527.036855    106.892254
          790.625000 -13997.515274  12526.536584    110.087882
          790.718750 -13996.626275  12526.130519    109.760328
          790.812500 -13995.737276  12525.493159    109.337891
          790.906250 -13995.076343  12525.125957    108.915598
          791.000000 -13994.187344  12524.719892    108.588044
          791.125000 -13993.298345  12524.313827    108.260490
          791.218750 -13992.409346  12523.907761    107.932936
          791.312500 -13991.748413  12523.309266    107.415761
          791.406250 -13990.859414  12522.903200    107.088207
          791.500000 -13989.970415  12522.497135    106.760653
          791.625000 -13989.081415  12521.859775    106.338216
          791.718750 -13988.420483  12521.492574    105.915924
          791.812500 -13987.531483  12521.086508    105.588370
          791.906250 -13986.870551  12520.719307    105.166077
          792.000000 -13985.981551  12520.313242    104.838524
          792.125000 -13985.092552  12519.675882    104.416087
          792.218750 -13984.203553  12519.269817    104.088533
          792.312500 -13983.314554  12518.863751    103.760979
          792.406250 -13982.425555  12518.226391    103.338542
          792.500000 -13981.764622  12517.859190    102.916250
          792.625000 -13980.875623  12517.453125    102.588696
          792.718750 -13979.986624  12516.815765    102.166259
          792.812500 -13979.097625  12516.409700    101.838705
          792.906250 -13978.436692  12516.042498    101.416412
          793.000000 -13977.319627  12515.366274    101.088714
          793.125000 -13976.658694  12514.999073    100.666422
          793.218750 -13975.769695  12514.593008    100.338868
          793.312500 -13974.880696  12514.186943    100.011314
          793.406250 -13973.786896  12513.722699     99.166873
          793.500000 -13973.102697  12513.143517     99.261323
          793.625000 -13972.441764  12512.776316     98.839031
          793.718750 -13971.347965  12512.312072     97.994590
          793.812500 -13970.663766  12511.732891     98.089040
          793.906250 -13969.569967  12511.268647     97.244599
          794.000000 -13968.909034  12510.901446     96.822307
          794.125000 -13967.791968  12510.456517     96.589491
          794.218750 -13967.131035  12510.089315     96.167199
          794.312500 -13966.242036  12509.451955     95.744762
          794.406250 -13965.353037  12509.045890     95.417208
          794.500000 -13964.464038  12508.639825     95.089654
          794.625000 -13963.575039  12508.002465     94.667217
          794.718750 -13962.914106  12507.635264     94.244925
          794.812500 -13962.025107  12507.229198     93.917371
          794.906250 -13961.136108  12506.823133     93.589817
          795.000000 -13960.247109  12506.185773     93.167380
          795.125000 -13959.358110  12505.779708     92.839826
          795.218750 -13958.697177  12505.412507     92.417534
          795.312500 -13957.784912  12504.794461     92.606722
          795.406250 -13957.123979  12504.427259     92.184430
          795.500000 -13956.234980  12504.021194     91.856876
          795.625000 -13955.345981  12503.615129     91.529322
          795.718750 -13954.661783  12503.035947     91.623772
          795.812500 -13953.772783  12502.861177     91.391101
          795.906250 -13953.088585  12502.281995     91.485551
          796.000000 -13952.199586  12501.875930     91.157997
          796.125000 -13951.515387  12501.528042     91.347330
          796.218750 -13950.831189  12500.948861     91.441780
          796.312500 -13949.942190  12500.774090     91.209109
          796.406250 -13949.257991  12500.194908     91.303559
          796.500000 -13948.573792  12499.847021     91.492892
          796.625000 -13947.684793  12499.672251     91.260221
          796.718750 -13946.772529  12499.054205     91.449409
          796.812500 -13946.088330  12498.706318     91.638742
          796.906250 -13945.199331  12498.300253     91.311188
          797.000000 -13944.515132  12497.952366     91.500521
          797.125000 -13943.830934  12497.604479     91.689854
          797.218750 -13942.941935  12497.198413     91.362300
          797.312500 -13942.257736  12496.850526     91.551633
          797.406250 -13941.368737  12496.675756     91.318962
          797.500000 -13940.684539  12496.327869     91.508295
          797.625000 -13939.795539  12496.153098     91.275624
          797.718750 -13938.883275  12495.766347     91.559695
          797.812500 -13935.424931  12496.145771     82.730290
          797.906250 -13935.741470  12495.645500     85.925917
          798.000000 -13934.852471  12495.239435     85.598363
          798.125000 -13934.373073  12494.949726     86.304583
          798.218750 -13933.256007  12494.736091     86.166650
          798.312500 -13936.346691  12493.739804     98.475898
          798.406250 -13934.889821  12493.583165     95.564199
          798.500000 -13933.796022  12493.581511     94.909523
          798.625000 -13932.520687  12493.502364     93.126336
          798.718750 -13931.222087  12493.442532     91.954774
          798.812500 -13930.151553  12493.421564     90.688473
          798.906250 -13929.262554  12493.246793     90.455802
          799.000000 -13928.373555  12493.072023     90.223131
          799.125000 -13927.484556  12493.128547     90.085343
          799.218750 -13926.800357  12493.011955     90.369558
          799.312500 -13926.344225  12492.934226     90.559035
          799.406250 -13925.455226  12493.222045     90.516130
          799.500000 -13924.771027  12493.105453     90.800346
          799.625000 -13924.086829  12493.220155     91.179444
          799.718750 -13923.402630  12493.103563     91.463660
          799.812500 -13922.923232  12493.045149     92.264762
          799.906250 -13922.262299  12493.371832     92.127118
          800.000000 -13921.578101  12493.255240     92.411334
          800.125000 -13920.917168  12493.581923     92.273690
          800.218750 -13920.232969  12493.465330     92.557906
          800.312500 -13919.572036  12493.792013     92.420262
          800.406250 -13918.864572  12493.926030     93.410986
          800.500000 -13918.385174  12493.867616     94.212088
          800.625000 -13917.929042  12494.021182     94.496448
          800.718750 -13917.472909  12494.174749     94.780808
          800.812500 -13916.811976  12494.501432     94.643164
          800.906250 -13916.127778  12494.847429     95.117145
          801.000000 -13915.671645  12495.000996     95.401505
          801.125000 -13915.215513  12495.154562     95.685865
          801.218750 -13914.554580  12495.712540     95.643104
          801.312500 -13914.326514  12495.904971     95.832725
          801.406250 -13913.870382  12496.289832     96.211968
          801.500000 -13913.642315  12496.713557     96.496472
          801.625000 -13913.209449  12497.310399     96.358972
          801.718750 -13912.981383  12497.734124     96.643477
          801.812500 -13912.753316  12497.926555     96.833098
          801.906250 -13912.320450  12498.523397     96.695598
          802.000000 -13912.092383  12498.947122     96.980102
          802.125000 -13912.092383  12499.409712     97.169868
          802.218750 -13911.659517  12499.775259     96.937485
          802.312500 -13911.659517  12500.237848     97.127251
          802.406250 -13911.296447  12501.008042     95.249757
          802.500000 -13908.894552  12505.820927     78.247786
          802.625000 -13909.122618  12506.091086     78.247930
          802.718750 -13910.877351  12504.840878     78.660718
          802.812500 -13914.340285  12513.481238     85.263920
          802.906250 -13917.216673  12488.389301     70.020195
          803.000000 -13905.496825  12500.130167     76.969817
          803.125000 -13906.181024  12500.015465     76.590719
          803.218750 -13907.321354  12500.209785     76.117026
          803.312500 -13908.484951  12500.616086     75.126590
          803.406250 -13909.918555  12500.329450     78.460150
          803.500000 -13912.129420  12500.544739     79.252758
          803.625000 -13912.813618  12500.430036     78.873659
          803.718750 -13913.725883  12500.585493     78.494705
          803.812500 -13912.948622  12500.777452     81.320305
          803.906250 -13913.516492  12500.990615     84.094216
          804.000000 -13914.335694  12500.992033     86.066881
          804.125000 -13914.768561  12501.089075     86.489029
          804.218750 -13915.452760  12501.436962     86.299696
          804.312500 -13916.318493  12501.168458     86.954227
          804.406250 -13916.774626  12501.708775     86.954516
          804.500000 -13917.389027  12501.652015     88.410294
          804.625000 -13917.798628  12501.768372     89.444067
          804.718750 -13918.413030  12501.942906     90.994728
          804.812500 -13918.822631  12501.827968     91.933619
          804.906250 -13919.460298  12501.751894     92.777771
          805.000000 -13919.893165  12501.848936     93.199920
          805.125000 -13920.577364  12501.965529     92.915704
          805.218750 -13921.033496  12502.274552     92.821109
          805.312500 -13921.694429  12502.179163     93.053636
          805.406250 -13922.583428  12502.353934     93.286308
          805.500000 -13923.244361  12502.489840     93.613717
          805.625000 -13923.928559  12502.606433     93.329502
          805.718750 -13924.817558  12502.549909     93.467290
          805.812500 -13925.478491  12502.685815     93.794700
          805.906250 -13926.139424  12502.821722     94.122109
          806.000000 -13927.005158  12502.784511     94.871523
          806.125000 -13927.666091  12502.920418     95.198933
          806.218750 -13928.350289  12503.037010     94.914717
          806.312500 -13929.011222  12502.941622     95.147244
          806.406250 -13929.900221  12503.116393     95.379915
          806.500000 -13930.356354  12503.194121     95.190438
          806.625000 -13931.245353  12503.368891     95.423109
          806.718750 -13932.134352  12503.543662     95.655780
          806.812500 -13932.795285  12503.448274     95.888307
          806.906250 -13933.889084  12503.449928     96.542982
          807.000000 -13934.778083  12503.624698     96.775653
          807.125000 -13935.667083  12503.799469     97.008325
          807.218750 -13936.784148  12504.013103     97.146257
          807.312500 -13937.877947  12504.014757     97.800932
          807.406250 -13938.562146  12504.131350     97.516717
          807.500000 -13939.679211  12504.576279     97.749532
          807.625000 -13941.503741  12505.349781     97.181389
          807.718750 -13942.644072  12505.775397     96.802579
          807.812500 -13943.784403  12506.432307     96.518652
          807.906250 -13944.924734  12506.857922     96.139842
          808.000000 -13946.065064  12507.283537     95.761032
          808.125000 -13946.977329  12507.670288     95.476960
          808.218750 -13948.117660  12508.095904     95.098150
          808.312500 -13949.257991  12508.752813     94.814223
          808.406250 -13950.170256  12509.139565     94.530151
          808.500000 -13951.515387  12509.392063     94.573345
          808.625000 -13952.427652  12510.010109     94.384157
          808.718750 -13953.339917  12510.396860     94.100085
          808.812500 -13954.252181  12510.783612     93.816014
          808.906250 -13955.392512  12511.209227     93.437204
          809.000000 -13956.509578  12511.191567     93.480253
          809.125000 -13957.421842  12511.578318     93.196182
          809.218750 -13958.334107  12511.965069     92.912110
          809.312500 -13959.246372  12512.351820     92.628039
          809.406250 -13960.363437  12512.565455     92.765971
          809.500000 -13961.275702  12512.720911     92.387017
          809.625000 -13962.416033  12512.915232     91.913324
          809.718750 -13963.328298  12513.301983     91.629253
          809.812500 -13964.217297  12513.245459     91.767041
          809.906250 -13965.129561  12513.400915     91.388087
          810.000000 -13966.041826  12513.325077     90.914250
          810.125000 -13966.930825  12513.268553     91.052038
          810.218750 -13967.819824  12512.980734     91.094944
          810.312500 -13968.732089  12512.904895     90.621107
          810.406250 -13969.393022  12512.809507     90.853633
          810.500000 -13965.990705  12511.514058     97.305071
          810.625000 -13973.339944  12512.718370     87.123553
          810.718750 -13963.226055  12509.679945    104.410896
          810.812500 -13964.617717  12509.662521    103.135956
          810.906250 -13964.091788  12508.717557    104.780778
          811.000000 -13964.273323  12507.869870    105.529759
          811.125000 -13970.207634  12509.342215     97.329689
          811.218750 -13976.895940  12512.954863     87.864472
          811.312500 -13995.978798  12525.776944     62.536597
          811.406250 -13974.885286  12509.329042     92.092142
          811.500000 -13976.025617  12509.060773     91.428683
          811.625000 -13977.417279  12509.043349     90.153744
          811.718750 -13978.557610  12509.006375     89.585168
          811.812500 -13979.926007  12508.776970     88.826971
          811.906250 -13980.838272  12508.469837     88.258251
          812.000000 -13981.522471  12508.355134     87.879153
          812.125000 -13982.890868  12508.125730     87.120955
          812.218750 -13983.779867  12507.837911     87.163861
          812.312500 -13984.464065  12507.491914     86.689880
          812.406250 -13985.353065  12504.891147     85.783957
          812.500000 -13986.013997  12508.265180     87.439726
          812.625000 -13986.674930  12507.475908     87.387605
          812.718750 -13987.335863  12507.149225     87.525249
          812.812500 -13988.020062  12507.034522     87.146150
          812.906250 -13988.680995  12506.476544     87.188912
          813.000000 -13989.341928  12506.149861     87.326556
          813.125000 -13990.458993  12505.669612     87.179840
          813.218750 -13991.119926  12505.111634     87.222601
          813.312500 -13992.008925  12504.592520     87.170624
          813.406250 -13992.693124  12504.477818     86.791525
          813.500000 -13993.582123  12503.958704     86.739548
          813.625000 -13994.471122  12503.670885     86.782453
          813.718750 -13995.132055  12503.112908     86.825215
          813.812500 -13995.816253  12502.998205     86.446116
          813.906250 -13996.705252  12502.479092     86.394139
          814.000000 -13997.594251  12501.959978     86.342162
          814.125000 -13998.483250  12501.440864     86.290184
          814.218750 -13999.372250  12500.921751     86.238207
          814.312500 -14000.033182  12500.595068     86.375851
          814.406250 -14000.922182  12500.075954     86.323874
          814.500000 -14001.811181  12499.556840     86.271897
          814.625000 -14002.472114  12498.998863     86.314658
          814.718750 -14003.156312  12498.884160     85.935559
          814.812500 -14004.045311  12498.365047     85.883582
          814.906250 -14004.934310  12497.845933     85.831605
          815.000000 -14005.823309  12497.326819     85.779628
          815.125000 -14006.712309  12496.807706     85.727650
          815.218750 -14007.373241  12496.249728     85.770412
          815.312500 -14008.262241  12495.961909     85.813317
          815.406250 -14009.151240  12495.442795     85.761340
          815.500000 -14009.607372  12495.057934     85.382097
          815.625000 -14010.496371  12494.538821     85.330120
          815.718750 -14011.841503  12494.328730     85.183548
          815.812500 -14012.753767  12494.021597     84.614828
          815.906250 -14013.870833  12493.772642     84.562995
          816.000000 -14014.759832  12493.484823     84.605901
          816.125000 -14015.420765  12492.926845     84.648662
          816.218750 -14016.309764  12492.639026     84.691568
          816.312500 -14016.970697  12492.081049     84.734329
          816.406250 -14017.654895  12486.415273     82.078043
          816.500000 -14018.520629  12491.235252     84.819996
          816.625000 -14019.204827  12486.032066     82.353475
          816.718750 -14020.070561  12488.307803     84.051717
          816.812500 -14020.731494  12489.831478     84.948424
          816.906250 -14021.620493  12489.081069     84.801564
          817.000000 -14022.053359  12488.484227     84.939064
          817.125000 -14022.714292  12487.926250     84.981825
          817.218750 -14023.375225  12487.368272     85.024586
          817.312500 -14024.036158  12486.810294     85.067347
          817.406250 -14024.925157  12486.291181     85.015370
          817.500000 -14025.586090  12485.964498     85.153014
          817.625000 -14026.451824  12485.002109     85.522897
          817.718750 -14027.112756  12484.675426     85.660541
          817.812500 -14027.545623  12483.847289     85.703158
          817.906250 -14028.206556  12483.289311     85.745919
          818.000000 -14028.867489  12482.731334     85.788681
          818.125000 -14029.733222  12482.000239     86.253446
          818.218750 -14030.394155  12481.673556     86.391090
          818.312500 -14031.055088  12481.115579     86.433851
          818.406250 -14031.944087  12480.596465     86.381874
          818.500000 -14032.605020  12480.038487     86.424635
          818.625000 -14033.265953  12479.480509     86.467397
          818.718750 -14034.154952  12478.961396     86.415419
          818.812500 -14034.815885  12478.403418     86.458181
          818.906250 -14035.476818  12477.845440     86.500942
          819.000000 -14035.178955  12476.476750     87.861260
          819.125000 -14036.067954  12475.957637     87.809283
          819.218750 -14036.956953  12475.438523     87.757305
          819.312500 -14037.389820  12474.841681     87.894805
          819.406250 -14038.483620  12474.149451     88.264832
          819.500000 -14039.144552  12473.822768     88.402476
          819.625000 -14040.512950  12473.593363     87.644279
          819.718750 -14041.197148  12473.247366     87.170298
          819.812500 -14042.086147  12472.728252     87.118320
          819.906250 -14042.975146  12472.209139     87.066343
          820.000000 -14043.864145  12471.690025     87.014366
          820.125000 -14044.525078  12471.132047     87.057127
          820.218750 -14045.186011  12470.574070     87.099889
          820.312500 -14045.846944  12470.016092     87.142650
          820.406250 -14046.735943  12469.265684     86.995790
          820.500000 -14047.396876  12468.707706     87.038551
          820.625000 -14048.285875  12468.188592     86.986574
          820.718750 -14048.946808  12467.399320     86.934452
          820.812500 -14049.402941  12467.014458     86.555209
          820.906250 -14050.063873  12466.225186     86.503088
          821.000000 -14050.724806  12465.667208     86.545849
          821.125000 -14051.613805  12464.916800     86.398989
          821.218750 -14052.298004  12464.339508     85.830125
          821.312500 -14052.958937  12463.550236     85.778003
          821.406250 -14053.391804  12463.184688     86.010386
          821.500000 -14054.508869  12462.241849     85.673905
          821.625000 -14055.193067  12461.895852     85.199923
          821.718750 -14055.854000  12461.106580     85.147802
          821.812500 -14056.743000  12460.356171     85.000942
          821.906250 -14057.403932  12459.798194     85.043703
          822.000000 -14058.064865  12459.471511     85.181347
          822.125000 -14058.725798  12458.913533     85.224108
          822.218750 -14059.386731  12458.355555     85.266870
          822.312500 -14060.047664  12457.797577     85.309631
          822.406250 -14060.503796  12457.181421     84.835505
          822.500000 -14061.164729  12456.854738     84.973150
          822.625000 -14062.030463  12456.123644     85.437915
          822.718750 -14062.463330  12455.526802     85.575415
          822.812500 -14063.124262  12454.968825     85.618176
          822.906250 -14063.808461  12454.160238     84.954429
          823.000000 -14064.697460  12453.409830     84.807569
          823.125000 -14065.358393  12452.389262     84.660565
          823.218750 -14066.019326  12452.062579     84.798209
          823.312500 -14066.931591  12450.367678     83.660192
          823.406250 -14067.615789  12449.559091     82.996445
          823.500000 -14068.276722  12448.769819     82.944324
          823.625000 -14068.937655  12447.980546     82.892202
          823.718750 -14069.598588  12446.959979     82.745198
          823.812500 -14070.008189  12446.613746     83.589206
          823.906250 -14070.943719  12445.593415     82.124212
          824.000000 -14071.604652  12444.804142     82.072091
          824.125000 -14072.493651  12444.053734     81.925231
          824.218750 -14072.675186  12442.512163     82.389563
          824.312500 -14073.131319  12441.664713     81.820555
          824.406250 -14073.997052  12443.477860     83.329031
          824.500000 -14074.225118  12442.360251     82.759878
          824.625000 -14074.886051  12442.033568     82.897523
          824.718750 -14075.318918  12441.205431     82.940140
          824.812500 -14075.979851  12440.647454     82.982901
          824.906250 -14076.435983  12432.629866     79.472525
          825.000000 -14078.739911  12437.162498     79.621405
          825.125000 -14078.716645  12437.413107     80.327913
          825.218750 -14079.149512  12437.278855     80.655179
          825.312500 -14079.787179  12436.740191     81.309565
          825.406250 -14080.243311  12436.586625     81.025205
          825.500000 -14080.652913  12435.083918     81.394799
          825.625000 -14081.085779  12434.718371     81.627182
          825.718750 -14081.518646  12434.121529     81.764682
          825.812500 -14081.951513  12433.755982     81.997065
          825.906250 -14082.384379  12432.927845     82.039682
          826.000000 -14083.045312  12432.832457     82.272209
          826.125000 -14083.478179  12431.310436     82.030177
          826.218750 -14084.139112  12430.752459     82.072939
          826.312500 -14084.367178  12430.097438     81.693552
          826.406250 -14085.028111  12429.308166     81.641430
          826.500000 -14085.689044  12428.518893     81.589308
          826.625000 -14086.121911  12427.690757     81.631926
          826.718750 -14086.782844  12426.901484     81.579804
          826.812500 -14087.215710  12426.073348     81.622421
          826.906250 -14087.671843  12425.688487     81.243178
          827.000000 -14088.104709  12424.860350     81.285795
          827.125000 -14088.765642  12424.071078     81.233674
          827.218750 -14089.198509  12423.242941     81.276291
          827.312500 -14089.631376  12422.414804     81.318908
          827.406250 -14090.087508  12422.029943     80.939665
          827.500000 -14090.976507  12422.436008     81.267219
          827.625000 -14091.204573  12422.474873     81.172481
          827.718750 -14091.865506  12422.379484     81.405008
          827.812500 -14092.526439  12422.284096     81.637534
          827.906250 -14092.959306  12422.149844     81.964800
          828.000000 -14093.415438  12422.227572     81.775323
          828.125000 -14094.076371  12422.132184     82.007850
          828.218750 -14094.257906  12421.053202     82.661948
          828.312500 -14094.485972  12420.629477     82.377444
          828.406250 -14095.146905  12420.071499     82.420205
          828.500000 -14095.579772  12419.474657     82.557705
          828.625000 -14096.263971  12420.053839     82.463255
          828.718750 -14096.924904  12419.958451     82.695782
          828.812500 -14097.381036  12420.036179     82.506305
          828.906250 -14097.357770  12417.279956     81.979336
          829.000000 -14097.585836  12416.856231     81.694832
          829.125000 -14098.018703  12417.415863     82.306746
          829.218750 -14098.246769  12416.529548     81.832476
          829.312500 -14098.474836  12416.568412     81.737738
          829.406250 -14098.907702  12415.740276     81.780355
          829.500000 -14099.135768  12416.241729     81.875382
          829.625000 -14099.954971  12432.202484     90.394960
          829.718750 -14100.159771  12432.954546     91.196495
          829.812500 -14099.796701  12418.690583     83.151620
          829.906250 -14100.229568  12423.876109     85.661190
          830.000000 -14100.457634  12423.683679     85.471568
          830.125000 -14100.685700  12423.491248     85.281947
          830.218750 -14100.480900  12422.970480     84.575294
          830.312500 -14101.118567  12430.295838     88.455697
          830.406250 -14100.913767  12427.693417     86.895099
          830.500000 -14100.937032  12425.823745     85.524411
          830.625000 -14100.960298  12424.647958     84.438371
          830.718750 -14101.188364  12423.761643     83.964102
          830.812500 -14101.211630  12421.891971     82.593414
          830.906250 -14101.006829  12421.833792     82.076527
          831.000000 -14101.030095  12420.195415     80.800722
          831.125000 -14101.030095  12419.732826     80.610956
          831.218750 -14101.053360  12419.250922     79.809565
          831.312500 -14101.053360  12418.788333     79.619799
          831.406250 -14101.076626  12417.612545     78.533760
          831.500000 -14101.099892  12413.892515     76.404010
          831.625000 -14100.895091  12415.453400     76.551302
          831.718750 -14100.895091  12413.140453     75.602474
          831.812500 -14100.918357  12413.583728     75.180615
          831.906250 -14100.918357  12413.815023     75.275497
          832.000000 -14100.713556  12413.988139     74.853493
          832.125000 -14100.941622  12413.564414     74.568989
          832.218750 -14100.941622  12414.258298     74.853638
          832.312500 -14100.736822  12413.506235     74.052102
          832.406250 -14100.760088  12413.024332     73.250711
          832.500000 -14100.760088  12413.024332     73.250711
          832.625000 -14100.760088  12413.486921     73.440477
          832.718750 -14100.555287  12413.428743     72.923590
          832.812500 -14100.555287  12412.503564     72.544059
          832.906250 -14100.578553  12412.484250     71.932433
          833.000000 -14100.578553  12411.559071     71.552902
          833.125000 -14100.578553  12411.790366     71.647785
          833.218750 -14100.373752  12412.426072     71.415546
          833.312500 -14100.373752  12411.963482     71.225781
          833.406250 -14100.397018  12411.712873     70.519273
          833.500000 -14100.397018  12411.250284     70.329507
          833.625000 -14100.420283  12411.462264     69.812764
          833.718750 -14100.420283  12411.462264     69.812764
          833.812500 -14100.420283  12411.230970     69.717882
          833.906250 -14100.443549  12411.211656     69.106256
          834.000000 -14100.443549  12411.211656     69.106256
          834.125000 -14100.466815  12411.192341     68.494631
          834.218750 -14100.466815  12411.192341     68.494631
          834.312500 -14100.262014  12411.365458     68.072627
          834.406250 -14100.490080  12411.173027     67.883005
          834.500000 -14100.285280  12411.346144     67.461001
          834.625000 -14100.285280  12411.346144     67.461001
          834.718750 -14100.308545  12411.326830     66.849376
          834.812500 -14100.308545  12411.326830     66.849376
          834.906250 -14100.308545  12411.095535     66.754493
          835.000000 -14100.331811  12411.076221     66.142867
          835.125000 -14100.331811  12411.307515     66.237750
          835.218750 -14100.331811  12411.307515     66.237750
          835.312500 -14100.355077  12411.288201     65.626125
          835.406250 -14100.355077  12411.056907     65.531242
          835.500000 -14100.378342  12411.268887     65.014499
          835.625000 -14100.378342  12411.268887     65.014499
          835.718750 -14100.173542  12411.442004     64.592495
          835.812500 -14100.401608  12411.249573     64.402874
          835.906250 -14100.401608  12411.249573     64.402874
          836.000000 -14100.424874  12411.230259     63.791249
          836.125000 -14100.424874  12411.230259     63.791249
          836.218750 -14100.424874  12411.461554     63.886131
          836.312500 -14100.220073  12411.865965     63.559010
          836.406250 -14100.220073  12411.634670     63.464127
          836.500000 -14100.448139  12411.673534     63.369389
          836.625000 -14100.448139  12411.673534     63.369389
          836.718750 -14100.243339  12411.615356     62.852502
          836.812500 -14100.243339  12411.846651     62.947385
          836.906250 -14100.243339  12411.846651     62.947385
          837.000000 -14100.243339  12411.615356     62.852502
          837.125000 -14099.992007  12412.520985     63.938397
          837.218750 -14099.968741  12413.002888     64.739788
          837.312500 -14099.740675  12413.657909     65.119175
          837.406250 -14099.740675  12413.889203     65.214058
          837.500000 -14099.512609  12414.312929     65.498562
          837.625000 -14099.717409  12414.371107     66.015449
          837.718750 -14099.489343  12414.563538     66.205070
          837.812500 -14099.489343  12414.794832     66.299953
          837.906250 -14099.466078  12414.814146     66.911579
          838.000000 -14099.466078  12415.045441     67.006461
          838.125000 -14099.466078  12415.276736     67.101344
          838.218750 -14099.238011  12415.469167     67.290966
          838.312500 -14099.238011  12415.469167     67.290966
          838.406250 -14099.009945  12415.892892     67.575470
          838.500000 -14099.009945  12416.355481     67.765235
          838.625000 -14099.214746  12416.413660     68.282122
          838.718750 -14098.986680  12416.606090     68.471744
          838.812500 -14099.214746  12416.644954     68.377005
          838.906250 -14098.986680  12416.606090     68.471744
          839.000000 -14098.986680  12416.374795     68.376861
          839.125000 -14098.986680  12416.374795     68.376861
          839.218750 -14098.986680  12416.374795     68.376861
          839.312500 -14098.758613  12416.567226     68.566482
          839.406250 -14098.986680  12416.374795     68.376861
          839.500000 -14098.758613  12416.567226     68.566482
          839.625000 -14098.758613  12416.567226     68.566482
          839.718750 -14098.530547  12416.759657     68.756104
          839.812500 -14098.758613  12417.029816     68.756248
          839.906250 -14098.758613  12417.029816     68.756248
          840.000000 -14098.758613  12417.261110     68.851131
          840.125000 -14098.758613  12417.261110     68.851131
          840.218750 -14098.735348  12417.049130     69.367873
          840.312500 -14098.758613  12417.261110     68.851131
          840.406250 -14098.963414  12417.087994     69.273135
          840.500000 -14098.963414  12417.087994     69.273135
          840.625000 -14098.963414  12417.319289     69.368018
          840.718750 -14098.758613  12417.261110     68.851131
          840.812500 -14098.758613  12417.261110     68.851131
          840.906250 -14098.758613  12417.261110     68.851131
          841.000000 -14098.758613  12417.029816     68.756248
          841.125000 -14098.758613  12417.029816     68.756248
          841.218750 -14098.758613  12417.029816     68.756248
          841.312500 -14098.758613  12416.798521     68.661365
          841.406250 -14098.758613  12416.567226     68.566482
          841.500000 -14098.758613  12416.567226     68.566482
          841.625000 -14098.986680  12416.374795     68.376861
          841.718750 -14098.986680  12416.143501     68.281978
          841.812500 -14098.986680  12416.143501     68.281978
          841.906250 -14098.986680  12416.143501     68.281978
          842.000000 -14099.191480  12415.739090     68.609099
          842.125000 -14099.191480  12415.739090     68.609099
          842.218750 -14099.419546  12415.546659     68.419478
          842.312500 -14099.419546  12415.546659     68.419478
          842.406250 -14099.419546  12415.546659     68.419478
          842.500000 -14099.647613  12415.354228     68.229857
          842.625000 -14099.647613  12415.122934     68.134974
          842.718750 -14100.080479  12414.988681     68.462239
          842.812500 -14100.308545  12414.796251     68.272618
          842.906250 -14100.308545  12414.796251     68.272618
          843.000000 -14100.764678  12414.642684     67.988258
          843.125000 -14100.992744  12414.681548     67.893519
          843.218750 -14101.425611  12414.547296     68.220785
          843.312500 -14101.653677  12414.354865     68.031163
          843.406250 -14101.881743  12414.393729     67.936425
          843.500000 -14102.314610  12414.028182     68.168808
          843.625000 -14102.542676  12414.067046     68.074069
          843.718750 -14102.998808  12413.913480     67.789709
          843.812500 -14103.431675  12413.779227     68.116974
          843.906250 -14103.659741  12413.586797     67.927353
          844.000000 -14103.887807  12413.625661     67.832615
          844.125000 -14104.343940  12413.472094     67.548255
          844.218750 -14104.343940  12413.472094     67.548255
          844.312500 -14104.776807  12413.337842     67.875520
          844.406250 -14105.004873  12413.145411     67.685899
          844.500000 -14105.004873  12413.145411     67.685899
          844.625000 -14105.232939  12413.184275     67.591160
          844.718750 -14105.232939  12413.184275     67.591160
          844.812500 -14105.461005  12413.223139     67.496422
          844.906250 -14105.461005  12413.223139     67.496422
          845.000000 -14105.461005  12413.223139     67.496422
          845.125000 -14105.665806  12413.050023     67.918426
          845.218750 -14105.665806  12413.050023     67.918426
          845.312500 -14105.893872  12413.088887     67.823687
          845.406250 -14105.893872  12413.088887     67.823687
          845.500000 -14105.893872  12413.320182     67.918570
          845.625000 -14105.893872  12413.320182     67.918570
          845.718750 -14105.893872  12413.320182     67.918570
          845.812500 -14105.893872  12413.551477     68.013453
          845.906250 -14106.121938  12413.590341     67.918714
          846.000000 -14106.121938  12413.821635     68.013597
          846.125000 -14106.121938  12414.052930     68.108480
          846.218750 -14106.121938  12414.052930     68.108480
          846.312500 -14106.350004  12414.323089     68.108624
          846.406250 -14106.578070  12414.593248     68.108768
          846.500000 -14106.578070  12414.824542     68.203651
          846.625000 -14106.806137  12415.094701     68.203795
          846.718750 -14106.806137  12415.325996     68.298678
          846.812500 -14107.034203  12415.364860     68.203939
          846.906250 -14107.034203  12415.827450     68.393705
          847.000000 -14107.262269  12416.097608     68.393849
          847.125000 -14107.285535  12416.540884     67.971989
          847.218750 -14107.513601  12416.811043     67.972134
          847.312500 -14107.513601  12417.042337     68.067016
          847.406250 -14107.741667  12417.543791     68.162043
          847.500000 -14107.969733  12417.813950     68.162188
          847.625000 -14108.197799  12418.084109     68.162332
          847.718750 -14108.197799  12418.546698     68.352098
          847.812500 -14108.425865  12418.816857     68.352242
          847.906250 -14108.449131  12419.260132     67.930382
          848.000000 -14108.677197  12419.761586     68.025409
          848.125000 -14108.905264  12420.031745     68.025553
          848.218750 -14108.905264  12420.263039     68.120436
          848.312500 -14109.133330  12420.764493     68.215463
          848.406250 -14109.156595  12421.207768     67.793603
          848.500000 -14109.384662  12421.709222     67.888630
          848.625000 -14109.612728  12421.979381     67.888775
          848.718750 -14109.840794  12422.480834     67.983802
          848.812500 -14110.068860  12422.750993     67.983946
          848.906250 -14110.296926  12423.252447     68.078973
          849.000000 -14110.320192  12423.695722     67.657113
          849.125000 -14110.524992  12423.985195     68.268883
          849.218750 -14110.548258  12424.428470     67.847023
          849.312500 -14110.776324  12424.929924     67.942050
          849.406250 -14111.004390  12425.200083     67.942194
          849.500000 -14111.232457  12425.701536     68.037221
          849.625000 -14111.460523  12425.971695     68.037365
          849.718750 -14111.255722  12426.607401     67.805127
          849.812500 -14111.483788  12426.877560     67.805271
          849.906250 -14111.483788  12427.108854     67.900154
          850.000000 -14111.711855  12427.379013     67.900298
          850.125000 -14111.711855  12427.610308     67.995181
          850.218750 -14111.939921  12427.649172     67.900443
          850.312500 -14111.939921  12427.880467     67.995325
          850.406250 -14112.167987  12427.919331     67.900587
          850.500000 -14112.167987  12427.919331     67.900587
          850.625000 -14112.167987  12427.919331     67.900587
          850.718750 -14112.167987  12427.919331     67.900587
          850.812500 -14111.939921  12427.880467     67.995325
          850.906250 -14112.167987  12427.919331     67.900587
          851.000000 -14112.167987  12427.919331     67.900587
          851.125000 -14112.167987  12427.919331     67.900587
          851.218750 -14111.939921  12427.649172     67.900443
          851.312500 -14111.939921  12427.649172     67.900443
          851.406250 -14111.939921  12427.417877     67.805560
          851.500000 -14111.939921  12427.186583     67.710677
          851.625000 -14111.711855  12427.147719     67.805415
          851.718750 -14111.711855  12426.916424     67.710533
          851.812500 -14111.483788  12426.646265     67.710388
          851.906250 -14111.483788  12426.646265     67.710388
          852.000000 -14111.255722  12426.376106     67.710244
          852.125000 -14111.255722  12426.144811     67.615361
          852.218750 -14111.255722  12425.913517     67.520479
          852.312500 -14111.027656  12425.643358     67.520334
          852.406250 -14111.255722  12425.450927     67.330713
          852.500000 -14111.027656  12425.180768     67.330569
          852.625000 -14111.027656  12424.949474     67.235686
          852.718750 -14111.027656  12424.718179     67.140803
          852.812500 -14110.799590  12424.448020     67.140659
          852.906250 -14110.799590  12424.216725     67.045776
          853.000000 -14110.571524  12423.946567     67.045632
          853.125000 -14110.571524  12423.715272     66.950749
          853.218750 -14110.571524  12423.715272     66.950749
          853.312500 -14110.343458  12423.445113     66.950605
          853.406250 -14110.343458  12423.213818     66.855722
          853.500000 -14110.343458  12422.982523     66.760839
          853.625000 -14110.343458  12422.751229     66.665956
          853.718750 -14110.320192  12422.539248     67.182699
          853.812500 -14110.320192  12422.307953     67.087816
          853.906250 -14110.320192  12422.076659     66.992933
          854.000000 -14110.092126  12422.037795     67.087672
          854.125000 -14110.092126  12421.806500     66.992789
          854.218750 -14110.092126  12421.575205     66.897906
          854.312500 -14109.864060  12421.305046     66.897762
          854.406250 -14109.864060  12421.305046     66.897762
          854.500000 -14109.864060  12421.073752     66.802879
          854.625000 -14109.840794  12420.630476     67.224739
          854.718750 -14109.840794  12420.399182     67.129856
          854.812500 -14109.840794  12420.167887     67.034974
          854.906250 -14109.612728  12419.897728     67.034829
          855.000000 -14109.612728  12419.666433     66.939946
          855.125000 -14109.384662  12419.396274     66.939802
          855.218750 -14109.384662  12419.164980     66.844919
          855.312500 -14109.384662  12418.933685     66.750037
          855.406250 -14109.156595  12418.663526     66.749892
          855.500000 -14109.361396  12418.490410     67.171896
          855.625000 -14108.928529  12418.162073     66.654865
          855.718750 -14109.133330  12417.757661     66.981987
          855.812500 -14108.905264  12417.487503     66.981842
          855.906250 -14108.905264  12417.256208     66.886960
          856.000000 -14108.677197  12416.986049     66.886815
          856.125000 -14108.449131  12416.715890     66.886671
          856.218750 -14108.449131  12416.484595     66.791788
          856.312500 -14108.221065  12416.214437     66.791644
          856.406250 -14108.197799  12415.771161     67.213504
          856.500000 -14108.197799  12415.308572     67.023738
          856.625000 -14107.969733  12415.038413     67.023594
          856.718750 -14107.969733  12414.807118     66.928711
          856.812500 -14107.741667  12414.536959     66.928567
          856.906250 -14107.513601  12414.266801     66.928423
          857.000000 -14107.513601  12413.804211     66.738657
          857.125000 -14107.285535  12413.534052     66.738513
          857.218750 -14107.057468  12413.263893     66.738369
          857.312500 -14106.829402  12412.993735     66.738224
          857.406250 -14106.601336  12412.723576     66.738080
          857.500000 -14106.578070  12412.049006     67.065057
          857.625000 -14106.578070  12411.817711     66.970174
          857.718750 -14106.350004  12411.547552     66.970030
          857.812500 -14106.121938  12411.277393     66.969886
          857.906250 -14106.121938  12411.046099     66.875003
          858.000000 -14105.893872  12410.775940     66.874859
          858.125000 -14105.665806  12410.505781     66.874715
          858.218750 -14105.665806  12410.043191     66.684949
          858.312500 -14105.437739  12409.773033     66.684805
          858.406250 -14105.209673  12409.502874     66.684661
          858.500000 -14105.186408  12409.059598     67.106520
          858.625000 -14104.981607  12409.001420     66.589634
          858.718750 -14104.958341  12408.558145     67.011493
          858.812500 -14104.958341  12408.326850     66.916611
          858.906250 -14104.730275  12408.287986     67.011349
          859.000000 -14104.730275  12408.056691     66.916466
          859.125000 -14104.502209  12407.786533     66.916322
          859.218750 -14104.502209  12407.786533     66.916322
          859.312500 -14104.502209  12407.555238     66.821439
          859.406250 -14104.274143  12407.285079     66.821295
          859.500000 -14104.274143  12407.285079     66.821295
          859.625000 -14104.046077  12407.014920     66.821151
          859.718750 -14104.046077  12406.783625     66.726268
          859.812500 -14103.818011  12406.744761     66.821007
          859.906250 -14103.818011  12406.513467     66.726124
          860.000000 -14103.818011  12406.513467     66.726124
          860.125000 -14103.589944  12406.243308     66.725980
          860.218750 -14103.589944  12406.243308     66.725980
          860.312500 -14103.589944  12406.012013     66.631097
          860.406250 -14103.361878  12405.741854     66.630953
          860.500000 -14103.361878  12405.741854     66.630953
          860.625000 -14103.361878  12405.510559     66.536070
          860.718750 -14103.361878  12405.510559     66.536070
          860.812500 -14103.338613  12405.067284     66.957930
          860.906250 -14103.338613  12405.067284     66.957930
          861.000000 -14103.338613  12405.067284     66.957930
          861.125000 -14103.338613  12405.067284     66.957930
          861.218750 -14103.338613  12405.067284     66.957930
          861.312500 -14103.338613  12405.067284     66.957930
          861.406250 -14103.338613  12404.835989     66.863047
          861.500000 -14103.338613  12405.067284     66.957930
          861.625000 -14103.338613  12405.067284     66.957930
          861.718750 -14103.338613  12405.067284     66.957930
          861.812500 -14103.338613  12405.067284     66.957930
          861.906250 -14103.566679  12405.337443     66.958074
          862.000000 -14103.566679  12405.568738     67.052957
          862.125000 -14103.361878  12405.741854     66.630953
          862.218750 -14103.589944  12406.012013     66.631097
          862.312500 -14103.589944  12406.012013     66.631097
          862.406250 -14103.794745  12406.070191     67.147984
          862.500000 -14103.818011  12406.513467     66.726124
          862.625000 -14104.046077  12406.783625     66.726268
          862.718750 -14104.274143  12407.053784     66.726412
          862.812500 -14104.274143  12407.285079     66.821295
          862.906250 -14104.502209  12407.555238     66.821439
          863.000000 -14104.730275  12407.825397     66.821584
          863.125000 -14104.958341  12408.326850     66.916611
          863.218750 -14104.958341  12408.558145     67.011493
          863.312500 -14105.186408  12408.828304     67.011638
          863.406250 -14105.414474  12409.329757     67.106665
          863.500000 -14105.642540  12409.599916     67.106809
          863.625000 -14105.870606  12410.101370     67.201836
          863.718750 -14106.098672  12410.371529     67.201980
          863.812500 -14106.326739  12410.872982     67.297007
          863.906250 -14106.554805  12411.374436     67.392034
          864.000000 -14106.782871  12411.644594     67.392178
          864.125000 -14107.010937  12412.146048     67.487206
          864.218750 -14107.262269  12412.859482     67.065490
          864.312500 -14107.490335  12413.129641     67.065634
          864.406250 -14107.718401  12413.631095     67.160661
          864.500000 -14107.946467  12414.132548     67.255688
          864.625000 -14108.174534  12414.634002     67.350715
          864.718750 -14108.630666  12415.174319     67.351004
          864.812500 -14108.653932  12415.848889     67.024027
          864.906250 -14108.881998  12416.350343     67.119054
          865.000000 -14109.338130  12416.890661     67.119342
          865.125000 -14109.566196  12417.392114     67.214369
          865.218750 -14110.022329  12417.932432     67.214658
          865.312500 -14110.250395  12418.433885     67.309685
          865.406250 -14110.273661  12419.339750     67.077591
          865.500000 -14110.729793  12419.880068     67.077879
          865.625000 -14110.957859  12420.381521     67.172906
          865.718750 -14111.413992  12420.921839     67.173195
          865.812500 -14111.642058  12421.423293     67.268222
          865.906250 -14111.870124  12422.156041     67.458131
          866.000000 -14112.326256  12422.696359     67.458420
          866.125000 -14112.554322  12423.197812     67.553447
          866.218750 -14112.805654  12424.142541     67.226614
          866.312500 -14113.033720  12424.643995     67.321641
          866.406250 -14113.489853  12425.184312     67.321930
          866.500000 -14113.945985  12425.955925     67.417101
          866.625000 -14114.174051  12426.457378     67.512128
          866.718750 -14114.425383  12427.170812     67.090412
          866.812500 -14114.653449  12427.903561     67.280322
          866.906250 -14115.109582  12428.443878     67.280611
          867.000000 -14115.132847  12429.118448     66.953634
          867.125000 -14115.588980  12429.658766     66.953922
          867.218750 -14115.612245  12430.564631     66.721828
          867.312500 -14116.068378  12431.104949     66.722116
          867.406250 -14116.524510  12431.876561     66.817288
          867.500000 -14116.547776  12432.551131     66.490311
          867.625000 -14117.003908  12433.091449     66.490599
          867.718750 -14117.231974  12433.592902     66.585626
          867.812500 -14117.688107  12434.364515     66.680797
          867.906250 -14117.711372  12435.039085     66.353820
          868.000000 -14117.939439  12435.540538     66.448848
          868.125000 -14118.395571  12436.080856     66.449136
          868.218750 -14118.623637  12436.582309     66.544163
          868.312500 -14118.851703  12437.083763     66.639190
          868.406250 -14119.079769  12437.353922     66.639334
          868.500000 -14119.103035  12438.028492     66.312357
          868.625000 -14119.331101  12438.298651     66.312502
          868.718750 -14119.331101  12438.529945     66.407384
          868.812500 -14119.559167  12438.800104     66.407529
          868.906250 -14119.559167  12438.800104     66.407529
          869.000000 -14119.559167  12439.031399     66.502411
          869.125000 -14119.787234  12439.070263     66.407673
          869.218750 -14119.787234  12439.070263     66.407673
          869.312500 -14119.582433  12439.243380     65.985669
          869.406250 -14119.810499  12439.282244     65.890930
          869.500000 -14119.810499  12439.282244     65.890930
          869.625000 -14119.810499  12439.282244     65.890930
          869.718750 -14119.582433  12439.243380     65.985669
          869.812500 -14119.582433  12439.012085     65.890786
          869.906250 -14119.582433  12439.012085     65.890786
          870.000000 -14119.354367  12438.741926     65.890642
          870.125000 -14119.354367  12438.510631     65.795759
          870.218750 -14119.126301  12438.240472     65.795615
          870.312500 -14119.126301  12438.240472     65.795615
          870.406250 -14118.898235  12437.970314     65.795470
          870.500000 -14118.898235  12437.739019     65.700588
          870.625000 -14118.670168  12437.468860     65.700443
          870.718750 -14118.442102  12437.198701     65.700299
          870.812500 -14118.442102  12436.967407     65.605416
          870.906250 -14118.214036  12436.928542     65.700155
          871.000000 -14117.985970  12436.427089     65.605128
          871.125000 -14117.757904  12436.156930     65.604984
          871.218750 -14117.757904  12435.925635     65.510101
          871.312500 -14117.734638  12435.482360     65.931961
          871.406250 -14117.506572  12435.212201     65.931816
          871.500000 -14117.278506  12434.942042     65.931672
          871.625000 -14117.050439  12434.671883     65.931528
          871.718750 -14116.822373  12434.401725     65.931384
          871.812500 -14116.594307  12433.900271     65.836357
          871.906250 -14116.366241  12433.630112     65.836212
          872.000000 -14116.138175  12433.359953     65.836068
          872.125000 -14115.910109  12432.858500     65.741041
          872.218750 -14115.910109  12432.627205     65.646158
          872.312500 -14115.682042  12432.357046     65.646014
          872.406250 -14115.658777  12431.682476     65.972991
          872.500000 -14115.430710  12431.412317     65.972847
          872.625000 -14115.202644  12431.142159     65.972703
          872.718750 -14114.974578  12430.872000     65.972558
          872.812500 -14114.746512  12430.370546     65.877531
          872.906250 -14114.518446  12430.100387     65.877387
          873.000000 -14114.290380  12429.830229     65.877243
          873.125000 -14114.290380  12429.598934     65.782360
          873.218750 -14113.834247  12429.289911     65.876954
          873.312500 -14113.834247  12429.058616     65.782072
          873.406250 -14113.810982  12428.615341     66.203931
          873.500000 -14113.354849  12428.306318     66.298526
          873.625000 -14113.354849  12428.075023     66.203643
          873.718750 -14113.126783  12427.804864     66.203499
          873.812500 -14112.898717  12427.534705     66.203355
          873.906250 -14112.670651  12427.264547     66.203210
          874.000000 -14112.647385  12426.821271     66.625070
          874.125000 -14112.419319  12426.551112     66.624926
          874.218750 -14112.191253  12426.280954     66.624782
          874.312500 -14111.963186  12426.010795     66.624637
          874.406250 -14111.735120  12425.740636     66.624493
          874.500000 -14111.735120  12425.509341     66.529610
          874.625000 -14111.507054  12425.239182     66.529466
          874.718750 -14111.278988  12424.969024     66.529322
          874.812500 -14111.255722  12424.757043     67.046065
          874.906250 -14111.027656  12424.486884     67.045920
          875.000000 -14110.799590  12424.216725     67.045776
          875.125000 -14110.776324  12424.004745     67.562519
          875.218750 -14110.548258  12423.734586     67.562374
          875.312500 -14110.524992  12423.522605     68.079117
          875.406250 -14110.273661  12423.271761     68.690598
          875.500000 -14110.273661  12423.040466     68.595716
          875.625000 -14110.022329  12422.789621     69.207197
          875.718750 -14109.794263  12422.750757     69.301935
          875.812500 -14109.770997  12422.538777     69.818678
          875.906250 -14109.747731  12422.326796     70.335421
          876.000000 -14109.496399  12422.075951     70.946902
          876.125000 -14109.496399  12422.075951     70.946902
          876.218750 -14109.245068  12421.593812     71.463500
          876.312500 -14109.245068  12421.593812     71.463500
          876.406250 -14109.221802  12421.381831     71.980243
          876.500000 -14108.993736  12421.111673     71.980099
          876.625000 -14108.970470  12420.899692     72.496841
          876.718750 -14108.742404  12420.629533     72.496697
          876.812500 -14108.514338  12420.590669     72.591435
          876.906250 -14108.719138  12420.186258     72.918557
          877.000000 -14108.491072  12420.147394     73.013295
          877.125000 -14108.263006  12419.877235     73.013151
          877.218750 -14108.034940  12419.607076     73.013007
          877.312500 -14108.034940  12419.375781     72.918124
          877.406250 -14107.806874  12419.105622     72.917980
          877.500000 -14107.578807  12418.835464     72.917836
          877.625000 -14107.350741  12418.565305     72.917691
          877.718750 -14107.555542  12418.160894     73.244813
          877.812500 -14107.327476  12417.890735     73.244668
          877.906250 -14107.099409  12417.620576     73.244524
          878.000000 -14106.871343  12417.350417     73.244380
          878.125000 -14106.871343  12417.119122     73.149497
          878.218750 -14106.643277  12416.848964     73.149353
          878.312500 -14106.415211  12416.578805     73.149209
          878.406250 -14106.187145  12416.077351     73.054182
          878.500000 -14105.959079  12415.807192     73.054037
          878.625000 -14105.707747  12415.325053     73.570636
          878.718750 -14105.707747  12414.862463     73.380870
          878.812500 -14105.251614  12414.553440     73.475464
          878.906250 -14105.023548  12414.051987     73.380437
          879.000000 -14104.795482  12413.781828     73.380293
          879.125000 -14104.339350  12413.241510     73.380005
          879.218750 -14104.111283  12412.740057     73.284978
          879.312500 -14104.088018  12412.296782     73.706838
          879.406250 -14103.631885  12411.756464     73.706549
          879.500000 -14103.403819  12411.255010     73.611522
          879.625000 -14103.175753  12410.984851     73.611378
          879.718750 -14102.719621  12410.444534     73.611089
          879.812500 -14102.491554  12409.943080     73.516062
          879.906250 -14102.240223  12409.229646     73.937778
          880.000000 -14102.012156  12408.959487     73.937634
          880.125000 -14101.784090  12408.458034     73.842607
          880.218750 -14101.327958  12407.917716     73.842318
          880.312500 -14101.099892  12407.416262     73.747291
          880.406250 -14100.643759  12407.107240     73.841885
          880.500000 -14100.620494  12406.432669     74.168862
          880.625000 -14100.392428  12405.931216     74.073835
          880.718750 -14099.936295  12405.622193     74.168430
          880.812500 -14099.708229  12405.120739     74.073403
          880.906250 -14099.252097  12404.580422     74.073114
          881.000000 -14099.024030  12404.310263     74.072970
          881.125000 -14098.567898  12403.769945     74.072682
          881.218750 -14098.339832  12403.268492     73.977654
          881.312500 -14098.316566  12402.593922     74.304631
          881.406250 -14097.860434  12402.284899     74.399226
          881.500000 -14097.632368  12401.783445     74.304199
          881.625000 -14097.404302  12401.513286     74.304055
          881.718750 -14097.381036  12401.070011     74.725914
          881.812500 -14097.129704  12400.587872     75.242513
          881.906250 -14096.696837  12400.259535     74.725482
          882.000000 -14096.673572  12400.047554     75.242224
          882.125000 -14096.492037  12399.970062     74.113712
          882.218750 -14096.445505  12399.546100     75.147197
          882.312500 -14096.217439  12399.275942     75.147053
          882.406250 -14096.422240  12399.102825     75.569057
          882.500000 -14096.217439  12399.044647     75.052170
          882.625000 -14095.989373  12399.005783     75.146909
          882.718750 -14095.989373  12399.005783     75.146909
          882.812500 -14095.989373  12399.005783     75.146909
          882.906250 -14095.761307  12398.735624     75.146765
          883.000000 -14095.761307  12398.735624     75.146765
          883.125000 -14095.966107  12398.562507     75.568769
          883.218750 -14095.761307  12398.504329     75.051882
          883.312500 -14095.761307  12398.504329     75.051882
          883.406250 -14095.533241  12398.465465     75.146620
          883.500000 -14095.533241  12398.465465     75.146620
          883.625000 -14095.533241  12398.465465     75.146620
          883.718750 -14095.533241  12398.234170     75.051738
          883.812500 -14095.533241  12398.234170     75.051738
          883.906250 -14095.533241  12398.234170     75.051738
          884.000000 -14095.533241  12398.234170     75.051738
          884.125000 -14095.533241  12398.234170     75.051738
          884.218750 -14095.533241  12398.234170     75.051738
          884.312500 -14095.761307  12398.504329     75.051882
          884.406250 -14095.761307  12398.504329     75.051882
          884.500000 -14095.761307  12398.504329     75.051882
          884.625000 -14095.761307  12398.735624     75.146765
          884.718750 -14095.761307  12398.735624     75.146765
          884.812500 -14095.989373  12398.774488     75.052026
          884.906250 -14095.989373  12399.005783     75.146909
          885.000000 -14095.989373  12399.005783     75.146909
          885.125000 -14096.217439  12399.275942     75.147053
          885.218750 -14096.217439  12399.507236     75.241936
          885.312500 -14096.445505  12399.546100     75.147197
          885.406250 -14096.445505  12399.777395     75.242080
          885.500000 -14096.673572  12399.816259     75.147341
          885.625000 -14096.673572  12400.047554     75.242224
          885.718750 -14096.901638  12400.317713     75.242369
          885.812500 -14097.129704  12400.587872     75.242513
          885.906250 -14096.924904  12400.760988     74.820509
          886.000000 -14097.152970  12401.031147     74.820653
          886.125000 -14097.152970  12401.262442     74.915536
          886.218750 -14097.381036  12401.532600     74.915680
          886.312500 -14097.609102  12401.802759     74.915824
          886.406250 -14097.609102  12402.034054     75.010707
          886.500000 -14097.837168  12402.304213     75.010851
          886.625000 -14098.065234  12402.574372     75.010995
          886.718750 -14098.293301  12402.844531     75.011140
          886.812500 -14098.521367  12403.114689     75.011284
          886.906250 -14098.749433  12403.384848     75.011428
          887.000000 -14098.749433  12403.616143     75.106311
          887.125000 -14098.977499  12404.117597     75.201338
          887.218750 -14099.205565  12404.387755     75.201482
          887.312500 -14099.433632  12404.657914     75.201627
          887.406250 -14099.661698  12405.159368     75.296654
          887.500000 -14099.889764  12405.429527     75.296798
          887.625000 -14099.913030  12405.872802     74.874938
          887.718750 -14100.141096  12406.374255     74.969965
          887.812500 -14100.597228  12406.683278     74.875371
          887.906250 -14100.825294  12407.184732     74.970398
          888.000000 -14101.053360  12407.686186     75.065425
          888.125000 -14101.281427  12407.956344     75.065569
          888.218750 -14101.509493  12408.457798     75.160596
          888.312500 -14101.965625  12408.766821     75.066002
          888.406250 -14102.193691  12409.268274     75.161029
          888.500000 -14102.421758  12409.769728     75.256056
          888.625000 -14102.673089  12410.483162     74.834340
          888.718750 -14102.901156  12410.984616     74.929367
          888.812500 -14103.357288  12411.524933     74.929656
          888.906250 -14103.585354  12412.026387     75.024683
          889.000000 -14104.041486  12412.566705     75.024971
          889.125000 -14104.269553  12413.068158     75.119998
          889.218750 -14104.725685  12413.608476     75.120287
          889.312500 -14105.181817  12414.148793     75.120575
          889.406250 -14105.409884  12414.650247     75.215602
          889.500000 -14105.661215  12415.594976     74.888769
          889.625000 -14106.117348  12416.135294     74.889058
          889.718750 -14106.573480  12416.675611     74.889346
          889.812500 -14106.801546  12417.408360     75.079256
          889.906250 -14107.257679  12417.948677     75.079545
          890.000000 -14107.713811  12418.720290     75.174716
          890.125000 -14108.169943  12419.260607     75.175004
          890.218750 -14108.421275  12420.205336     74.848172
          890.312500 -14108.877408  12420.745654     74.848460
          890.406250 -14109.333540  12421.517266     74.943631
          890.500000 -14109.789672  12422.288879     75.038803
          890.625000 -14110.245805  12422.829196     75.039091
          890.718750 -14110.701937  12423.600809     75.134262
          890.812500 -14111.158069  12424.372421     75.229434
          890.906250 -14111.614202  12425.144033     75.324605
          891.000000 -14111.865534  12426.088762     74.997772
          891.125000 -14112.549732  12426.667944     74.903322
          891.218750 -14113.005865  12427.439556     74.998493
          891.312500 -14113.461997  12428.211169     75.093665
          891.406250 -14113.918129  12428.982781     75.188836
          891.500000 -14114.169461  12429.927510     74.862003
          891.625000 -14114.853660  12430.737987     74.862436
          891.718750 -14115.309792  12431.509599     74.957607
          891.812500 -14115.765924  12432.281211     75.052778
          891.906250 -14116.450123  12433.091688     75.053211
          892.000000 -14116.906255  12433.863300     75.148382
          892.125000 -14117.157587  12434.808029     74.821550
          892.218750 -14117.613720  12435.579642     74.916721
          892.312500 -14118.297918  12436.390118     74.917154
          892.406250 -14118.754050  12437.161731     75.012325
          892.500000 -14119.210183  12437.933343     75.107496
          892.625000 -14119.666315  12438.704955     75.202667
          892.718750 -14120.145713  12439.688548     74.781096
          892.812500 -14120.601846  12440.460161     74.876267
          892.906250 -14121.057978  12441.231773     74.971439
          893.000000 -14121.514110  12442.003385     75.066610
          893.125000 -14122.198309  12442.813862     75.067042
          893.218750 -14122.449641  12443.758591     74.740210
          893.312500 -14122.905773  12444.530203     74.835381
          893.406250 -14123.589972  12445.340680     74.835814
          893.500000 -14124.046104  12446.112292     74.930985
          893.625000 -14124.502236  12446.883905     75.026156
          893.718750 -14124.958369  12447.655517     75.121328
          893.812500 -14125.209701  12448.600246     74.794495
          893.906250 -14125.893899  12449.410722     74.794927
          894.000000 -14126.350031  12450.182335     74.890099
          894.125000 -14126.806164  12450.953947     74.985270
          894.218750 -14127.262296  12451.725559     75.080441
          894.312500 -14127.513628  12452.670288     74.753608
          894.406250 -14128.197827  12453.480765     74.754041
          894.500000 -14128.653959  12454.252377     74.849212
          894.625000 -14129.110091  12455.023990     74.944384
          894.718750 -14129.566224  12455.564307     74.944672
          894.812500 -14130.022356  12456.335920     75.039843
          894.906250 -14130.501754  12457.319513     74.618272
          895.000000 -14130.957886  12458.091125     74.713443
          895.125000 -14131.414019  12458.862737     74.808615
          895.218750 -14131.870151  12459.634350     74.903786
          895.312500 -14132.326284  12460.174668     74.904074
          895.406250 -14132.782416  12460.946280     74.999246
          895.500000 -14133.033748  12461.891009     74.672413
          895.625000 -14133.489880  12462.662621     74.767584
          895.718750 -14133.946012  12463.202939     74.767873
          895.812500 -14134.402145  12463.974551     74.863044
          895.906250 -14135.086343  12464.785028     74.863477
          896.000000 -14135.314410  12465.286481     74.958504
          896.125000 -14135.565741  12466.231210     74.631671
          896.218750 -14136.021874  12467.002823     74.726842
          896.312500 -14136.706072  12467.582004     74.632392
          896.406250 -14136.934139  12468.314753     74.822302
          896.500000 -14137.618337  12469.125229     74.822735
          896.625000 -14138.074469  12469.665547     74.823023
          896.718750 -14138.302536  12470.398295     75.012933
          896.812500 -14138.553867  12471.343024     74.686100
          896.906250 -14139.010000  12471.883342     74.686389
          897.000000 -14139.466132  12472.423659     74.686677
          897.125000 -14139.922265  12473.195272     74.781848
          897.218750 -14140.355131  12473.523609     75.298879
          897.312500 -14140.583197  12474.025062     75.393906
          897.406250 -14140.811264  12474.526516     75.488934
          897.500000 -14141.039330  12474.796675     75.489078
          897.625000 -14141.244130  12475.086148     76.100847
          897.718750 -14141.244130  12475.317443     76.195730
          897.812500 -14141.448931  12475.375621     76.712617
          897.906250 -14141.653731  12475.433799     77.229504
          898.000000 -14141.653731  12475.665094     77.324387
          898.125000 -14141.858532  12475.723272     77.841274
          898.218750 -14142.063333  12475.781450     78.358160
          898.312500 -14142.040067  12475.800764     78.969786
          898.406250 -14142.040067  12476.032059     79.064669
          898.500000 -14142.016801  12476.051373     79.676294
          898.625000 -14142.221602  12476.109552     80.193181
          898.718750 -14142.198336  12476.128866     80.804806
          898.812500 -14142.198336  12476.360160     80.899689
          898.906250 -14142.175071  12476.148180     81.416432
          899.000000 -14142.379871  12476.206358     81.933319
          899.125000 -14142.151805  12476.398789     82.122940
          899.218750 -14142.128539  12476.418103     82.734566
          899.312500 -14142.128539  12476.418103     82.734566
          899.406250 -14142.105274  12476.437417     83.346191
          899.500000 -14142.105274  12476.437417     83.346191
          899.625000 -14141.877207  12476.629848     83.535812
          899.718750 -14141.853942  12476.649162     84.147438
          899.812500 -14141.853942  12476.649162     84.147438
          899.906250 -14141.625876  12476.841592     84.337059
          900.000000 -14141.625876  12476.841592     84.337059
          900.125000 -14141.397809  12476.802728     84.431798
          900.218750 -14141.169743  12476.995159     84.621419
          900.312500 -14140.964943  12477.168275     84.199415
          900.406250 -14140.736876  12477.360706     84.389036
          900.500000 -14140.508810  12477.553137     84.578658
          900.625000 -14140.280744  12477.514273     84.673396
          900.718750 -14139.847877  12477.879820     84.441014
          900.812500 -14139.619811  12477.840956     84.535752
          900.906250 -14139.391745  12478.033386     84.725374
          901.000000 -14138.958878  12478.398933     84.492991
          901.125000 -14138.730812  12478.591364     84.682612
          901.218750 -14138.297945  12478.725616     84.355347
          901.312500 -14137.841813  12478.879183     84.639707
          901.406250 -14137.408946  12479.244730     84.407324
          901.500000 -14137.180880  12479.437161     84.596946
          901.625000 -14136.724748  12479.590727     84.881306
          901.718750 -14136.291881  12479.956274     84.648923
          901.812500 -14135.630948  12480.282957     84.511279
          901.906250 -14135.402882  12480.244093     84.606017
          902.000000 -14134.741949  12480.570776     84.468373
          902.125000 -14134.513883  12480.763207     84.657995
          902.218750 -14133.852950  12481.321185     84.615233
          902.312500 -14133.396818  12481.474751     84.899593
          902.406250 -14132.963951  12481.840298     84.667211
          902.500000 -14132.303018  12482.166981     84.529567
          902.625000 -14131.846886  12482.320548     84.813926
          902.718750 -14131.185953  12482.647231     84.676282
          902.812500 -14130.957886  12482.839661     84.865904
          902.906250 -14130.296954  12483.166344     84.728260
          903.000000 -14129.636021  12483.493027     84.590616
          903.125000 -14129.179888  12483.646594     84.874975
          903.218750 -14128.518955  12484.204572     84.832214
          903.312500 -14127.858022  12484.531255     84.694570
          903.406250 -14127.629956  12484.723685     84.884191
          903.500000 -14126.969023  12485.050368     84.746547
          903.625000 -14126.512891  12485.203935     85.030907
          903.718750 -14125.851958  12485.761913     84.988146
          903.812500 -14125.191025  12486.088596     84.850502
          903.906250 -14124.530092  12486.415279     84.712858
          904.000000 -14124.073960  12486.568845     84.997218
          904.125000 -14123.641093  12487.165687     84.859718
          904.218750 -14122.980160  12487.492370     84.722074
          904.312500 -14122.319227  12487.819053     84.584430
          904.406250 -14121.863095  12487.972620     84.868790
          904.500000 -14121.202162  12488.530597     84.826028
          904.625000 -14120.541229  12488.857280     84.688384
          904.718750 -14119.880296  12489.183963     84.550740
          904.812500 -14119.424164  12489.568825     84.929983
          904.906250 -14118.763231  12489.895508     84.792339
          905.000000 -14117.874232  12490.183326     84.749433
          905.125000 -14117.213299  12490.741304     84.706672
          905.218750 -14116.757167  12490.894871     84.991032
          905.312500 -14116.096234  12491.221554     84.853388
          905.406250 -14115.435301  12491.779531     84.810627
          905.500000 -14114.774368  12492.106214     84.672982
          905.625000 -14114.318235  12492.491076     85.052225
          905.718750 -14113.657303  12492.817759     84.914581
          905.812500 -14112.996370  12493.144442     84.776937
          905.906250 -14112.335437  12493.702419     84.734176
          906.000000 -14111.674504  12494.029103     84.596532
          906.125000 -14111.218371  12494.413964     84.975774
          906.218750 -14110.557439  12494.740647     84.838130
          906.312500 -14109.668439  12495.259760     84.890108
          906.406250 -14109.007507  12495.586443     84.752463
          906.500000 -14108.346574  12496.144421     84.709702
          906.625000 -14107.890441  12496.297988     84.994062
          906.718750 -14107.229508  12496.855965     84.951301
          906.812500 -14106.568575  12497.182648     84.813657
          906.906250 -14105.907642  12497.740626     84.770895
          907.000000 -14105.246710  12498.067309     84.633251
          907.125000 -14104.813843  12498.664151     84.495752
          907.218750 -14104.357710  12499.049012     84.874994
          907.312500 -14103.468711  12499.336831     84.832089
          907.406250 -14102.807778  12499.894809     84.789327
          907.500000 -14102.146846  12500.452787     84.746566
          907.625000 -14101.713979  12500.818334     84.514183
          907.718750 -14101.257846  12501.203195     84.893426
          907.812500 -14100.596914  12501.761173     84.850665
          907.906250 -14099.707914  12502.048992     84.807759
          908.000000 -14099.275048  12502.645834     84.670260
          908.125000 -14098.614115  12502.972517     84.532615
          908.218750 -14097.953182  12503.530494     84.489854
          908.312500 -14097.497050  12503.915356     84.869097
          908.406250 -14096.836117  12504.242039     84.731453
          908.500000 -14096.175184  12504.800016     84.688692
          908.625000 -14095.514251  12505.357994     84.645930
          908.718750 -14094.853318  12505.684677     84.508286
          908.812500 -14094.397186  12506.069538     84.887529
          908.906250 -14093.736253  12506.627516     84.844768
          909.000000 -14093.075320  12506.954199     84.707123
          909.125000 -14092.642453  12507.551041     84.569624
          909.218750 -14091.753454  12507.838860     84.526718
          909.312500 -14091.297322  12508.223721     84.905961
          909.406250 -14090.636389  12508.781699     84.863200
          909.500000 -14090.203522  12509.147246     84.630817
          909.625000 -14089.314523  12509.666360     84.682794
          909.718750 -14088.881656  12510.263201     84.545294
          909.812500 -14088.220723  12510.589884     84.407650
          909.906250 -14087.764591  12510.974746     84.786893
          910.000000 -14087.103658  12511.532723     84.744132
          910.125000 -14086.442725  12511.859406     84.606488
          910.218750 -14085.781792  12512.417384     84.563726
          910.312500 -14085.120859  12512.975362     84.520965
          910.406250 -14084.459926  12513.302045     84.383321
          910.500000 -14084.003794  12513.686906     84.762564
          910.625000 -14083.342861  12514.244884     84.719802
          910.718750 -14082.681928  12514.802862     84.677041
          910.812500 -14082.225796  12514.956428     84.961401
          910.906250 -14081.564863  12515.514406     84.918640
          911.000000 -14080.675864  12516.033520     84.970617
          911.125000 -14080.219731  12516.418381     85.349860
          911.218750 -14079.763599  12516.803242     85.729103
          911.312500 -14079.102666  12517.361220     85.686341
          911.406250 -14078.418467  12517.707217     86.160323
          911.500000 -14077.962335  12518.092078     86.539565
          911.625000 -14077.278137  12518.438075     87.013547
          911.718750 -14076.822004  12518.822937     87.392789
          911.812500 -14076.365872  12519.207798     87.772032
          911.906250 -14075.681673  12519.553795     88.246014
          912.000000 -14075.020740  12520.111773     88.203252
          912.125000 -14074.564608  12520.496634     88.582495
          912.218750 -14073.880409  12520.842631     89.056476
          912.312500 -14073.424277  12521.227492     89.435719
          912.406250 -14072.968145  12521.843648     89.909845
          912.500000 -14072.283946  12522.189646     90.383826
          912.625000 -14071.827814  12522.574507     90.763069
          912.718750 -14071.371681  12522.959368     91.142312
          912.812500 -14070.915549  12523.344229     91.521554
          912.906250 -14070.459417  12523.497796     91.805914
          913.000000 -14069.775218  12523.843793     92.279896
          913.125000 -14069.114285  12524.401771     92.237134
          913.218750 -14068.658153  12524.786632     92.616377
          913.312500 -14068.202020  12525.171493     92.995620
          913.406250 -14067.745888  12525.556355     93.374863
          913.500000 -14067.289756  12525.941216     93.754105
          913.625000 -14066.833623  12526.326077     94.133348
          913.718750 -14066.172690  12526.884055     94.090587
          913.812500 -14065.716558  12527.037621     94.374947
          913.906250 -14065.032359  12527.383619     94.848928
          914.000000 -14064.576227  12527.768480     95.228171
          914.125000 -14063.915294  12528.326458     95.185410
          914.218750 -14063.459162  12528.711319     95.564652
          914.312500 -14063.003029  12529.096180     95.943895
          914.406250 -14062.342097  12529.422863     95.806251
          914.500000 -14061.885964  12529.807724     96.185494
          914.625000 -14061.429832  12530.192586     96.564736
          914.718750 -14060.768899  12530.750563     96.521975
          914.812500 -14060.312767  12530.904130     96.806335
          914.906250 -14059.651834  12531.462108     96.763574
          915.000000 -14059.195701  12531.846969     97.142817
          915.125000 -14058.534768  12532.173652     97.005173
          915.218750 -14058.078636  12532.558513     97.384415
          915.312500 -14057.417703  12533.116491     97.341654
          915.406250 -14056.961571  12533.501352     97.720897
          915.500000 -14056.277372  12533.847349     98.194878
          915.625000 -14055.616439  12534.405327     98.152117
          915.718750 -14055.160307  12534.558894     98.436477
          915.812500 -14054.499374  12535.116871     98.393715
          915.906250 -14054.043242  12535.501733     98.772958
          916.000000 -14053.382309  12536.059710     98.730197
          916.125000 -14052.926176  12536.213277     99.014557
          916.218750 -14052.265243  12536.771255     98.971796
          916.312500 -14051.604310  12537.329232     98.929034
          916.406250 -14050.943378  12537.655915     98.791390
          916.500000 -14050.487245  12538.040777     99.170633
          916.625000 -14049.826312  12538.367460     99.032989
          916.718750 -14049.165379  12538.925437     98.990228
          916.812500 -14048.709247  12539.310299     99.369470
          916.906250 -14048.048314  12539.636982     99.231826
          917.000000 -14047.387381  12540.194959     99.189065
          917.125000 -14047.159315  12540.618685     99.473569
          917.218750 -14046.498382  12540.945368     99.335925
          917.312500 -14045.837449  12541.503345     99.293164
          917.406250 -14045.176516  12541.830029     99.155520
          917.500000 -14044.720384  12542.214890     99.534762
          917.625000 -14044.059451  12542.541573     99.397118
          917.718750 -14043.398518  12543.099551     99.354357
          917.812500 -14042.737585  12543.657528     99.311596
          917.906250 -14042.281453  12543.811095     99.595956
          918.000000 -14041.620520  12544.369073     99.553194
          918.125000 -14040.959587  12544.927050     99.510433
          918.218750 -14040.503455  12545.080617     99.794793
          918.312500 -14039.842522  12545.638595     99.752032
          918.406250 -14039.158323  12545.984592    100.226013
          918.500000 -14038.497390  12546.542569    100.183252
          918.625000 -14038.041258  12546.927431    100.562495
          918.718750 -14037.380325  12547.254114    100.424850
          918.812500 -14036.924193  12547.638975    100.804093
          918.906250 -14036.468060  12548.023836    101.183336
          919.000000 -14035.807127  12548.581814    101.140575
          919.125000 -14035.122929  12548.927811    101.614556
          919.218750 -14034.461996  12549.254494    101.476912
          919.312500 -14034.005863  12549.639355    101.856155
          919.406250 -14033.344931  12550.197333    101.813393
          919.500000 -14032.888798  12550.582194    102.192636
          919.625000 -14032.227865  12550.908877    102.054992
          919.718750 -14031.771733  12551.293739    102.434235
          919.812500 -14031.110800  12551.851716    102.391473
          919.906250 -14030.654668  12552.005283    102.675833
          920.000000 -14029.993735  12552.563261    102.633072
          920.125000 -14029.537602  12552.948122    103.012315
          920.218750 -14028.876669  12553.274805    102.874671
          920.312500 -14028.648603  12553.698530    103.159175
          920.406250 -14027.987670  12554.025213    103.021531
          920.500000 -14027.326737  12554.583191    102.978770
          920.625000 -14026.870605  12554.736758    103.263130
          920.718750 -14026.209672  12555.294735    103.220368
          920.812500 -14025.776805  12555.660282    102.987986
          920.906250 -14025.320673  12556.045144    103.367228
          921.000000 -14024.659740  12556.371827    103.229584
          921.125000 -14024.226873  12556.968669    103.092084
          921.218750 -14023.565941  12557.295352    102.954440
          921.312500 -14023.109808  12557.680213    103.333683
          921.406250 -14022.448875  12558.006896    103.196039
          921.500000 -14022.016009  12558.372443    102.963656
          921.625000 -14021.559876  12558.526009    103.248016
          921.718750 -14020.898943  12559.083987    103.205255
          921.812500 -14020.442811  12559.237554    103.489615
          921.906250 -14019.781878  12559.564237    103.351971
          922.000000 -14019.349011  12559.698489    103.024705
          922.125000 -14018.892879  12559.852056    103.309065
          922.218750 -14018.231946  12560.178739    103.171421
          922.312500 -14017.775814  12560.101010    103.360898
          922.406250 -14017.114881  12560.427693    103.223254
          922.500000 -14016.658748  12560.349965    103.412731
          922.625000 -14015.997815  12560.676648    103.275087
          922.718750 -14015.541683  12560.598920    103.464564
          922.812500 -14014.652684  12560.655444    103.326776
          922.906250 -14014.196552  12560.577716    103.516253
          923.000000 -14013.535619  12560.673104    103.283726
          923.125000 -14013.079486  12560.595376    103.473203
          923.218750 -14012.418553  12560.690764    103.240677
          923.312500 -14011.962421  12560.381741    103.335271
          923.406250 -14011.506289  12560.304013    103.524748
          923.500000 -14010.845356  12560.168107    103.197338
          923.625000 -14010.389223  12560.090379    103.386815
          923.718750 -14009.933091  12560.012650    103.576293
          923.812500 -14009.044092  12559.837880    103.343621
          923.906250 -14008.587959  12559.528857    103.438216
          924.000000 -14008.131827  12559.451129    103.627693
          924.125000 -14007.470894  12559.315222    103.300283
          924.218750 -14007.014762  12559.237494    103.489760
          924.312500 -14006.558629  12558.928471    103.584355
          924.406250 -14005.897697  12558.792565    103.256945
          924.500000 -14005.441564  12558.714836    103.446422
          924.625000 -14004.985432  12558.405814    103.541016
          924.718750 -14004.096433  12558.462338    103.403228
          924.812500 -14003.640300  12558.153315    103.497823
          924.906250 -14002.979367  12558.248703    103.265296
          925.000000 -14002.523235  12557.939680    103.359890
          925.125000 -14001.839037  12557.591793    103.549223
          925.218750 -14001.178104  12557.687181    103.316696
          925.312500 -14000.721971  12557.378158    103.411290
          925.406250 -14000.265839  12557.300430    103.600767
          925.500000 -13999.376840  12557.356954    103.462979
          925.625000 -13998.920707  12557.047931    103.557573
          925.718750 -13998.031708  12556.873161    103.324902
          925.812500 -13997.575576  12556.795433    103.514379
          925.906250 -13997.119444  12556.486410    103.608974
          926.000000 -13996.230444  12556.542934    103.471185
          926.125000 -13995.774312  12556.233911    103.565780
          926.218750 -13994.885313  12556.290435    103.427991
          926.312500 -13994.429181  12555.981412    103.522586
          926.406250 -13993.973048  12555.672389    103.617180
          926.500000 -13993.084049  12555.728913    103.479392
          926.625000 -13992.399851  12555.381026    103.668725
          926.718750 -13991.738918  12555.476415    103.436198
          926.812500 -13991.282785  12555.167392    103.530792
          926.906250 -13990.393786  12554.992621    103.298121
          927.000000 -13989.937654  12554.914893    103.487598
          927.125000 -13989.253455  12554.567006    103.676931
          927.218750 -13988.592522  12554.431100    103.349521
          927.312500 -13987.908324  12554.083212    103.538854
          927.406250 -13987.019325  12554.139737    103.401066
          927.500000 -13986.563192  12553.830714    103.495660
          927.625000 -13985.878994  12553.482827    103.684993
          927.718750 -13985.218061  12553.346920    103.357583
          927.812500 -13984.533862  12553.230328    103.641799
          927.906250 -13983.644863  12553.055557    103.409128
          928.000000 -13983.188731  12552.746534    103.503722
          928.125000 -13982.299732  12552.571764    103.271051
          928.218750 -13981.843599  12552.262741    103.365646
          928.312500 -13981.159401  12552.146149    103.649861
          928.406250 -13980.270402  12551.971378    103.417190
          928.500000 -13979.814269  12551.662355    103.511785
          928.625000 -13979.130071  12551.314468    103.701117
          928.718750 -13978.241072  12551.370992    103.563329
          928.812500 -13977.580139  12551.235086    103.235919
          928.906250 -13976.895940  12550.887199    103.425252
          929.000000 -13976.211742  12550.539312    103.614585
          929.125000 -13975.550809  12550.403405    103.287175
          929.218750 -13974.866610  12550.286813    103.571391
          929.312500 -13974.182412  12549.938926    103.760724
          929.406250 -13973.293413  12549.764155    103.528053
          929.500000 -13972.609214  12549.647563    103.812269
          929.625000 -13971.948281  12549.511657    103.484859
          929.718750 -13971.264083  12549.163770    103.674192
          929.812500 -13970.375084  12548.988999    103.441521
          929.906250 -13969.918951  12548.679976    103.536115
          930.000000 -13969.029952  12548.505206    103.303444
          930.125000 -13968.345754  12548.388613    103.587660
          930.218750 -13967.456754  12548.213843    103.354989
          930.312500 -13966.772556  12547.865956    103.544321
          930.406250 -13966.111623  12547.730049    103.216912
          930.500000 -13965.427424  12547.382162    103.406245
          930.625000 -13964.538425  12547.438686    103.268456
          930.718750 -13963.854227  12547.090799    103.457789
          930.812500 -13963.193294  12546.954893    103.130380
          930.906250 -13962.281029  12546.568142    103.414451
          931.000000 -13961.596831  12546.451549    103.698667
          931.125000 -13960.935898  12546.315643    103.371257
          931.218750 -13960.251699  12545.967756    103.560590
          931.312500 -13959.362700  12545.792985    103.327919
          931.406250 -13958.883302  12545.503277    104.034139
          931.500000 -13957.994303  12545.097211    103.706585
          931.625000 -13957.310104  12544.749324    103.895918
          931.718750 -13956.853972  12544.440301    103.990512
          931.812500 -13956.169773  12544.092414    104.179845
          931.906250 -13955.485575  12543.744527    104.369178
          932.000000 -13954.596576  12543.338462    104.041624
          932.125000 -13954.140443  12543.029439    104.136218
          932.218750 -13950.365561  12543.909134     92.111186
          932.312500 -13953.000113  12542.372529    104.420145
          932.406250 -13952.315914  12541.793347    104.514595
          932.500000 -13951.859782  12541.484324    104.609190
          932.625000 -13950.947517  12540.866279    104.798378
          932.718750 -13950.491384  12540.557256    104.892973
          932.812500 -13949.602385  12540.151190    104.565419
          932.906250 -13948.918187  12539.803303    104.754752
          933.000000 -13950.803333  12538.438632    113.351053
          933.125000 -13950.095869  12538.110059    114.152012
          933.218750 -13949.639736  12537.569742    114.151723
          933.312500 -13948.750737  12537.163676    113.824169
          933.406250 -13948.294605  12536.854654    113.918763
          933.500000 -13947.633672  12536.487452    113.496471
          933.625000 -13946.744673  12536.081387    113.168917
          933.718750 -13945.878939  12535.656008    112.229738
          933.812500 -13945.218006  12535.057512    111.712562
          933.906250 -13944.761874  12534.748489    111.807157
          934.000000 -13944.100941  12534.381288    111.384864
          934.125000 -13943.440008  12533.782792    110.867689
          934.218750 -13942.779075  12533.415590    110.445396
          934.312500 -13942.118142  12532.817095    109.928221
          934.406250 -13941.433944  12532.237913    110.022671
          934.500000 -13940.796277  12532.082692    109.083636
          934.625000 -13940.112078  12531.503510    109.178086
          934.718750 -13939.655946  12531.194487    109.272680
          934.812500 -13938.971747  12530.615306    109.367130
          934.906250 -13938.310814  12530.016810    108.849955
          935.000000 -13937.626616  12529.437628    108.944405
          935.125000 -13936.965683  12529.070427    108.522113
          935.218750 -13936.509550  12528.530109    108.521824
          935.312500 -13935.620551  12528.124044    108.194270
          935.406250 -13934.959618  12527.756843    107.771978
          935.500000 -13934.503486  12527.216525    107.771689
          935.625000 -13933.819287  12526.637343    107.866139
          935.718750 -13933.158355  12526.270142    107.443847
          935.812500 -13932.474156  12525.690960    107.538297
          935.906250 -13931.813223  12525.323759    107.116004
          936.000000 -13931.129024  12524.744577    107.210455
          936.125000 -13930.672892  12523.972965    107.115283
          936.218750 -13930.011959  12523.605764    106.692991
          936.312500 -13929.327761  12523.026582    106.787441
          936.406250 -13929.099694  12522.525128    106.692414
          936.500000 -13928.415496  12521.714652    106.691981
          936.625000 -13927.959364  12521.174334    106.691693
          936.718750 -13927.503231  12520.634017    106.691404
          936.812500 -13927.047099  12520.093699    106.691116
          936.906250 -13926.590966  12519.553381    106.690827
          937.000000 -13926.134834  12518.781769    106.595656
          937.125000 -13925.678702  12518.241451    106.595367
          937.218750 -13925.222569  12517.701134    106.595079
          937.312500 -13924.561636  12517.102638    106.077904
          937.406250 -13924.082238  12516.350339    106.594358
          937.500000 -13923.421306  12515.983138    106.172065
          937.625000 -13923.169974  12515.269704    106.593781
          937.718750 -13922.509041  12514.671208    106.076606
          937.812500 -13922.052908  12514.130890    106.076317
          937.906250 -13921.596776  12513.590573    106.076029
          938.000000 -13920.912577  12512.780096    106.075596
          938.125000 -13920.456445  12512.239779    106.075307
          938.218750 -13920.000313  12511.699461    106.075019
          938.312500 -13919.544180  12511.159143    106.074731
          938.406250 -13918.859982  12510.348667    106.074298
          938.500000 -13918.403849  12509.808349    106.074009
          938.625000 -13917.947717  12509.268031    106.073721
          938.718750 -13917.491585  12508.496419    105.978550
          938.812500 -13917.035452  12507.956101    105.978261
          938.906250 -13916.351254  12507.376920    106.072711
          939.000000 -13915.895121  12506.836602    106.072423
          939.125000 -13915.438989  12506.064990    105.977252
          939.218750 -13914.754791  12505.485808    106.071702
          939.312500 -13914.298658  12504.945490    106.071413
          939.406250 -13913.842526  12504.173878    105.976242
          939.500000 -13913.386393  12503.633560    105.975953
          939.625000 -13912.930261  12503.093242    105.975665
          939.718750 -13912.246062  12502.282766    105.975232
          939.812500 -13911.789930  12501.742448    105.974944
          939.906250 -13911.333798  12501.202131    105.974655
          940.000000 -13910.877665  12500.430518    105.879484
          940.125000 -13910.626334  12499.717084    106.301200
          940.218750 -13909.942135  12499.137902    106.395650
          940.312500 -13909.486003  12498.366290    106.300478
          940.406250 -13909.029870  12497.825972    106.300190
          940.500000 -13908.573738  12497.054360    106.205019
          940.625000 -13908.117606  12496.514042    106.204730
          940.718750 -13907.661473  12495.742430    106.109559
          940.812500 -13907.205341  12495.202112    106.109271
          940.906250 -13906.954009  12494.257383    106.436103
          941.000000 -13906.497877  12493.717066    106.435815
          941.125000 -13906.041744  12492.945453    106.340644
          941.218750 -13905.585612  12492.173841    106.245472
          941.312500 -13905.357546  12491.672387    106.150445
          941.406250 -13904.901413  12490.900775    106.055274
          941.500000 -13904.650081  12490.187341    106.476990
          941.625000 -13904.193949  12489.415728    106.381818
          941.718750 -13903.737817  12488.644116    106.286647
          941.812500 -13903.281684  12487.872503    106.191476
          941.906250 -13903.053618  12487.371050    106.096449
          942.000000 -13902.802286  12486.426321    106.423282
          942.125000 -13902.346154  12485.654709    106.328110
          942.218750 -13902.118088  12484.921960    106.138200
          942.312500 -13901.866756  12484.208526    106.559916
          942.406250 -13901.410624  12483.436914    106.464745
          942.500000 -13901.182557  12482.704166    106.274835
          942.625000 -13901.159292  12481.798301    106.506929
          942.718750 -13900.703159  12481.026688    106.411758
          942.812500 -13900.679894  12480.352118    106.738735
          942.906250 -13900.428562  12479.407389    107.065568
          943.000000 -13900.405296  12478.501525    107.297662
          943.125000 -13900.177230  12477.768776    107.107752
          943.218750 -13900.153965  12476.862912    107.339846
          943.312500 -13900.130699  12476.188342    107.666823
          943.406250 -13900.107433  12475.282477    107.898917
          943.500000 -13899.879367  12474.549728    107.709008
          943.625000 -13899.856101  12473.643864    107.941102
          943.718750 -13899.832836  12472.737999    108.173196
          943.812500 -13899.809570  12472.063429    108.500173
          943.906250 -13899.581504  12471.099386    108.215380
          944.000000 -13899.558238  12470.424816    108.542357
          944.125000 -13899.534973  12469.518951    108.774452
          944.218750 -13899.739773  12468.651950    108.911807
          944.312500 -13899.716508  12467.746086    109.143901
          944.406250 -13899.283641  12461.404085    106.159917
          944.500000 -13899.488441  12460.537085    106.297273
          944.625000 -13899.488441  12460.074495    106.107507
          944.718750 -13899.465176  12459.168631    106.339601
          944.812500 -13899.465176  12458.474746    106.054953
          944.906250 -13899.669976  12457.839040    106.287192
          945.000000 -13899.646711  12456.933176    106.519286
          945.125000 -13899.851511  12456.297470    106.751524
          945.218750 -13899.851511  12455.834880    106.561759
          945.312500 -13900.056312  12454.967880    106.699114
          945.406250 -13900.056312  12454.505290    106.509349
          945.500000 -13900.033046  12453.599425    106.741443
          945.625000 -13900.237847  12452.963719    106.973681
          945.718750 -13900.442647  12452.328013    107.205920
          945.812500 -13900.442647  12451.865424    107.016154
          945.906250 -13900.647448  12451.229718    107.248392
          946.000000 -13900.852248  12450.594012    107.480631
          946.125000 -13901.285115  12449.765876    107.523248
          946.218750 -13901.489916  12449.130170    107.755486
          946.312500 -13901.489916  12448.436285    107.470838
          946.406250 -13901.694716  12447.569285    107.608194
          946.500000 -13902.127583  12446.741148    107.650811
          946.625000 -13902.332383  12445.874147    107.788166
          946.718750 -13902.765250  12445.046011    107.830783
          946.812500 -13902.970051  12444.410305    108.063022
          946.906250 -13903.198117  12443.755285    107.683635
          947.000000 -13903.630984  12442.927148    107.726252
          947.125000 -13904.063850  12442.099012    107.768869
          947.218750 -13904.496717  12441.502170    107.906369
          947.312500 -13904.929584  12440.674033    107.948986
          947.406250 -13905.362450  12440.077191    108.086486
          947.500000 -13905.567251  12439.441486    108.318724
          947.625000 -13906.228184  12438.652213    108.266603
          947.718750 -13906.661051  12437.824077    108.309220
          947.812500 -13907.093917  12437.227235    108.446720
          947.906250 -13907.550050  12436.842373    108.067477
          948.000000 -13907.982916  12436.014237    108.110094
          948.125000 -13908.415783  12435.417395    108.247594
          948.218750 -13909.076716  12434.859417    108.290355
          948.312500 -13909.509583  12434.031281    108.332972
          948.406250 -13910.170516  12433.473303    108.375733
          948.500000 -13910.603382  12432.876461    108.513233
          948.625000 -13911.264315  12432.318483    108.555995
          948.718750 -13911.697182  12431.721642    108.693494
          948.812500 -13912.358115  12430.932369    108.641373
          948.906250 -13912.586181  12430.508644    108.356869
          949.000000 -13913.247114  12429.950666    108.399630
          949.125000 -13913.908047  12429.392688    108.442391
          949.218750 -13914.340914  12428.795846    108.579891
          949.312500 -13915.001847  12428.237869    108.622652
          949.406250 -13915.662780  12427.679891    108.665414
          949.500000 -13916.323712  12427.353208    108.803058
          949.625000 -13916.779845  12426.968347    108.423815
          949.718750 -13917.440778  12426.410369    108.466576
          949.812500 -13918.101711  12425.852391    108.509338
          949.906250 -13918.762644  12425.525708    108.646982
          950.000000 -13919.423577  12424.967730    108.689743
          950.125000 -13920.084509  12424.641047    108.827387
          950.218750 -13920.540642  12424.256186    108.448144
          950.312500 -13921.201575  12423.698208    108.490906
          950.406250 -13921.862508  12423.371525    108.628550
          950.500000 -13922.523441  12422.813548    108.671311
          950.625000 -13923.184373  12422.255570    108.714072
          950.718750 -13924.073373  12421.967751    108.756978
          950.812500 -13924.734305  12421.641068    108.894622
          950.906250 -13925.190438  12421.487501    108.610262
          951.000000 -13926.079437  12421.199683    108.653168
          951.125000 -13926.740370  12420.873000    108.790812
          951.218750 -13927.401303  12420.315022    108.833573
          951.312500 -13928.290302  12420.258498    108.971361
          951.406250 -13928.951235  12419.931815    109.109005
          951.500000 -13929.840234  12419.643996    109.151911
          951.625000 -13930.524432  12419.529293    108.772812
          951.718750 -13931.185365  12419.202610    108.910457
          951.812500 -13932.074364  12418.914791    108.953362
          951.906250 -13932.963363  12418.858267    109.091150
          952.000000 -13933.419496  12418.704701    108.806790
          952.125000 -13934.308495  12418.648176    108.944579
          952.218750 -13934.992694  12418.764769    108.660363
          952.312500 -13935.881693  12418.476950    108.703269
          952.406250 -13936.770692  12418.420426    108.841057
          952.500000 -13937.226824  12418.960743    108.841345
          952.625000 -13938.115823  12419.135514    109.074017
          952.718750 -13939.004822  12419.310284    109.306688
          952.812500 -13939.893821  12419.253760    109.444476
          952.906250 -13940.349954  12419.331489    109.254999
          953.000000 -13941.238953  12419.506259    109.487670
          953.125000 -13942.127952  12419.449735    109.625458
          953.218750 -13942.788885  12419.354347    109.857985
          953.312500 -13943.473083  12419.702234    109.668652
          953.406250 -13944.362082  12419.645709    109.806441
          953.500000 -13945.251082  12419.589185    109.944229
          953.625000 -13945.707214  12419.898208    109.849635
          953.718750 -13946.596213  12420.072979    110.082306
          953.812500 -13947.280412  12420.420866    109.892973
          953.906250 -13947.941344  12420.325478    110.125500
          954.000000 -13948.625543  12420.673365    109.936167
          954.125000 -13949.514542  12420.848135    110.168838
          954.218750 -13949.970675  12421.157158    110.074244
          954.312500 -13950.426807  12421.466181    109.979649
          954.406250 -13951.315806  12421.409657    110.117438
          954.500000 -13952.000005  12421.757544    109.928105
          954.625000 -13952.660937  12421.893450    110.255514
          954.718750 -13953.345136  12422.241337    110.066182
          954.812500 -13953.801268  12422.319066    109.876704
          954.906250 -13954.690267  12422.493836    110.109376
          955.000000 -13955.146400  12422.571564    109.919898
          955.125000 -13955.830598  12422.919451    109.730565
          955.218750 -13956.491531  12422.824063    109.963092
          955.312500 -13957.175730  12423.171950    109.773759
          955.406250 -13957.859928  12423.288542    109.489544
          955.500000 -13958.520861  12423.424449    109.816953
          955.625000 -13959.205060  12423.541041    109.532738
          955.718750 -13959.889258  12423.888928    109.343405
          955.812500 -13960.550191  12424.024835    109.670815
          955.906250 -13961.234390  12424.141427    109.386599
          956.000000 -13961.918588  12424.489314    109.197266
          956.125000 -13962.579521  12424.625220    109.524676
          956.218750 -13963.263720  12424.973107    109.335343
          956.312500 -13963.947918  12425.089700    109.051127
          956.406250 -13964.836918  12425.264470    109.283798
          956.500000 -13965.293050  12425.573493    109.189204
          956.625000 -13966.182049  12425.748264    109.421875
          956.718750 -13966.866248  12426.096151    109.232542
          956.812500 -13967.322380  12426.405174    109.137948
          956.906250 -13968.211379  12426.579944    109.370619
          957.000000 -13968.895578  12426.696537    109.086403
          957.125000 -13969.784577  12427.102602    109.413957
          957.218750 -13970.240709  12427.411625    109.319363
          957.312500 -13971.129708  12427.586395    109.552034
          957.406250 -13971.813907  12427.934282    109.362701
          957.500000 -13972.498105  12428.282170    109.173368
          957.625000 -13973.387104  12428.456940    109.406039
          957.718750 -13973.843237  12428.765963    109.311445
          957.812500 -13974.732236  12428.940734    109.544116
          957.906250 -13975.416434  12429.288621    109.354783
          958.000000 -13976.305433  12429.463391    109.587454
          958.125000 -13976.989632  12429.811278    109.398121
          958.218750 -13977.445764  12429.889006    109.208644
          958.312500 -13978.334763  12430.063777    109.441315
          958.406250 -13979.018962  12430.411664    109.251982
          958.500000 -13979.907961  12430.586435    109.484654
          958.625000 -13980.592160  12430.934322    109.295321
          958.718750 -13981.276358  12431.282209    109.105988
          958.812500 -13981.937291  12431.186820    109.338515
          958.906250 -13982.621490  12431.534707    109.149182
          959.000000 -13983.510489  12431.709478    109.381853
          959.125000 -13984.194687  12432.057365    109.192520
          959.218750 -13984.878886  12432.405252    109.003187
          959.312500 -13985.767885  12432.580023    109.235858
          959.406250 -13986.452084  12432.927910    109.046525
          959.500000 -13987.341083  12433.102680    109.279196
          959.625000 -13987.797215  12433.180408    109.089719
          959.718750 -13988.686214  12433.355179    109.322390
          959.812500 -13989.370413  12433.703066    109.133057
          959.906250 -13990.054611  12434.050953    108.943725
          960.000000 -13990.943610  12434.225724    109.176396
          960.125000 -13991.399743  12434.534746    109.081801
          960.218750 -13992.288742  12434.709517    109.314472
          960.312500 -13992.972940  12435.057404    109.125140
          960.406250 -13993.861939  12435.232175    109.357811
          960.500000 -13994.546138  12435.580062    109.168478
          960.625000 -13995.207071  12435.715968    109.495888
          960.718750 -13995.891269  12435.832560    109.211672
          960.812500 -13996.575468  12436.180447    109.022339
          960.906250 -13997.464467  12436.355218    109.255010
          961.000000 -13997.920599  12436.664241    109.160416
          961.125000 -13998.604798  12437.012128    108.971083
          961.218750 -13999.493797  12437.186899    109.203754
          961.312500 -13999.949929  12437.495921    109.109160
          961.406250 -14000.838929  12437.439397    109.246948
          961.500000 -14001.523127  12437.787284    109.057615
          961.625000 -14001.979259  12438.096307    108.963021
          961.718750 -14002.868259  12438.271078    109.195692
          961.812500 -14003.552457  12438.387670    108.911476
          961.906250 -14004.213390  12438.523577    109.238886
          962.000000 -14004.897589  12438.871464    109.049553
          962.125000 -14005.581787  12439.219351    108.860220
          962.218750 -14006.242720  12439.355257    109.187630
          962.312500 -14006.926919  12439.703144    108.998297
          962.406250 -14007.611117  12439.819736    108.714081
          962.500000 -14008.272050  12439.955643    109.041491
          962.625000 -14008.956249  12440.303530    108.852158
          962.718750 -14009.617182  12440.439436    109.179568
          962.812500 -14010.301380  12440.787323    108.990235
          962.906250 -14010.985579  12440.903916    108.706019
          963.000000 -14011.646512  12441.039822    109.033429
          963.125000 -14012.330710  12441.387709    108.844096
          963.218750 -14013.219709  12441.562480    109.076767
          963.312500 -14013.903908  12441.679072    108.792551
          963.406250 -14014.564841  12441.814979    109.119961
          963.500000 -14015.249039  12441.931571    108.835745
          963.625000 -14015.705172  12442.240594    108.741151
          963.718750 -14016.594171  12442.184070    108.878939
          963.812500 -14017.278369  12442.300662    108.594723
          963.906250 -14017.939302  12442.436568    108.922133
          964.000000 -14018.623501  12442.553161    108.637917
          964.125000 -14019.512500  12442.496636    108.775706
          964.218750 -14020.173433  12442.401248    109.008233
          964.312500 -14020.857631  12442.517840    108.724017
          964.406250 -14021.746630  12442.692611    108.956688
          964.500000 -14022.202763  12442.770339    108.767211
          964.625000 -14023.091762  12442.713815    108.904999
          964.718750 -14023.775960  12442.830407    108.620784
          964.812500 -14024.232093  12443.139430    108.526189
          964.906250 -14025.121092  12443.082906    108.663978
          965.000000 -14025.805290  12443.199498    108.379762
          965.125000 -14026.466223  12443.335405    108.707172
          965.218750 -14027.355222  12443.278881    108.844960
          965.312500 -14028.039421  12443.395473    108.560744
          965.406250 -14028.700354  12443.531379    108.888154
          965.500000 -14029.384552  12443.647972    108.603938
          965.625000 -14030.273551  12443.591448    108.741726
          965.718750 -14030.957750  12443.939335    108.552394
          965.812500 -14031.618683  12443.843946    108.784920
          965.906250 -14032.302882  12443.960539    108.500705
          966.000000 -14033.191881  12444.135309    108.733376
          966.125000 -14033.876079  12444.251902    108.449160
          966.218750 -14034.765078  12444.426672    108.681831
          966.312500 -14035.221211  12444.504400    108.492354
          966.406250 -14036.110210  12444.447876    108.630142
          966.500000 -14036.794408  12444.795763    108.440810
          966.625000 -14037.683407  12444.739239    108.578598
          966.718750 -14038.367606  12445.087126    108.389265
          966.812500 -14039.256605  12445.030602    108.527053
          966.906250 -14039.940804  12445.147194    108.242838
          967.000000 -14040.829803  12445.321965    108.475509
          967.125000 -14041.285935  12445.399693    108.286032
          967.218750 -14042.174934  12445.574463    108.518703
          967.312500 -14043.063933  12445.517939    108.656491
          967.406250 -14043.748132  12445.865826    108.467158
          967.500000 -14044.637131  12445.809302    108.604946
          967.625000 -14045.321329  12445.925894    108.320731
          967.718750 -14046.005528  12446.273781    108.131398
          967.812500 -14046.894527  12446.217257    108.269186
          967.906250 -14047.783526  12446.392028    108.501857
          968.000000 -14048.467725  12446.508620    108.217642
          968.125000 -14049.356724  12446.452096    108.355430
          968.218750 -14050.040922  12446.799983    108.166097
          968.312500 -14050.929921  12446.743459    108.303885
          968.406250 -14051.614120  12447.091346    108.114552
          968.500000 -14052.503119  12447.034822    108.252341
          968.625000 -14053.187318  12447.382709    108.063008
          968.718750 -14054.076317  12447.557479    108.295679
          968.812500 -14054.532449  12447.635207    108.106202
          968.906250 -14055.421448  12447.809978    108.338873
          969.000000 -14055.877581  12448.350296    108.339161
          969.125000 -14056.789845  12448.737047    108.055090
          969.218750 -14056.515248  12449.893285    109.847493
          969.312500 -14057.655579  12449.625016    109.184035
          969.406250 -14058.339777  12450.204198    109.089585
          969.500000 -14059.480108  12449.704634    108.331244
          969.625000 -14060.164307  12450.052521    108.141911
          969.718750 -14061.053306  12450.227291    108.374582
          969.812500 -14061.737504  12450.575178    108.185249
          969.906250 -14062.421703  12451.154360    108.090799
          970.000000 -14062.877835  12451.463383    107.996204
          970.125000 -14063.766834  12451.638154    108.228876
          970.218750 -14064.451033  12451.986041    108.039543
          970.312500 -14065.340032  12452.160811    108.272214
          970.406250 -14065.796164  12452.469834    108.177619
          970.500000 -14066.480363  12452.817721    107.988287
          970.625000 -14067.369362  12452.992492    108.220958
          970.718750 -14068.053561  12453.340379    108.031625
          970.812500 -14068.737759  12453.688266    107.842292
          970.906250 -14069.626758  12454.094331    108.169846
          971.000000 -14070.310957  12454.442218    107.980513
          971.125000 -14070.995155  12454.790105    107.791180
          971.218750 -14071.884155  12454.964876    108.023851
          971.312500 -14072.340287  12455.273899    107.929257
          971.406250 -14073.252552  12455.660650    107.645185
          971.500000 -14073.913485  12455.796556    107.972595
          971.625000 -14074.597683  12456.144443    107.783262
          971.718750 -14075.486682  12456.319214    108.015933
          971.812500 -14076.170881  12456.667101    107.826600
          971.906250 -14077.059880  12456.841872    108.059271
          972.000000 -14077.744078  12457.189759    107.869939
          972.125000 -14078.656343  12457.576510    107.585867
          972.218750 -14079.545342  12457.519985    107.723655
          972.312500 -14080.229541  12457.867873    107.534322
          972.406250 -14081.118540  12458.042643    107.766994
          972.500000 -14081.802738  12458.159235    107.482778
          972.625000 -14082.691738  12458.102711    107.620566
          972.718750 -14083.580737  12458.277482    107.853237
          972.812500 -14084.264935  12458.394074    107.569022
          972.906250 -14084.925868  12458.298686    107.801549
          973.000000 -14085.610067  12458.415278    107.517333
          973.125000 -14086.727132  12458.628913    107.655265
          973.218750 -14087.411330  12458.976800    107.465933
          973.312500 -14088.528396  12458.959140    107.508982
          973.406250 -14089.189329  12459.095046    107.836392
          973.500000 -14089.873527  12459.211638    107.552176
          973.625000 -14090.762526  12459.155114    107.689965
          973.718750 -14091.446725  12459.503001    107.500632
          973.812500 -14092.563790  12459.485341    107.543681
          973.906250 -14093.247989  12459.833228    107.354349
          974.000000 -14094.136988  12459.776704    107.492137
          974.125000 -14094.821186  12459.893296    107.207921
          974.218750 -14095.710185  12460.068067    107.440592
          974.312500 -14096.599185  12460.011543    107.578381
          974.406250 -14097.283383  12460.359430    107.389048
          974.500000 -14098.400448  12460.341770    107.432097
          974.625000 -14099.084647  12460.689657    107.242765
          974.718750 -14099.973646  12460.633133    107.380553
          974.812500 -14100.657845  12460.981020    107.191220
          974.906250 -14101.546844  12460.924495    107.329008
          975.000000 -14102.435843  12461.099266    107.561679
          975.125000 -14103.348108  12461.254722    107.182725
          975.218750 -14104.237107  12461.198198    107.320513
          975.312500 -14104.921305  12461.314791    107.036298
          975.406250 -14105.810304  12461.258266    107.174086
          975.500000 -14106.699303  12461.201742    107.311874
          975.625000 -14107.360236  12461.106354    107.544401
          975.718750 -14108.044435  12461.222946    107.260186
          975.812500 -14108.933434  12460.935127    107.303091
          975.906250 -14109.617632  12461.051720    107.018875
          976.000000 -14110.506632  12460.995195    107.156664
          976.125000 -14111.395631  12460.938671    107.294452
          976.218750 -14112.307895  12461.094128    106.915498
          976.312500 -14112.968828  12460.998739    107.148025
          976.406250 -14114.085894  12460.981079    107.191074
          976.500000 -14114.746826  12460.654396    107.328719
          976.625000 -14115.431025  12460.770989    107.044503
          976.718750 -14116.320024  12460.714464    107.182291
          976.812500 -14117.209023  12460.657940    107.320080
          976.906250 -14117.893222  12460.774533    107.035864
          977.000000 -14118.782221  12460.718008    107.173652
          977.125000 -14119.671220  12460.661484    107.311440
          977.218750 -14120.560219  12460.604960    107.449229
          977.312500 -14121.472484  12460.760416    107.070275
          977.406250 -14122.361483  12460.703892    107.208063
          977.500000 -14123.250482  12460.416073    107.250968
          977.625000 -14123.934681  12460.532666    106.966753
          977.718750 -14124.823680  12460.476142    107.104541
          977.812500 -14125.712679  12460.419617    107.242329
          977.906250 -14126.396877  12460.304915    106.863231
          978.000000 -14127.285876  12460.248391    107.001019
          978.125000 -14128.174875  12460.191867    107.138807
          978.218750 -14129.063875  12459.904048    107.181713
          978.312500 -14129.748073  12460.020640    106.897497
          978.406250 -14130.637072  12459.732821    106.940403
          978.500000 -14131.526071  12459.445002    106.983308
          978.625000 -14131.958938  12459.079455    107.215691
          978.718750 -14132.871203  12459.003617    106.741854
          978.812500 -14133.532136  12458.676934    106.879498
          978.906250 -14134.193069  12458.350251    107.017142
          979.000000 -14135.082068  12457.831137    106.965165
          979.125000 -14136.222399  12457.794163    106.396589
          979.218750 -14136.655265  12457.428616    106.628972
          979.312500 -14140.350856  12458.705697    104.174552
          979.406250 -14143.338982  12459.654206    102.521091
          979.500000 -14141.672721  12458.052331    104.449840
          979.625000 -14142.333654  12457.725648    104.587484
          979.718750 -14139.983196  12455.775887    106.705567
          979.812500 -14140.872195  12455.488068    106.748472
          979.906250 -14141.761194  12455.200249    106.791378
          980.000000 -14142.422127  12454.642271    106.834139
          980.125000 -14143.106325  12454.527569    106.455041
          980.218750 -14143.767258  12454.200886    106.592685
          980.312500 -14144.656257  12453.913067    106.635590
          980.406250 -14145.317190  12453.586384    106.773234
          980.500000 -14145.978123  12453.259701    106.910879
          980.625000 -14146.662322  12453.144998    106.531780
          980.718750 -14147.551321  12452.625885    106.479803
          980.812500 -14147.984187  12452.260337    106.712185
          980.906250 -14148.668386  12452.145635    106.333087
          981.000000 -14149.329319  12451.818952    106.470731
          981.125000 -14149.990252  12451.492269    106.608375
          981.218750 -14150.879251  12451.204450    106.651281
          981.312500 -14151.540184  12450.877767    106.788925
          981.406250 -14152.201117  12450.551084    106.926569
          981.500000 -14152.862050  12450.224401    107.064213
          981.625000 -14153.522983  12449.897718    107.201857
          981.718750 -14154.183915  12449.571035    107.339501
          981.812500 -14154.844848  12449.475647    107.572028
          981.906250 -14155.710582  12448.975847    108.131676
          982.000000 -14156.371515  12448.649164    108.269320
          982.125000 -14157.032448  12448.553776    108.501847
          982.218750 -14157.898181  12448.053977    109.061495
          982.312500 -14158.331048  12447.919724    109.388761
          982.406250 -14158.991981  12447.593041    109.526405
          982.500000 -14159.857714  12447.324536    110.180936
          982.625000 -14160.290581  12447.190284    110.508201
          982.718750 -14161.156314  12446.690485    111.067849
          982.812500 -14161.589181  12446.556232    111.395115
          982.906250 -14162.250114  12446.229549    111.532759
          983.000000 -14163.115847  12445.961044    112.187290
          983.125000 -14163.776780  12445.865656    112.419817
          983.218750 -14164.414448  12445.326993    113.074204
          983.312500 -14165.075381  12445.231604    113.306731
          983.406250 -14165.508247  12445.097352    113.633996
          983.500000 -14166.373981  12444.597552    114.193644
          983.625000 -14166.806847  12444.463300    114.520910
          983.718750 -14167.239714  12443.403869    114.468644
          983.812500 -14167.672581  12443.269616    114.795909
          983.906250 -14168.105448  12443.597953    115.312941
          984.000000 -14168.538314  12443.232406    115.545323
          984.125000 -14168.971181  12442.866859    115.777706
          984.218750 -14169.175982  12443.156332    116.389476
          984.312500 -14169.608848  12442.790785    116.621858
          984.406250 -14169.608848  12439.552659    115.293499
          984.500000 -14169.813649  12439.610837    115.810386
          984.625000 -14170.018449  12439.437721    116.232390
          984.718750 -14170.223250  12439.264604    116.654394
          984.812500 -14170.656117  12442.831067    118.499784
          984.906250 -14170.632851  12443.081676    119.206293
          985.000000 -14170.837652  12443.139855    119.723179
          985.125000 -14170.837652  12443.139855    119.723179
          985.218750 -14171.270518  12443.236897    120.145328
          985.312500 -14171.247253  12443.256211    120.756953
          985.406250 -14171.680119  12443.353253    121.179101
          985.500000 -14171.680119  12443.353253    121.179101
          985.625000 -14171.884920  12443.411432    121.695988
          985.718750 -14172.317787  12443.277179    122.023254
          985.812500 -14172.522587  12443.104063    122.445258
          985.906250 -14172.727388  12442.699652    122.772379
          986.000000 -14172.727388  12442.930946    122.867262
          986.125000 -14173.160255  12442.796694    123.194527
          986.218750 -14173.365055  12442.623578    123.616531
          986.312500 -14173.593121  12442.893736    123.616676
          986.406250 -14173.797922  12442.489325    123.943797
          986.500000 -14174.230789  12442.355073    124.271062
          986.625000 -14174.663655  12442.220820    124.598328
          986.718750 -14174.663655  12442.452115    124.693211
          986.812500 -14175.096522  12442.317863    125.020476
          986.906250 -14175.529389  12442.183610    125.347742
          987.000000 -14175.962255  12442.049358    125.675007
          987.125000 -14176.395122  12442.146400    126.097155
          987.218750 -14176.827989  12442.012148    126.424421
          987.312500 -14177.056055  12442.051012    126.329682
          987.406250 -14177.488922  12441.916760    126.656948
          987.500000 -14177.921789  12441.782507    126.984213
          987.625000 -14178.582721  12441.687119    127.216740
          987.718750 -14178.810788  12441.725983    127.122002
          987.812500 -14179.243654  12441.360436    127.354384
          987.906250 -14179.699787  12441.438164    127.164907
          988.000000 -14180.132653  12441.072617    127.397290
          988.125000 -14180.565520  12440.707070    127.629672
          988.218750 -14181.021653  12440.553503    127.345313
          988.312500 -14181.454519  12440.419251    127.672578
          988.406250 -14181.910652  12440.034390    127.293335
          988.500000 -14182.343518  12439.900137    127.620601
          988.625000 -14182.799651  12439.746571    127.336241
          988.718750 -14183.232517  12439.149729    127.473741
          988.812500 -14183.688650  12439.227457    127.284263
          988.906250 -14184.121517  12438.630615    127.421763
          989.000000 -14184.554383  12438.265068    127.654146
          989.125000 -14185.010516  12438.111502    127.369786
          989.218750 -14185.443382  12437.514660    127.507286
          989.312500 -14186.104315  12437.187977    127.644930
          989.406250 -14186.332382  12436.995546    127.455309
          989.500000 -14186.765248  12436.398704    127.592809
          989.625000 -14187.426181  12435.840727    127.635570
          989.718750 -14187.654247  12435.417001    127.351066
          989.812500 -14188.087114  12435.051454    127.583448
          989.906250 -14188.519981  12434.223318    127.626065
          990.000000 -14188.748047  12434.030887    127.436444
          990.125000 -14189.180914  12433.434045    127.573944
          990.218750 -14189.613780  12432.605909    127.616561
          990.312500 -14189.613780  12432.143319    127.426795
          990.406250 -14189.841847  12426.862404    125.149752
          990.500000 -14190.684314  12436.790182    130.590752
          990.625000 -14190.889115  12437.079655    131.202522
          990.718750 -14191.321982  12436.945403    131.529787
          990.812500 -14191.550048  12436.521677    131.245283
          990.906250 -14191.754848  12435.885971    131.477521
          991.000000 -14192.187715  12434.595245    131.330373
          991.125000 -14192.620582  12433.535814    131.278107
          991.218750 -14192.848648  12432.418204    130.708955
          991.312500 -14193.281515  12431.358773    130.656689
          991.406250 -14193.714382  12430.299342    130.604423
          991.500000 -14194.170514  12429.683186    130.130297
          991.625000 -14194.603381  12428.855049    130.172915
          991.718750 -14195.036247  12428.026913    130.215532
          991.812500 -14195.697180  12427.468935    130.258293
          991.906250 -14195.925246  12427.276504    130.068672
          992.000000 -14196.586179  12426.718527    130.111433
          992.125000 -14197.247112  12426.160549    130.154194
          992.218750 -14197.908045  12425.833866    130.291838
          992.312500 -14198.364178  12425.680299    130.007478
          992.406250 -14199.025110  12425.353616    130.145122
          992.500000 -14199.686043  12424.795639    130.187884
          992.625000 -14200.142176  12424.642072    129.903524
          992.718750 -14200.803109  12424.315389    130.041168
          992.812500 -14201.464042  12423.988706    130.178812
          992.906250 -14201.920174  12423.835140    129.894452
          993.000000 -14202.581107  12423.739751    130.126979
          993.125000 -14203.037239  12423.586185    129.842619
          993.218750 -14203.698172  12423.490796    130.075146
          993.312500 -14204.154304  12423.568525    129.885669
          993.406250 -14204.815237  12423.704431    130.213078
          993.500000 -14205.271370  12424.013454    130.118484
          993.625000 -14205.932303  12424.149360    130.445894
          993.718750 -14206.388435  12424.458383    130.351299
          993.812500 -14207.049368  12424.594290    130.678709
          993.906250 -14207.505500  12424.903313    130.584115
          994.000000 -14208.166433  12425.039219    130.911524
          994.125000 -14208.622566  12425.348242    130.816930
          994.218750 -14209.055432  12425.445285    131.239078
          994.312500 -14209.716365  12425.812486    131.661371
          994.406250 -14210.149232  12425.909528    132.083519
          994.500000 -14210.377298  12426.410982    132.178546
          994.625000 -14210.582099  12426.469160    132.695433
          994.718750 -14211.014965  12426.566202    133.117581
          994.812500 -14211.219766  12426.624381    133.634468
          994.906250 -14211.424567  12426.682559    134.151355
          995.000000 -14211.652633  12426.721423    134.056617
          995.125000 -14211.857433  12426.779601    134.573503
          995.218750 -14212.062234  12426.837779    135.090390
          995.312500 -14212.267034  12426.664663    135.512394
          995.406250 -14212.243769  12426.683977    136.124020
          995.500000 -14212.448569  12426.742155    136.640907
          995.625000 -14212.448569  12426.742155    136.640907
          995.718750 -14212.653370  12426.800334    137.157794
          995.812500 -14212.858170  12426.627217    137.579798
          995.906250 -14213.062971  12426.454101    138.001802
          996.000000 -14213.039705  12426.473415    138.613427
          996.125000 -14213.039705  12426.473415    138.613427
          996.218750 -14213.244506  12426.531593    139.130314
          996.312500 -14213.221240  12426.319612    139.647057
          996.406250 -14213.426041  12426.377791    140.163943
          996.500000 -14213.426041  12426.377791    140.163943
          996.625000 -14213.630841  12426.435969    140.680830
          996.718750 -14213.607576  12426.455283    141.292456
          996.812500 -14213.607576  12426.455283    141.292456
          996.906250 -14213.812376  12426.513461    141.809343
          997.000000 -14214.017177  12426.340345    142.231347
          997.125000 -14214.017177  12426.571640    142.326229
          997.218750 -14214.221977  12426.629818    142.843116
          997.312500 -14214.221977  12426.861113    142.937999
          997.406250 -14214.426778  12426.919291    143.454886
          997.500000 -14214.426778  12427.150586    143.549769
          997.625000 -14214.426778  12427.381880    143.644652
          997.718750 -14214.631578  12427.440059    144.161538
          997.812500 -14214.631578  12427.671353    144.256421
          997.906250 -14214.631578  12427.902648    144.351304
          998.000000 -14214.836379  12427.960826    144.868191
          998.125000 -14214.836379  12428.192121    144.963074
          998.218750 -14214.608313  12428.615846    145.247578
          998.312500 -14214.608313  12428.847141    145.342461
          998.406250 -14214.608313  12429.078436    145.437344
          998.500000 -14214.608313  12429.309731    145.532226
          998.625000 -14214.380246  12429.502161    145.721848
          998.718750 -14214.380246  12429.964751    145.911613
          998.812500 -14214.585047  12430.022929    146.428500
          998.906250 -14214.152180  12430.388476    146.196118
          999.000000 -14214.356981  12430.677949    146.807887
          999.125000 -14213.924114  12431.043496    146.575505
          999.218750 -14213.924114  12431.274791    146.670387
          999.312500 -14213.696048  12431.698516    146.954892
          999.406250 -14213.696048  12431.929811    147.049774
          999.500000 -14213.467982  12432.353536    147.334279
          999.625000 -14213.467982  12432.584831    147.429161
          999.718750 -14213.239916  12432.777262    147.618783
          999.812500 -14213.011849  12433.200987    147.903287
          999.906250 -14212.783783  12433.393418    148.092908
         1000.000000 -14212.783783  12433.624712    148.187791
         1000.125000 -14212.350916  12434.221554    148.050291
         1000.218750 -14212.122850  12434.413985    148.239913
         1000.312500 -14211.894784  12434.606416    148.429534
         1000.406250 -14211.666718  12435.030141    148.714038
         1000.500000 -14211.233851  12435.395688    148.481655
         1000.625000 -14211.005785  12435.819413    148.766160
         1000.718750 -14210.777719  12436.011844    148.955781
         1000.812500 -14210.777719  12436.243139    149.050664
         1000.906250 -14210.344852  12436.839981    148.913164
         1001.000000 -14210.116786  12437.032411    149.102785
         1001.125000 -14209.683919  12437.397958    148.870403
         1001.218750 -14209.683919  12437.860548    149.060168
         1001.312500 -14209.251052  12438.226095    148.827786
         1001.406250 -14209.251052  12438.688684    149.017551
         1001.500000 -14208.818186  12439.054231    148.785169
         1001.625000 -14208.590120  12439.477957    149.069673
         1001.718750 -14208.385319  12439.882368    148.742552
         1001.812500 -14208.157253  12440.306093    149.027056
         1001.906250 -14207.952452  12440.710505    148.699934
         1002.000000 -14207.519586  12441.307346    148.562435
         1002.125000 -14207.086719  12441.672894    148.330052
         1002.218750 -14207.086719  12442.135483    148.519818
         1002.312500 -14206.653852  12442.501030    148.287435
         1002.406250 -14206.220985  12443.097872    148.149935
         1002.500000 -14205.992919  12443.290303    148.339556
         1002.625000 -14205.560052  12443.655850    148.107174
         1002.718750 -14205.103920  12444.040711    148.486416
         1002.812500 -14204.671053  12444.406258    148.254034
         1002.906250 -14204.442987  12444.598689    148.443655
         1003.000000 -14204.010120  12445.195531    148.306155
         1003.125000 -14203.782054  12445.387961    148.495777
         1003.218750 -14203.349188  12445.753508    148.263394
         1003.312500 -14202.916321  12446.350350    148.125894
         1003.406250 -14202.688255  12446.542781    148.315516
         1003.500000 -14202.255388  12447.139623    148.178016
         1003.625000 -14201.822521  12447.505170    147.945633
         1003.718750 -14201.594455  12447.928895    148.230137
         1003.812500 -14201.389654  12448.333306    147.903016
         1003.906250 -14200.956788  12448.930148    147.765516
         1004.000000 -14200.728722  12449.353873    148.050020
         1004.125000 -14200.295855  12449.950715    147.912520
         1004.218750 -14199.862988  12450.316262    147.680138
         1004.312500 -14199.634922  12450.739988    147.964642
         1004.406250 -14198.838985  12451.644434    145.759883
         1004.500000 -14198.406119  12452.009981    145.527500
         1004.625000 -14198.178052  12452.433707    145.812005
         1004.718750 -14197.949986  12452.857432    146.096509
         1004.812500 -14197.517120  12453.454274    145.959009
         1004.906250 -14197.084253  12454.051116    145.821509
         1005.000000 -14196.628120  12454.204682    146.105869
         1005.125000 -14196.195254  12454.570229    145.873486
         1005.218750 -14195.967188  12454.993955    146.157990
         1005.312500 -14195.534321  12455.590797    146.020491
         1005.406250 -14194.873388  12455.917480    145.882847
         1005.500000 -14194.417255  12456.071046    146.167206
         1005.625000 -14193.984389  12456.205299    145.839941
         1005.718750 -14193.709791  12456.205063    147.157930
         1005.812500 -14193.095390  12456.724412    145.891918
         1005.906250 -14192.592726  12456.685312    147.304646
         1006.000000 -14191.931793  12456.780701    147.072119
         1006.125000 -14191.522192  12457.126933    146.228111
         1006.218750 -14191.066060  12457.280500    146.512471
         1006.312500 -14190.381861  12457.395202    146.891570
         1006.406250 -14189.972260  12457.972730    146.142444
         1006.500000 -14189.311327  12458.068118    145.909918
         1006.625000 -14188.673660  12458.375487    145.160648
         1006.718750 -14188.012727  12458.702170    145.023004
         1006.812500 -14187.556595  12458.855737    145.307364
         1006.906250 -14187.123728  12459.221284    145.074981
         1007.000000 -14186.462795  12459.316672    144.842454
         1007.125000 -14186.006663  12459.470239    145.126814
         1007.218750 -14185.345730  12459.796922    144.989170
         1007.312500 -14184.889597  12459.950488    145.273530
         1007.406250 -14184.228664  12460.277171    145.135886
         1007.500000 -14183.772532  12460.430738    145.420246
         1007.625000 -14183.339665  12460.796285    145.187863
         1007.718750 -14182.678732  12461.122968    145.050219
         1007.812500 -14182.017799  12461.449651    144.912575
         1007.906250 -14181.561667  12461.603217    145.196935
         1008.000000 -14180.900734  12462.161195    145.154174
         1008.125000 -14180.239801  12462.487878    145.016530
         1008.218750 -14179.806935  12462.853425    144.784147
         1008.312500 -14179.146002  12463.180108    144.646503
         1008.406250 -14178.485069  12463.506791    144.508859
         1008.500000 -14177.824136  12463.833474    144.371215
         1008.625000 -14177.163203  12464.160157    144.233571
         1008.718750 -14176.502270  12464.718135    144.190809
         1008.812500 -14176.046138  12464.871702    144.475169
         1008.906250 -14175.613271  12465.237249    144.242787
         1009.000000 -14174.952338  12465.563932    144.105142
         1009.125000 -14174.291405  12466.121909    144.062381
         1009.218750 -14173.630472  12466.448592    143.924737
         1009.312500 -14172.969539  12466.775275    143.787093
         1009.406250 -14172.308606  12467.333253    143.744332
         1009.500000 -14171.647673  12467.659936    143.606688
         1009.625000 -14170.986740  12467.986619    143.469043
         1009.718750 -14170.325808  12468.313302    143.331399
         1009.812500 -14169.892941  12468.910144    143.193899
         1009.906250 -14169.003942  12469.197963    143.150994
         1010.000000 -14168.343009  12469.755941    143.108233
         1010.125000 -14167.682076  12470.082624    142.970589
         1010.218750 -14167.021143  12470.409307    142.832944
         1010.312500 -14166.360210  12470.967284    142.790183
         1010.406250 -14165.699277  12471.293967    142.652539
         1010.500000 -14165.038344  12471.851945    142.609778
         1010.625000 -14164.582212  12472.236806    142.989021
         1010.718750 -14163.921279  12472.563489    142.851376
         1010.812500 -14163.260346  12473.121467    142.808615
         1010.906250 -14162.599413  12473.679445    142.765854
         1011.000000 -14161.938480  12474.237423    142.723093
         1011.125000 -14161.505614  12474.602970    142.490710
         1011.218750 -14161.049481  12474.987831    142.869953
         1011.312500 -14160.388548  12475.545809    142.827191
         1011.406250 -14159.727615  12475.872492    142.689547
         1011.500000 -14159.066682  12476.430470    142.646786
         1011.625000 -14158.405750  12476.988447    142.604025
         1011.718750 -14157.949617  12477.373309    142.983267
         1011.812500 -14157.288684  12477.699992    142.845623
         1011.906250 -14156.627751  12478.257969    142.802862
         1012.000000 -14155.966818  12478.815947    142.760101
         1012.125000 -14155.305885  12479.373925    142.717339
         1012.218750 -14154.849753  12479.527491    143.001699
         1012.312500 -14154.188820  12480.085469    142.958938
         1012.406250 -14153.527887  12480.643447    142.916177
         1012.500000 -14152.866954  12480.970130    142.778533
         1012.625000 -14152.206021  12481.528108    142.735771
         1012.718750 -14151.749889  12481.912969    143.115014
         1012.812500 -14151.088956  12482.470947    143.072253
         1012.906250 -14150.428023  12482.797630    142.934609
         1013.000000 -14149.767090  12483.355607    142.891847
         1013.125000 -14149.310958  12483.740469    143.271090
         1013.218750 -14148.650025  12484.298446    143.228329
         1013.312500 -14147.989092  12484.625129    143.090685
         1013.406250 -14147.328159  12485.183107    143.047924
         1013.500000 -14146.872027  12485.567968    143.427166
         1013.625000 -14146.211094  12485.894651    143.289522
         1013.718750 -14145.550161  12486.452629    143.246761
         1013.812500 -14145.117294  12487.049471    143.109261
         1013.906250 -14144.433096  12487.395468    143.583242
         1014.000000 -14144.000229  12487.761015    143.350860
         1014.125000 -14143.339296  12488.318993    143.308098
         1014.218750 -14142.678363  12488.645676    143.170454
         1014.312500 -14142.222231  12489.030537    143.549697
         1014.406250 -14141.561298  12489.588515    143.506936
         1014.500000 -14140.900365  12489.915198    143.369292
         1014.625000 -14140.444233  12490.300059    143.748534
         1014.718750 -14140.011366  12490.896901    143.611035
         1014.812500 -14139.350433  12491.223584    143.473390
         1014.906250 -14138.689500  12491.781562    143.430629
         1015.000000 -14138.233368  12492.166423    143.809872
         1015.125000 -14137.572435  12492.493106    143.672228
         1015.218750 -14136.911502  12493.051084    143.629467
         1015.312500 -14136.250569  12493.609062    143.586705
         1015.406250 -14136.022503  12493.801492    143.776327
         1015.500000 -14135.361570  12494.359470    143.733565
         1015.625000 -14134.700637  12494.686153    143.595921
         1015.718750 -14134.039704  12495.244131    143.553160
         1015.812500 -14133.583572  12495.628992    143.932403
         1015.906250 -14133.150705  12495.994539    143.700020
         1016.000000 -14132.489772  12496.552517    143.657259
         1016.125000 -14131.828839  12497.110494    143.614497
         1016.218750 -14131.372707  12497.264061    143.898857
         1016.312500 -14130.711774  12497.822039    143.856096
         1016.406250 -14130.050841  12498.148722    143.718452
         1016.500000 -14129.389908  12498.706700    143.675691
         1016.625000 -14129.161842  12499.130425    143.960195
         1016.718750 -14128.500909  12499.688403    143.917434
         1016.812500 -14127.611910  12499.976222    143.874528
         1016.906250 -14127.179043  12500.573063    143.737028
         1017.000000 -14126.722911  12500.957925    144.116271
         1017.125000 -14126.061978  12501.515902    144.073510
         1017.218750 -14125.401045  12502.073880    144.030748
         1017.312500 -14124.740112  12502.400563    143.893104
         1017.406250 -14124.283980  12502.785424    144.272347
         1017.500000 -14123.623047  12503.343402    144.229586
         1017.625000 -14122.962114  12503.901380    144.186824
         1017.718750 -14122.301181  12504.459358    144.144063
         1017.812500 -14121.868314  12505.056199    144.006563
         1017.906250 -14121.207381  12505.614177    143.963802
         1018.000000 -14120.546448  12506.172155    143.921041
         1018.125000 -14120.113582  12506.768997    143.783541
         1018.218750 -14119.247848  12507.500091    143.318776
         1018.312500 -14118.586915  12508.058069    143.276014
         1018.406250 -14118.154049  12508.654911    143.138514
         1018.500000 -14117.493116  12509.212888    143.095753
         1018.625000 -14117.060249  12509.809730    142.958253
         1018.718750 -14116.399316  12510.599003    143.010375
         1018.812500 -14115.761649  12511.368961    142.450871
         1018.906250 -14115.328782  12511.965803    142.313371
         1019.000000 -14114.667849  12512.523780    142.270610
         1019.125000 -14114.030182  12513.293739    141.711106
         1019.218750 -14113.597315  12513.890581    141.573606
         1019.312500 -14113.164448  12514.718717    141.530989
         1019.406250 -14112.526781  12515.488676    140.971485
         1019.500000 -14112.093914  12516.085517    140.833985
         1019.625000 -14111.661048  12516.913654    140.791368
         1019.718750 -14110.795314  12517.644748    140.326603
         1019.812500 -14110.590514  12518.511749    140.189247
         1019.906250 -14109.952846  12519.281707    139.629743
         1020.000000 -14109.519980  12520.109844    139.587126
         1020.125000 -14109.087113  12520.706686    139.449626
         1020.218750 -14108.449446  12521.707939    138.985005
         1020.312500 -14108.016579  12522.304780    138.847505
         1020.406250 -14107.583712  12523.132917    138.804888
         1020.500000 -14107.174111  12523.941739    138.150646
         1020.625000 -14106.741244  12524.769876    138.108029
         1020.718750 -14106.308378  12525.598013    138.065411
         1020.812500 -14105.670710  12526.599266    137.600790
         1020.906250 -14105.237844  12527.196107    137.463290
         1021.000000 -14105.033043  12528.063108    137.325935
         1021.125000 -14104.395376  12529.064361    136.861314
         1021.218750 -14104.190575  12529.700067    136.629075
         1021.312500 -14103.757709  12530.528204    136.586458
         1021.406250 -14103.120041  12531.529457    136.121837
         1021.500000 -14102.915241  12532.396457    135.984481
         1021.625000 -14102.482374  12532.993299    135.846982
         1021.718750 -14101.844707  12533.994552    135.382360
         1021.812500 -14101.639906  12534.861553    135.245005
         1021.906250 -14101.207040  12535.689690    135.202388
         1022.000000 -14100.797438  12536.729807    134.643028
         1022.125000 -14100.364572  12537.326649    134.505528
         1022.218750 -14099.931705  12538.154785    134.462911
         1022.312500 -14099.522104  12539.194902    133.903551
         1022.406250 -14099.089237  12540.023039    133.860934
         1022.500000 -14098.656370  12540.619881    133.723435
         1022.625000 -14098.246769  12541.659998    133.164075
         1022.718750 -14097.813903  12542.488134    133.121458
         1022.812500 -14097.609102  12543.355135    132.984102
         1022.906250 -14096.971435  12544.356388    132.519481
         1023.000000 -14096.538568  12544.953230    132.381981
         1023.125000 -14096.333768  12545.820231    132.244626
         1023.218750 -14095.696100  12546.821484    131.780004
         1023.312500 -14095.263234  12547.649620    131.737387
         1023.406250 -14095.058433  12548.516621    131.600032
         1023.500000 -14094.420766  12549.286579    131.040528
         1023.625000 -14093.987899  12550.114716    130.997911
         1023.718750 -14093.783098  12550.981717    130.860555
         1023.812500 -14093.145431  12551.982970    130.395934
         1023.906250 -14092.940631  12552.849970    130.258578
         1024.000000 -14092.302963  12553.851223    129.793957
         1024.125000 -14091.870097  12554.448065    129.656457
         1024.218750 -14091.665296  12555.315066    129.519102
         1024.312500 -14091.027629  12556.316319    129.054481
         1024.406250 -14090.594762  12557.144455    129.011864
         1024.500000 -14090.389962  12558.011456    128.874508
         1024.625000 -14089.752294  12559.012709    128.409887
         1024.718750 -14089.547494  12559.879710    128.272531
         1024.812500 -14088.909826  12560.649668    127.713027
         1024.906250 -14088.476960  12561.477805    127.670410
         1025.000000 -14088.272159  12562.344805    127.533055
         1025.125000 -14087.634492  12563.346058    127.068433
         1025.218750 -14087.201625  12564.174195    127.025816
         1025.312500 -14086.768758  12565.002332    126.983199
         1025.406250 -14086.335892  12565.830468    126.940582
         1025.500000 -14085.903025  12566.889899    126.992848
         1025.625000 -14085.470158  12567.718036    126.950231
         1025.718750 -14085.037292  12568.546173    126.907614
         1025.812500 -14084.604425  12569.374309    126.864997
         1025.906250 -14084.171558  12570.433741    126.917263
         1026.000000 -14083.738691  12571.261877    126.874646
         1026.125000 -14083.077758  12572.051150    126.926767
         1026.218750 -14082.440091  12573.052403    126.462146
         1026.312500 -14082.212025  12573.707423    126.841533
         1026.406250 -14081.755893  12574.323579    127.315659
         1026.500000 -14080.890159  12575.054673    126.850893
         1026.625000 -14080.205961  12575.631965    127.419757
         1026.718750 -14079.591559  12576.613904    126.343511
         1026.812500 -14078.907360  12576.959901    126.817492
         1026.906250 -14078.246428  12577.517879    126.774731
         1027.000000 -14077.585495  12578.075856    126.731970
         1027.125000 -14076.901296  12578.421853    127.205951
         1027.218750 -14076.263629  12578.960517    126.551564
         1027.312500 -14075.374630  12579.248336    126.508659
         1027.406250 -14074.713697  12579.575019    126.371014
         1027.500000 -14073.824698  12579.862838    126.328109
         1027.625000 -14073.368565  12580.016404    126.612469
         1027.718750 -14072.479566  12580.072929    126.474681
         1027.812500 -14071.818633  12580.399612    126.337036
         1027.906250 -14070.929634  12580.224841    126.104365
         1028.000000 -14070.268701  12580.320229    125.871838
         1028.125000 -14069.607768  12580.415618    125.639312
         1028.218750 -14068.946835  12580.279711    125.311902
         1028.312500 -14068.285903  12580.143805    124.984492
         1028.406250 -14067.829770  12579.834782    125.079086
         1028.500000 -14066.759236  12579.813814    123.812786
         1028.625000 -14066.121569  12579.658593    122.873751
         1028.718750 -14065.255835  12579.464508    122.029454
         1028.812500 -14064.594903  12579.328602    121.702044
         1028.906250 -14063.933970  12578.961401    121.279752
         1029.000000 -14063.273037  12578.825494    120.952342
         1029.125000 -14062.612104  12578.458293    120.530050
         1029.218750 -14061.927905  12578.110406    120.719383
         1029.312500 -14061.471773  12577.801383    120.813977
         1029.406250 -14060.787574  12577.222201    120.908427
         1029.500000 -14060.103376  12576.874314    121.097760
         1029.625000 -14059.647243  12576.565291    121.192354
         1029.718750 -14058.758244  12576.159226    120.864800
         1029.812500 -14058.302112  12575.850203    120.959395
         1029.906250 -14057.617913  12575.502316    121.148728
         1030.000000 -14056.728914  12575.096251    120.821174
         1030.125000 -14056.272782  12574.787228    120.915768
         1030.218750 -14055.588583  12574.208046    121.010218
         1030.312500 -14054.904385  12573.628864    121.104668
         1030.406250 -14054.220186  12573.280977    121.294001
         1030.500000 -14053.764054  12572.740660    121.293713
         1030.625000 -14053.284656  12572.219656    121.905050
         1030.718750 -14052.600457  12571.871769    122.094382
         1030.812500 -14051.711458  12571.465704    121.766829
         1030.906250 -14051.460126  12570.983564    122.283427
         1031.000000 -14050.799194  12570.616363    121.861134
         1031.125000 -14050.114995  12570.268476    122.050467
         1031.218750 -14049.658863  12569.728158    122.050179
         1031.312500 -14049.202730  12569.187841    122.049890
         1031.406250 -14048.313731  12569.013070    121.817219
         1031.500000 -14047.857599  12568.472752    121.816931
         1031.625000 -14047.196666  12568.336846    121.489521
         1031.718750 -14046.740533  12567.796528    121.489233
         1031.812500 -14046.284401  12567.256211    121.488944
         1031.906250 -14045.828269  12566.947188    121.583538
         1032.000000 -14044.939270  12566.541122    121.255985
         1032.125000 -14044.483137  12566.232100    121.350579
         1032.218750 -14044.027005  12565.923077    121.445173
         1032.312500 -14043.342806  12565.343895    121.539623
         1032.406250 -14043.114740  12565.073736    121.539479
         1032.500000 -14042.635342  12564.552733    122.150816
         1032.625000 -14042.179210  12564.243710    122.245410
         1032.718750 -14041.495011  12563.664528    122.339860
         1032.812500 -14041.038879  12563.355505    122.434455
         1032.906250 -14040.582747  12563.046482    122.529049
         1033.000000 -14040.103349  12562.525478    123.140386
         1033.125000 -14039.647216  12561.985161    123.140098
         1033.218750 -14039.191084  12561.676138    123.234692
         1033.312500 -14038.506885  12561.328251    123.424025
         1033.406250 -14038.050753  12560.787933    123.423736
         1033.500000 -14037.594620  12560.478910    123.518331
         1033.625000 -14036.910422  12560.131023    123.707664
         1033.718750 -14036.454290  12559.822000    123.802258
         1033.812500 -14036.202958  12559.108566    124.223974
         1033.906250 -14035.542025  12558.972660    123.896564
         1034.000000 -14035.062627  12558.451656    124.507901
         1034.125000 -14034.606494  12557.911338    124.507612
         1034.218750 -14033.922296  12557.563451    124.696945
         1034.312500 -14033.466164  12557.023134    124.696657
         1034.406250 -14033.033297  12557.157386    124.369391
         1034.500000 -14033.708315  12554.037274    134.610082
         1034.625000 -14033.252183  12553.728251    134.704677
         1034.718750 -14032.567984  12553.380364    134.894010
         1034.812500 -14032.111852  12552.840046    134.893721
         1034.906250 -14031.427653  12552.492159    135.083054
         1035.000000 -14030.971521  12551.951842    135.082766
         1035.125000 -14030.082522  12551.777071    134.850094
         1035.218750 -14029.831190  12551.294932    135.366693
         1035.312500 -14028.942191  12550.888866    135.039139
         1035.406250 -14023.626872  12545.427040    137.155346
         1035.500000 -14028.965456  12551.563436    134.712162
         1035.625000 -14028.304523  12551.427530    134.384752
         1035.718750 -14027.392259  12550.809484    134.573941
         1035.812500 -14025.316397  12548.628663    135.279151
         1035.906250 -14025.819061  12550.055532    134.435720
         1036.000000 -14025.819061  12550.286827    134.530603
         1036.125000 -14024.906796  12549.668781    134.719791
         1036.218750 -14023.538399  12548.741712    135.003574
         1036.312500 -14022.877466  12548.605805    134.676165
         1036.406250 -14021.965202  12548.219054    134.960236
         1036.500000 -14015.737618  12541.907887    137.170749
         1036.625000 -14015.281485  12541.830159    137.360226
         1036.718750 -14014.392486  12541.655388    137.127555
         1036.812500 -14013.708288  12541.307501    137.316888
         1036.906250 -14012.819289  12541.364026    137.179100
         1037.000000 -14012.135090  12541.247433    137.463316
         1037.125000 -14015.421079  12545.877579    135.398364
         1037.218750 -14014.760146  12545.972967    135.165837
         1037.312500 -14014.075948  12545.856375    135.450053
         1037.406250 -14013.415015  12546.183058    135.312409
         1037.500000 -14012.730816  12546.066466    135.596625
         1037.625000 -14012.069883  12546.161854    135.364098
         1037.718750 -14011.865083  12546.797560    135.131859
         1037.812500 -14011.408950  12546.951127    135.416219
         1037.906250 -14010.519951  12546.776356    135.183548
         1038.000000 -14009.859018  12547.103039    135.045904
         1038.125000 -14009.198085  12547.198427    134.813377
         1038.218750 -14008.537153  12547.525110    134.675733
         1038.312500 -14007.671419  12547.793615    134.021202
         1038.406250 -14007.010486  12547.889003    133.788675
         1038.500000 -14006.349553  12548.215686    133.651031
         1038.625000 -14005.460554  12548.503505    133.608126
         1038.718750 -14004.799621  12548.598894    133.375599
         1038.812500 -14004.138688  12548.694282    133.143072
         1038.906250 -14003.477755  12549.020965    133.005428
         1039.000000 -14002.816823  12549.116353    132.772901
         1039.125000 -14002.155890  12549.443036    132.635257
         1039.218750 -14001.266891  12549.730855    132.592351
         1039.312500 -14000.605958  12549.826243    132.359824
         1039.406250 -13999.945025  12549.921632    132.127297
         1039.500000 -13999.056026  12549.978156    131.989509
         1039.625000 -13998.167026  12550.034680    131.851721
         1039.718750 -13997.506094  12549.898774    131.524311
         1039.812500 -13996.821895  12549.782181    131.808527
         1039.906250 -13996.160962  12549.646275    131.481117
         1040.000000 -13995.067162  12549.413326    130.731559
         1040.125000 -13994.611030  12549.104303    130.826153
         1040.218750 -13993.926832  12548.987711    131.110369
         1040.312500 -13993.675500  12548.968161    131.816733
         1040.406250 -13992.558434  12548.523231    131.583918
         1040.500000 -13992.102302  12548.214208    131.678512
         1040.625000 -13991.213303  12547.808143    131.350958
         1040.718750 -13990.757171  12547.267825    131.350670
         1040.812500 -13989.868172  12547.093055    131.117998
         1040.906250 -13989.412039  12546.552737    131.117710
         1041.000000 -13988.751106  12546.185536    130.695417
         1041.125000 -13988.066908  12545.837649    130.884750
         1041.218750 -13987.610775  12545.297331    130.884462
         1041.312500 -13987.154643  12544.988308    130.979056
         1041.406250 -13986.698511  12544.447991    130.978768
         1041.500000 -13986.242378  12543.907673    130.978479
         1041.625000 -13985.786246  12543.367355    130.978191
         1041.718750 -13985.330113  12542.827038    130.977902
         1041.812500 -13984.873981  12542.518015    131.072497
         1041.906250 -13984.417849  12541.977697    131.072208
         1042.000000 -13983.961716  12541.437380    131.071920
         1042.125000 -13983.505584  12541.128357    131.166514
         1042.218750 -13983.049452  12540.588039    131.166226
         1042.312500 -13982.593319  12540.047721    131.165937
         1042.406250 -13982.137187  12539.507404    131.165649
         1042.500000 -13981.452988  12538.928222    131.260099
         1042.625000 -13980.996856  12538.387904    131.259810
         1042.718750 -13980.745524  12537.674470    131.681526
         1042.812500 -13980.517458  12537.173016    131.586499
         1042.906250 -13980.061326  12536.401404    131.491328
         1043.000000 -13974.322320  12533.847945    122.565597
         1043.125000 -13979.149061  12535.320769    131.490751
         1043.218750 -13978.920995  12534.819315    131.395724
         1043.312500 -13971.734615  12526.309667    134.354497
         1043.406250 -13971.711349  12525.635097    134.681474
         1043.500000 -13976.412267  12522.133189    127.409059
         1043.625000 -13981.294719  12525.416321    124.016758
         1043.718750 -13970.091620  12523.069415    135.007441
         1043.812500 -13969.886820  12522.779942    134.395672
         1043.906250 -13969.635488  12521.835214    134.722504
         1044.000000 -13970.114886  12522.356217    134.111167
         1044.125000 -13969.658753  12521.584605    134.015996
         1044.218750 -13969.430687  12521.083151    133.920969
         1044.312500 -13969.430687  12520.851856    133.826086
         1044.406250 -13969.179355  12519.907128    134.152919
         1044.500000 -13969.453953  12520.601248    133.119578
         1044.625000 -13969.682019  12520.408817    132.929957
         1044.718750 -13969.453953  12519.907363    132.834930
         1044.812500 -13969.225887  12519.405910    132.739903
         1044.906250 -13968.974555  12518.692476    133.161618
         1045.000000 -13968.746489  12518.191022    133.066591
         1045.125000 -13968.290356  12517.650704    133.066303
         1045.218750 -13967.834224  12516.879092    132.971131
         1045.312500 -13967.378092  12516.338774    132.970843
         1045.406250 -13967.150025  12515.606026    132.780933
         1045.500000 -13966.693893  12515.065708    132.780645
         1045.625000 -13966.442561  12514.120980    133.107477
         1045.718750 -13965.758363  12513.541798    133.201927
         1045.812500 -13965.530297  12512.809049    133.012018
         1045.906250 -13965.074164  12512.037437    132.916846
         1046.000000 -13964.822832  12511.092708    133.243679
         1046.125000 -13964.366700  12510.552391    133.243391
         1046.218750 -13963.910568  12509.780778    133.148219
         1046.312500 -13963.454435  12509.009166    133.053048
         1046.406250 -13963.682501  12509.048030    132.958309
         1046.500000 -13963.454435  12508.315282    132.768400
         1046.625000 -13963.226369  12508.045123    132.768255
         1046.718750 -13963.705767  12508.103537    131.967153
         1046.812500 -13963.477701  12507.833378    131.967009
         1046.906250 -13963.249635  12507.331924    131.871982
         1047.000000 -13963.021569  12506.830471    131.776955
         1047.125000 -13962.793502  12506.097722    131.587045
         1047.218750 -13962.565436  12505.596269    131.492018
         1047.312500 -13962.314104  12504.651540    131.818850
         1047.406250 -13961.857972  12504.111222    131.818562
         1047.500000 -13961.629906  12503.609769    131.723535
         1047.625000 -13961.173773  12502.838156    131.628364
         1047.718750 -13960.945707  12502.336703    131.533337
         1047.812500 -13960.489575  12501.565090    131.438165
         1047.906250 -13960.261509  12501.063637    131.343138
         1048.000000 -13959.805376  12500.292024    131.247967
         1048.125000 -13959.554044  12499.578590    131.669683
         1048.218750 -13959.325978  12498.845842    131.479773
         1048.312500 -13958.869846  12498.074230    131.384601
         1048.406250 -13958.413714  12497.302617    131.289430
         1048.500000 -13957.957581  12496.762300    131.289142
         1048.625000 -13957.706249  12495.817571    131.615975
         1048.718750 -13957.250117  12495.045958    131.520803
         1048.812500 -13956.793985  12494.274346    131.425632
         1048.906250 -13956.337852  12493.502734    131.330461
         1049.000000 -13955.881720  12492.731121    131.235289
         1049.125000 -13955.630388  12491.786392    131.562122
         1049.218750 -13955.174256  12491.246075    131.561834
         1049.312500 -13954.718123  12490.474462    131.466662
         1049.406250 -13954.261991  12489.702850    131.371491
         1049.500000 -13953.805859  12488.931237    131.276320
         1049.625000 -13953.349726  12488.159625    131.181149
         1049.718750 -13953.098394  12487.214896    131.507981
         1049.812500 -13952.642262  12486.443284    131.412810
         1049.906250 -13952.186130  12485.902966    131.412522
         1050.000000 -13951.729997  12485.131354    131.317350
         1050.125000 -13951.501931  12484.629900    131.222323
         1050.218750 -13951.250599  12483.685171    131.549156
         1050.312500 -13951.022533  12483.183718    131.454129
         1050.406250 -13950.566401  12482.643400    131.453841
         1050.500000 -13950.110268  12481.871788    131.358669
         1050.625000 -13949.654136  12481.331470    131.358381
         1050.718750 -13949.630870  12480.425605    131.590475
         1050.812500 -13949.174738  12479.885287    131.590187
         1050.906250 -13948.946672  12479.152539    131.400277
         1051.000000 -13948.490539  12478.380927    131.305105
         1051.125000 -13948.467274  12477.706357    131.632083
         1051.218750 -13947.806341  12477.107861    131.114907
         1051.312500 -13947.783075  12476.433291    131.441884
         1051.406250 -13947.326943  12475.661678    131.346713
         1051.500000 -13947.098877  12475.160225    131.251686
         1051.625000 -13946.847545  12474.215496    131.578519
         1051.718750 -13949.449335  12470.865029    126.571768
         1051.812500 -13949.426070  12469.959164    126.803862
         1051.906250 -13944.566883  12465.037655    128.920358
         1052.000000 -13944.087485  12464.516652    129.531695
         1052.125000 -13947.326943  12467.335068    127.930932
         1052.218750 -13946.642744  12466.755886    128.025382
         1052.312500 -13944.976484  12467.466959    130.902960
         1052.406250 -13944.748418  12466.502916    130.618167
         1052.500000 -13944.497086  12465.558187    130.945000
         1052.625000 -13944.497086  12464.864303    130.660351
         1052.718750 -13944.473820  12464.189733    130.987328
         1052.812500 -13944.450555  12463.283868    131.219422
         1052.906250 -13944.450555  12462.589984    130.934774
         1053.000000 -13944.655355  12461.954278    131.167012
         1053.125000 -13944.860156  12461.087277    131.304368
         1053.218750 -13945.088222  12460.663552    131.019864
         1053.312500 -13945.293023  12460.027846    131.252102
         1053.406250 -13945.521089  12459.604121    130.967598
         1053.500000 -13945.953956  12459.007279    131.105098
         1053.625000 -13946.386822  12458.641732    131.337481
         1053.718750 -13946.614888  12458.218006    131.052977
         1053.812500 -13946.819689  12457.582300    131.285215
         1053.906250 -13947.252556  12456.754164    131.327832
         1054.000000 -13947.480622  12456.330438    131.043328
         1054.125000 -13947.685422  12455.694732    131.275566
         1054.218750 -13948.118289  12455.097891    131.413066
         1054.312500 -13948.346355  12454.674165    131.128562
         1054.406250 -13948.779222  12454.077323    131.266062
         1054.500000 -13949.212089  12453.480482    131.403562
         1054.625000 -13949.440155  12453.056756    131.119057
         1054.718750 -13950.124354  12452.016875    130.360428
         1054.812500 -13950.077822  12451.592914    131.393913
         1054.906250 -13950.282623  12450.957208    131.626151
         1055.000000 -13950.510689  12450.533482    131.341647
         1055.125000 -13950.943556  12449.705346    131.384264
         1055.218750 -13951.148356  12449.300935    131.711386
         1055.312500 -13951.376422  12448.877209    131.426881
         1055.406250 -13952.037355  12448.087937    131.374760
         1055.500000 -13952.265422  12447.432917    130.995373
         1055.625000 -13952.698288  12447.067370    131.227756
         1055.718750 -13953.131155  12446.239233    131.270373
         1055.812500 -13953.564022  12445.642391    131.407872
         1055.906250 -13953.792088  12445.218666    131.123368
         1056.000000 -13954.224955  12444.621824    131.260868
         1056.125000 -13954.657821  12443.793687    131.303485
         1056.218750 -13955.090688  12443.196846    131.440985
         1056.312500 -13955.318754  12442.773120    131.156481
         1056.406250 -13955.751621  12441.944984    131.199098
         1056.500000 -13956.412554  12441.387006    131.241859
         1056.625000 -13956.845421  12440.558869    131.284476
         1056.718750 -13957.073487  12440.135144    130.999972
         1056.812500 -13957.506354  12439.538302    131.137472
         1056.906250 -13957.939220  12438.710166    131.180089
         1057.000000 -13958.372087  12437.882029    131.222706
         1057.125000 -13958.804954  12437.285187    131.360206
         1057.218750 -13959.033020  12436.630167    130.980819
         1057.312500 -13959.465887  12435.802030    131.023436
         1057.406250 -13959.898753  12435.205189    131.160936
         1057.500000 -13960.331620  12434.377052    131.203553
         1057.625000 -13960.764487  12433.548915    131.246170
         1057.718750 -13961.220619  12433.164054    130.866927
         1057.812500 -13961.653486  12432.335918    130.909544
         1057.906250 -13962.314419  12431.777940    130.952306
         1058.000000 -13962.747286  12431.181098    131.089805
         1058.125000 -13963.408218  12430.623120    131.132567
         1058.218750 -13963.841085  12430.026278    131.270067
         1058.312500 -13964.297218  12429.641417    130.890824
         1058.406250 -13964.958150  12429.083439    130.933585
         1058.500000 -13965.619083  12428.525462    130.976346
         1058.625000 -13966.280016  12427.967484    131.019108
         1058.718750 -13966.736149  12427.813917    130.734748
         1058.812500 -13967.397082  12427.487234    130.872392
         1058.906250 -13968.058015  12427.160551    131.010036
         1059.000000 -13968.718947  12426.833868    131.147680
         1059.125000 -13969.175080  12426.680302    130.863320
         1059.218750 -13969.836013  12426.353619    131.000964
         1059.312500 -13970.725012  12425.834505    130.948987
         1059.406250 -13971.385945  12425.739117    131.181514
         1059.500000 -13972.046878  12425.412434    131.319158
         1059.625000 -13972.731076  12425.297732    130.940059
         1059.718750 -13973.368743  12425.221657    131.784212
         1059.812500 -13973.824876  12425.068091    131.499852
         1059.906250 -13974.485809  12424.741408    131.637496
         1060.000000 -13975.146742  12424.646020    131.870023
         1060.125000 -13975.807675  12424.550631    132.102550
         1060.218750 -13976.696674  12424.031518    132.050572
         1060.312500 -13977.380872  12425.304584    132.240771
         1060.406250 -13978.041805  12424.977901    132.378415
         1060.500000 -13978.497937  12424.824334    132.094055
         1060.625000 -13979.386937  12424.536515    132.136960
         1060.718750 -13979.843069  12424.382949    131.852601
         1060.812500 -13980.275936  12421.935749    131.231038
         1060.906250 -13980.732068  12422.013477    131.041561
         1061.000000 -13981.416267  12421.898775    130.662462
         1061.125000 -13982.100465  12421.784072    130.283364
         1061.218750 -13982.328531  12420.897757    129.809094
         1061.312500 -13983.012730  12421.014350    129.524878
         1061.406250 -13983.468862  12421.092078    129.335401
         1061.500000 -13983.720194  12420.649038    128.439271
         1061.625000 -13984.176326  12420.958061    128.344677
         1061.718750 -13984.632459  12421.035790    128.155200
         1061.812500 -13985.088591  12420.882223    127.870840
         1061.906250 -13985.339923  12420.439184    126.974710
         1062.000000 -13985.796055  12420.054322    126.595468
         1062.125000 -13986.024122  12419.630597    126.310963
         1062.218750 -13986.480254  12420.170915    126.311252
         1062.312500 -13986.731586  12419.727875    125.415122
         1062.406250 -13986.959652  12419.998034    125.415266
         1062.500000 -13987.187718  12420.036898    125.320528
         1062.625000 -13987.643850  12419.189447    124.751520
         1062.718750 -13987.871917  12419.459606    124.751664
         1062.812500 -13988.328049  12419.306040    124.467304
         1062.906250 -13988.351315  12419.518020    123.950561
         1063.000000 -13988.579381  12419.325590    123.760940
         1063.125000 -13988.807447  12419.133159    123.571318
         1063.218750 -13989.263579  12417.823119    122.812544
         1063.312500 -13989.263579  12417.591824    122.717662
         1063.406250 -13989.286845  12418.266394    122.390685
         1063.500000 -13989.514911  12417.842669    122.106180
         1063.625000 -13989.742977  12418.575417    122.296090
         1063.718750 -13989.971044  12418.845576    122.296234
         1063.812500 -13989.971044  12418.382986    122.106469
         1063.906250 -13989.994309  12419.057556    121.779492
         1064.000000 -13990.222375  12418.171242    121.305222
         1064.125000 -13990.222375  12418.402536    121.400105
         1064.218750 -13990.450442  12417.978811    121.115601
         1064.312500 -13990.450442  12418.903990    121.495132
         1064.406250 -13990.655242  12418.268284    121.727370
         1064.500000 -13990.883308  12418.307148    121.632632
         1064.625000 -13990.883308  12418.307148    121.632632
         1064.718750 -13991.111375  12418.114717    121.443010
         1064.812500 -13991.316175  12417.247717    121.580366
         1064.906250 -13991.544241  12417.286581    121.485627
         1065.000000 -13991.772307  12417.788034    121.580655
         1065.125000 -13992.000374  12419.214667    122.055213
         1065.218750 -13992.433240  12419.080415    122.382478
         1065.312500 -13992.661307  12419.119279    122.287740
         1065.406250 -13993.094173  12419.216321    122.709888
         1065.500000 -13993.322239  12419.717775    122.804915
         1065.625000 -13993.755106  12419.814817    123.227063
         1065.718750 -13993.983172  12420.084976    123.227208
         1065.812500 -13994.416039  12419.719429    123.459590
         1065.906250 -13994.644105  12419.989587    123.459734
         1066.000000 -13995.305038  12419.894199    123.692261
         1066.125000 -13995.533104  12419.933063    123.597523
         1066.218750 -13996.194037  12419.837675    123.830050
         1066.312500 -13996.422103  12419.876539    123.735311
         1066.406250 -13997.083036  12419.781151    123.967838
         1066.500000 -13997.515903  12419.415604    124.200221
         1066.625000 -13997.972035  12419.493332    124.010744
         1066.718750 -13998.632968  12419.166649    124.148388
         1066.812500 -13999.089101  12419.013082    123.864028
         1066.906250 -13999.750034  12418.455105    123.906789
         1067.000000 -14000.410967  12418.128422    124.044433
         1067.125000 -14000.867099  12417.743560    123.665190
         1067.218750 -14001.756098  12417.224447    123.613213
         1067.312500 -14002.417031  12416.897764    123.750857
         1067.406250 -14002.849898  12415.144448    123.413943
         1067.500000 -14003.510831  12413.429997    122.982290
         1067.625000 -14004.171764  12413.103314    123.119934
         1067.718750 -14004.855962  12412.988611    122.740836
         1067.812500 -14005.516895  12412.430634    122.783597
         1067.906250 -14006.405894  12412.142815    122.826503
         1068.000000 -14007.066827  12411.584837    122.869264
         1068.125000 -14007.522959  12411.199976    122.490021
         1068.218750 -14008.411958  12410.912157    122.532927
         1068.312500 -14009.072891  12410.354179    122.575688
         1068.406250 -14009.961890  12410.066360    122.618594
         1068.500000 -14010.646089  12409.720363    122.144612
         1068.625000 -14011.307022  12409.162385    122.187373
         1068.718750 -14012.196021  12408.874566    122.230279
         1068.812500 -14012.856954  12408.316589    122.273040
         1068.906250 -14013.745953  12408.028770    122.315946
         1069.000000 -14014.406886  12407.470792    122.358707
         1069.125000 -14015.091084  12407.356090    121.979609
         1069.218750 -14015.980084  12406.836976    121.927631
         1069.312500 -14016.641016  12406.510293    122.065275
         1069.406250 -14017.758082  12406.030043    121.918560
         1069.500000 -14018.419015  12405.703360    122.056204
         1069.625000 -14019.308014  12405.184247    122.004226
         1069.718750 -14020.197013  12404.896428    122.047132
         1069.812500 -14020.857946  12404.569745    122.184776
         1069.906250 -14021.770211  12404.262612    121.616056
         1070.000000 -14022.431143  12403.935929    121.753700
         1070.125000 -14023.548209  12403.686974    121.701867
         1070.218750 -14024.209142  12403.360291    121.839511
         1070.312500 -14025.326207  12402.880041    121.692795
         1070.406250 -14025.987140  12402.553358    121.830439
         1070.500000 -14026.876139  12402.265539    121.873345
         1070.625000 -14027.765138  12401.977721    121.916251
         1070.718750 -14028.654137  12401.458607    121.864273
         1070.812500 -14029.543136  12401.170788    121.907179
         1070.906250 -14030.227335  12401.056086    121.528080
         1071.000000 -14031.321134  12400.595150    121.992990
         1071.125000 -14032.005333  12400.249153    121.519008
         1071.218750 -14032.894332  12399.961334    121.561914
         1071.312500 -14033.783331  12399.673515    121.604820
         1071.406250 -14034.672330  12399.385696    121.647725
         1071.500000 -14035.333263  12398.827719    121.690486
         1071.625000 -14036.450328  12398.578764    121.638653
         1071.718750 -14037.339328  12398.290945    121.681559
         1071.812500 -14038.228327  12398.003126    121.724464
         1071.906250 -14038.889260  12397.676443    121.862108
         1072.000000 -14039.778259  12397.157329    121.810131
         1072.125000 -14040.667258  12396.869510    121.853037
         1072.218750 -14041.556257  12396.581692    121.895942
         1072.312500 -14042.445256  12396.062578    121.843965
         1072.406250 -14043.334255  12395.774759    121.886870
         1072.500000 -14044.223254  12395.486940    121.929776
         1072.625000 -14045.112253  12394.967826    121.877799
         1072.718750 -14045.773186  12394.641143    122.015443
         1072.812500 -14046.662185  12394.353325    122.058348
         1072.906250 -14047.574450  12394.046191    121.489628
         1073.000000 -14048.440183  12393.546392    122.049277
         1073.125000 -14049.124382  12393.431690    121.670178
         1073.218750 -14050.013381  12392.912576    121.618201
         1073.312500 -14050.674314  12392.585893    121.755845
         1073.406250 -14051.563313  12392.298074    121.798750
         1073.500000 -14052.452312  12391.778960    121.746773
         1073.625000 -14053.341311  12391.491141    121.789679
         1073.718750 -14054.002244  12391.164458    121.927323
         1073.812500 -14054.891243  12390.645345    121.875346
         1073.906250 -14055.780242  12390.357526    121.918251
         1074.000000 -14056.236375  12390.203959    121.633891
         1074.125000 -14057.125374  12389.916140    121.676797
         1074.218750 -14057.558241  12389.550593    121.909179
         1074.312500 -14058.219173  12389.223910    122.046823
         1074.406250 -14058.675306  12388.839049    121.667581
         1074.500000 -14059.336239  12388.512366    121.805225
         1074.625000 -14059.564305  12388.782525    121.805369
         1074.718750 -14059.997172  12388.648273    122.132634
         1074.812500 -14060.453304  12389.188590    122.132923
         1074.906250 -14060.453304  12389.188590    122.132923
         1075.000000 -14060.886171  12388.823043    122.365306
         1075.125000 -14061.114237  12388.168023    121.985919
         1075.218750 -14061.342303  12387.744298    121.701414
         1075.312500 -14061.342303  12387.513003    121.606532
         1075.406250 -14061.570369  12387.551867    121.511793
         1075.500000 -14061.775170  12387.147456    121.838914
         1075.625000 -14062.208037  12394.645930    125.297312
         1075.718750 -14062.208037  12394.414635    125.202430
         1075.812500 -14062.436103  12393.528320    124.728160
         1075.906250 -14062.436103  12391.215373    123.779332
         1076.000000 -14062.208037  12390.945214    123.779187
         1076.125000 -14062.208037  12390.713919    123.684305
         1076.218750 -14062.208037  12390.251330    123.494539
         1076.312500 -14062.231302  12390.000721    122.788031
         1076.406250 -14062.436103  12389.596310    123.115152
         1076.500000 -14057.371801  12394.578056     99.773182
         1076.625000 -14057.395067  12394.790036     99.256440
         1076.718750 -14058.144472  12393.924218    102.684449
         1076.812500 -14058.507542  12393.385319    104.656826
         1076.906250 -14058.507542  12393.385319    104.656826
         1077.000000 -14050.673685  12399.093665     66.369485
         1077.125000 -14048.993339  12400.516514     58.290070
         1077.218750 -14049.198140  12400.343397     58.712074
         1077.312500 -14049.379675  12400.420890     59.840586
         1077.406250 -14049.607741  12400.459754     59.745848
         1077.500000 -14049.812542  12400.517932     60.262735
         1077.625000 -14050.403678  12400.480486     62.330138
         1077.718750 -14051.357883  12399.904141     66.369917
         1077.812500 -14052.516890  12399.385974     70.926584
         1077.906250 -14053.857431  12398.482710     76.421997
         1078.000000 -14054.811637  12397.906365     80.461776
         1078.125000 -14055.221238  12398.022722     81.495550
         1078.218750 -14056.356979  12397.292574     86.568959
         1078.312500 -14057.539251  12396.986388     90.608882
         1078.406250 -14058.335187  12397.007120     93.193172
         1078.500000 -14059.289393  12396.430775     97.232952
         1078.625000 -14060.108595  12396.663488     99.300499
         1078.718750 -14061.086067  12396.299123    102.823536
         1078.812500 -14061.677203  12396.492972    104.985822
         1078.906250 -14062.677940  12396.571883    108.086999
         1079.000000 -14063.836946  12396.053716    112.643665
         1079.125000 -14064.632882  12396.305743    115.322838
         1079.218750 -14065.610354  12396.172673    118.940757
         1079.312500 -14066.201490  12396.366522    121.103043
         1079.406250 -14066.815892  12396.541057    122.653704
         1079.500000 -14067.611828  12396.561789    125.237994
         1079.625000 -14068.249495  12396.717010    126.177029
         1079.718750 -14068.454296  12397.237778    126.883682
         1079.812500 -14069.250232  12397.258510    129.467972
         1079.906250 -14070.046169  12397.047948    131.957379
         1080.000000 -14070.707102  12397.646444    132.474554
         1080.125000 -14071.321503  12397.820978    134.025215
         1080.218750 -14071.549570  12398.322432    134.120242
         1080.312500 -14071.596101  12398.746393    133.086757
         1080.406250 -14072.233768  12399.132909    134.120675
         1080.500000 -14072.666635  12399.692540    134.732589
         1080.625000 -14073.099502  12400.020877    135.249620
         1080.718750 -14073.532368  12400.580509    135.861534
         1080.812500 -14073.941969  12400.696866    136.895307
         1080.906250 -14074.579637  12401.083381    137.929225
         1081.000000 -14074.807703  12401.584835    138.024252
         1081.125000 -14075.468636  12401.952036    138.446545
         1081.218750 -14075.696702  12402.453489    138.541572
         1081.312500 -14075.924768  12402.954943    138.636599
         1081.406250 -14076.152834  12403.456397    138.731626
         1081.500000 -14076.608967  12403.996714    138.731915
         1081.625000 -14076.837033  12404.498168    138.826942
         1081.718750 -14077.293165  12405.038485    138.827230
         1081.812500 -14077.749298  12405.578803    138.827518
         1081.906250 -14078.386965  12405.965318    139.861436
         1082.000000 -14078.796566  12406.081675    140.895210
         1082.125000 -14079.047898  12407.026404    140.568377
         1082.218750 -14079.708831  12407.393605    140.990670
         1082.312500 -14079.936897  12407.895059    141.085697
         1082.406250 -14080.346498  12408.242710    142.214353
         1082.500000 -14081.007431  12408.609911    142.636646
         1082.625000 -14081.258763  12409.323345    142.214930
         1082.718750 -14081.533360  12410.248760    141.276472
         1082.812500 -14081.579892  12410.904016    140.337870
         1082.906250 -14081.831223  12411.617450    139.916154
         1083.000000 -14081.719485  12412.638489    137.427180
         1083.125000 -14082.175618  12413.178806    137.427468
         1083.218750 -14082.426950  12413.892241    137.005752
         1083.312500 -14082.496747  12414.759477    135.550407
         1083.406250 -14082.566543  12415.626713    134.095062
         1083.500000 -14082.817875  12416.340148    133.673347
         1083.625000 -14082.910938  12417.419365    131.701259
         1083.718750 -14083.162270  12418.132799    131.279543
         1083.812500 -14083.390336  12418.865547    131.469453
         1083.906250 -14083.436867  12419.520803    130.530851
         1084.000000 -14084.121066  12420.099985    130.436401
         1084.125000 -14084.372397  12420.813419    130.014685
         1084.218750 -14084.418929  12421.699970    129.170965
         1084.312500 -14084.898327  12422.452268    128.654511
         1084.406250 -14085.149659  12423.165702    128.232796
         1084.500000 -14085.787326  12423.552217    129.266714
         1084.625000 -14085.810592  12424.226787    128.939737
         1084.718750 -14086.085189  12425.152202    128.001278
         1084.812500 -14086.564587  12425.904500    127.484824
         1084.906250 -14086.611118  12426.791051    126.641105
         1085.000000 -14087.043985  12427.350683    127.253019
         1085.125000 -14087.500117  12427.891000    127.253307
         1085.218750 -14087.751449  12428.604435    126.831591
         1085.312500 -14088.230847  12429.356733    126.315137
         1085.406250 -14088.482179  12430.070167    125.893422
         1085.500000 -14088.891780  12430.417818    127.022078
         1085.625000 -14089.347912  12431.189431    127.117249
         1085.718750 -14089.645776  12432.095531    125.567166
         1085.812500 -14090.646513  12432.174442    128.668343
         1085.906250 -14090.511509  12432.983500    126.696111
         1086.000000 -14090.581306  12434.082031    125.335649
         1086.125000 -14091.060704  12434.834329    124.819194
         1086.218750 -14091.288770  12435.335783    124.914221
         1086.312500 -14091.744903  12436.107395    125.009393
         1086.406250 -14092.177769  12436.667027    125.621307
         1086.500000 -14092.452367  12437.361147    124.587966
         1086.625000 -14092.726964  12438.286562    123.649507
         1086.718750 -14093.183097  12438.826880    123.649796
         1086.812500 -14093.434428  12439.771608    123.322963
         1086.906250 -14093.480960  12440.658159    122.479243
         1087.000000 -14093.960358  12441.410457    121.962789
         1087.125000 -14094.416490  12441.950775    121.963078
         1087.218750 -14094.667822  12442.664209    121.541362
         1087.312500 -14095.123954  12443.435822    121.636533
         1087.406250 -14095.375286  12444.149256    121.214818
         1087.500000 -14095.649884  12445.074670    120.276360
         1087.625000 -14095.901215  12445.788105    119.854644
         1087.718750 -14096.357348  12446.328422    119.854933
         1087.812500 -14096.608680  12447.273151    119.528100
         1087.906250 -14097.088078  12448.025449    119.011646
         1088.000000 -14097.339409  12448.738883    118.589930
         1088.125000 -14097.818807  12449.722476    118.168359
         1088.218750 -14098.046874  12450.223930    118.263386
         1088.312500 -14098.503006  12450.764248    118.263674
         1088.406250 -14098.777603  12451.920957    117.420099
         1088.500000 -14099.415271  12452.307472    118.454017
         1088.625000 -14099.848137  12452.867104    119.065931
         1088.718750 -14100.281004  12453.426736    119.677844
         1088.812500 -14100.941937  12454.025232    120.195020
         1088.906250 -14101.398069  12454.796844    120.290191
         1089.000000 -14101.830936  12455.356476    120.902105
         1089.125000 -14102.491869  12455.954972    121.419280
         1089.218750 -14102.719935  12456.687720    121.609190
         1089.312500 -14103.380868  12457.286216    122.126365
         1089.406250 -14104.041801  12457.884712    122.643541
         1089.500000 -14104.497933  12458.656325    122.738712
         1089.625000 -14104.726000  12459.389073    122.928622
         1089.718750 -14105.386932  12459.756274    123.350914
         1089.812500 -14105.843065  12460.527887    123.446086
         1089.906250 -14106.299197  12461.299499    123.541257
         1090.000000 -14106.755330  12462.071111    123.636428
         1090.125000 -14107.211462  12462.842724    123.731600
         1090.218750 -14107.667594  12463.614336    123.826771
         1090.312500 -14108.351793  12464.424813    123.827204
         1090.406250 -14108.807925  12465.196425    123.922375
         1090.500000 -14109.035991  12465.929173    124.112285
         1090.625000 -14109.720190  12466.508355    124.017835
         1090.718750 -14110.176322  12467.279968    124.113006
         1090.812500 -14110.632455  12468.051580    124.208177
         1090.906250 -14111.316653  12468.862056    124.208610
         1091.000000 -14111.772786  12469.633669    124.303781
         1091.125000 -14112.228918  12470.405281    124.398952
         1091.218750 -14112.685050  12471.176894    124.494124
         1091.312500 -14113.141183  12471.948506    124.589295
         1091.406250 -14113.620581  12472.932099    124.167724
         1091.500000 -14114.053447  12473.491731    124.779637
         1091.625000 -14114.532846  12474.244029    124.263183
         1091.718750 -14114.988978  12475.246936    124.453237
         1091.812500 -14115.445110  12476.018549    124.548409
         1091.906250 -14115.901243  12476.790161    124.643580
         1092.000000 -14116.357375  12477.330479    124.643868
         1092.125000 -14117.041574  12478.140955    124.644301
         1092.218750 -14117.497706  12478.912568    124.739472
         1092.312500 -14117.953838  12479.684180    124.834644
         1092.406250 -14118.409971  12480.455792    124.929815
         1092.500000 -14118.866103  12481.227405    125.024986
         1092.625000 -14119.345501  12482.210998    124.603415
         1092.718750 -14119.801633  12482.982610    124.698586
         1092.812500 -14120.257766  12483.754222    124.793757
         1092.906250 -14120.713898  12484.525835    124.888929
         1093.000000 -14121.398097  12485.336311    124.889361
         1093.125000 -14121.854229  12486.107924    124.984533
         1093.218750 -14122.105561  12487.052653    124.657700
         1093.312500 -14122.561693  12487.824265    124.752871
         1093.406250 -14123.245892  12488.634742    124.753304
         1093.500000 -14123.702024  12489.406354    124.848475
         1093.625000 -14124.386223  12490.216830    124.848908
         1093.718750 -14124.637555  12491.161559    124.522075
         1093.812500 -14125.093687  12491.933172    124.617246
         1093.906250 -14125.549819  12492.704784    124.712418
         1094.000000 -14126.005952  12493.476397    124.807589
         1094.125000 -14126.690150  12494.286873    124.808022
         1094.218750 -14127.146283  12495.058485    124.903193
         1094.312500 -14127.397614  12496.003214    124.576360
         1094.406250 -14127.853747  12496.774827    124.671531
         1094.500000 -14128.537945  12497.585303    124.671964
         1094.625000 -14128.994078  12498.356916    124.767135
         1094.718750 -14129.450210  12499.359823    124.957189
         1094.812500 -14129.929608  12500.343416    124.535618
         1094.906250 -14130.385740  12501.115028    124.630789
         1095.000000 -14130.841873  12501.655346    124.631078
         1095.125000 -14131.298005  12502.426958    124.726249
         1095.218750 -14131.754138  12503.198571    124.821420
         1095.312500 -14132.438336  12504.009047    124.821853
         1095.406250 -14132.689668  12504.953776    124.495020
         1095.500000 -14133.145800  12505.725388    124.590191
         1095.625000 -14133.601933  12506.497001    124.685363
         1095.718750 -14134.058065  12507.268613    124.780534
         1095.812500 -14134.309397  12508.213342    124.453701
         1095.906250 -14134.537463  12508.946090    124.643611
         1096.000000 -14134.993595  12509.717703    124.738782
         1096.125000 -14135.221662  12510.450451    124.928692
         1096.218750 -14135.472993  12511.395180    124.601859
         1096.312500 -14135.701060  12512.127928    124.791769
         1096.406250 -14135.724325  12513.033793    124.559675
         1096.500000 -14135.952391  12513.766541    124.749585
         1096.625000 -14135.747591  12514.633542    124.612229
         1096.718750 -14135.770856  12515.539407    124.380135
         1096.812500 -14135.770856  12516.001996    124.569901
         1096.906250 -14135.566056  12516.868997    124.432545
         1097.000000 -14135.361255  12517.735997    124.295189
         1097.125000 -14135.361255  12518.429882    124.579838
         1097.218750 -14134.928389  12519.026724    124.442338
         1097.312500 -14135.040127  12519.162158    127.405727
         1097.406250 -14134.607260  12519.759000    127.268227
         1097.500000 -14134.379194  12520.182726    127.552731
         1097.625000 -14133.923061  12520.567587    127.931974
         1097.718750 -14133.466929  12520.952448    128.311216
         1097.812500 -14133.238863  12521.376173    128.595721
         1097.906250 -14132.805996  12521.973015    128.458221
         1098.000000 -14132.168329  12522.511679    127.803834
         1098.125000 -14131.735462  12523.108521    127.666334
         1098.218750 -14131.279330  12523.262087    127.950694
         1098.312500 -14130.595131  12523.376790    128.329793
         1098.406250 -14125.023575  12530.864389    113.370895
         1098.500000 -14128.998668  12524.261215    129.467377
         1098.625000 -14128.589067  12524.376153    128.528486
         1098.718750 -14127.904868  12524.490855    128.907584
         1098.812500 -14127.197404  12524.856167    129.993191
         1098.906250 -14126.787803  12524.739810    128.959417
         1099.000000 -14126.559737  12524.700946    129.054156
         1099.125000 -14125.898804  12524.796334    128.821629
         1099.218750 -14125.442671  12524.718606    129.011106
         1099.312500 -14124.781739  12524.813994    128.778579
         1099.406250 -14123.664673  12525.294244    128.925295
         1099.500000 -14122.798940  12525.794043    128.365647
         1099.625000 -14122.138007  12525.889432    128.133120
         1099.718750 -14121.272273  12526.389231    127.573472
         1099.812500 -14121.044207  12526.350367    127.668210
         1099.906250 -14120.178474  12526.618872    127.013680
         1100.000000 -14119.517541  12526.714260    126.781153
         1100.125000 -14118.856608  12526.809648    126.548626
         1100.218750 -14118.195675  12527.136331    126.410982
         1100.312500 -14117.534742  12527.231720    126.178455
         1100.406250 -14117.306676  12527.192856    126.273193
         1100.500000 -14116.645743  12527.519539    126.135549
         1100.625000 -14115.780010  12527.788043    125.481018
         1100.718750 -14115.119077  12528.114726    125.343374
         1100.812500 -14114.458144  12528.210115    125.110847
         1100.906250 -14114.002011  12528.363681    125.395207
         1101.000000 -14113.113012  12528.651500    125.352302
         1101.125000 -14112.452079  12528.746888    125.119775
         1101.218750 -14111.995947  12528.900455    125.404135
         1101.312500 -14111.335014  12528.995843    125.171608
         1101.406250 -14110.674081  12529.322526    125.033964
         1101.500000 -14110.217949  12529.244798    125.223441
         1101.625000 -14109.328950  12529.532617    125.180535
         1101.718750 -14108.872817  12529.454889    125.370012
         1101.812500 -14107.983818  12529.742708    125.327107
         1101.906250 -14107.527686  12529.664979    125.516584
         1102.000000 -14106.866753  12529.760368    125.284057
         1102.125000 -14106.182554  12529.412481    125.473390
         1102.218750 -14105.521622  12529.507869    125.240863
         1102.312500 -14105.065489  12529.198846    125.335457
         1102.406250 -14104.176490  12529.024075    125.102786
         1102.500000 -14103.515557  12529.119464    124.870259
         1102.625000 -14103.059425  12528.810441    124.964854
         1102.718750 -14100.853150  12529.519620    118.625144
         1102.812500 -14103.008303  12526.999422    131.355675
         1102.906250 -14101.961035  12527.190434    129.572632
         1103.000000 -14100.867235  12526.957486    128.823074
         1103.125000 -14100.774173  12526.340858    130.984927
         1103.218750 -14100.229568  12527.264854    128.073804
         1103.312500 -14099.340569  12526.858789    127.746250
         1103.406250 -14098.702902  12526.934863    126.902098
         1103.500000 -14098.018703  12526.818271    127.186314
         1103.625000 -14097.562571  12526.740543    127.375791
         1103.718750 -14096.673572  12526.565772    127.143120
         1103.812500 -14096.217439  12526.256749    127.237714
         1103.906250 -14095.738041  12526.198335    128.038817
         1104.000000 -14095.053843  12525.619153    128.133267
         1104.125000 -14094.164844  12525.444383    127.900596
         1104.218750 -14093.480645  12525.327791    128.184811
         1104.312500 -14093.024513  12525.250062    128.374289
         1104.406250 -14092.112248  12524.863311    128.658360
         1104.500000 -14091.656116  12524.785583    128.847837
         1104.625000 -14091.176718  12524.495874    129.554057
         1104.718750 -14097.292564  12518.875575    119.541132
         1104.812500 -14096.608365  12518.758983    119.825348
         1104.906250 -14095.947432  12518.391782    119.403055
         1105.000000 -14095.035167  12518.467620    119.876892
         1105.125000 -14083.547976  12519.375787    116.345650
         1105.218750 -14082.887043  12519.008585    115.923358
         1105.312500 -14082.021310  12518.583206    114.984179
         1105.406250 -14078.646848  12519.349385    115.751303
         1105.500000 -14077.962650  12519.001497    115.940636
         1105.625000 -14077.301717  12518.634296    115.518343
         1105.718750 -14076.003117  12518.343169    114.251899
         1105.812500 -14075.114117  12518.168399    114.019227
         1105.906250 -14074.862786  12517.686259    114.535826
         1106.000000 -14073.768986  12517.222016    113.691385
         1106.125000 -14076.273124  12518.112821    118.765659
         1106.218750 -14073.903990  12517.106842    115.948265
         1106.312500 -14071.534855  12515.869567    113.035989
         1106.406250 -14071.646593  12515.079823    115.619846
         1106.500000 -14071.418527  12514.809665    115.619702
         1106.625000 -14070.962395  12514.500642    115.714296
         1106.718750 -14070.939129  12514.288661    116.231039
         1106.812500 -14071.120664  12514.134859    117.264668
         1106.906250 -14071.735066  12514.309393    118.815329
         1107.000000 -14071.916601  12514.155591    119.848958
         1107.125000 -14072.098136  12514.001789    120.882588
         1107.218750 -14072.051604  12513.809122    122.010956
         1107.312500 -14072.233139  12513.424025    122.949703
         1107.406250 -14071.981807  12513.173181    123.561184
         1107.500000 -14071.730475  12512.922336    124.172665
         1107.625000 -14071.479144  12512.671491    124.784146
         1107.718750 -14071.023011  12512.362468    124.878741
         1107.812500 -14070.794945  12512.092310    124.878596
         1107.906250 -14070.110747  12511.513128    124.973046
         1108.000000 -14069.654614  12511.204105    125.067641
         1108.125000 -14068.970416  12510.624923    125.162091
         1108.218750 -14068.309483  12510.257722    124.739798
         1108.312500 -14067.853350  12509.717404    124.739510
         1108.406250 -14067.169152  12509.369517    124.928843
         1108.500000 -14066.484953  12508.790335    125.023293
         1108.625000 -14065.595954  12508.384270    124.695739
         1108.718750 -14065.139822  12507.843952    124.695450
         1108.812500 -14064.250823  12507.206592    124.273014
         1108.906250 -14063.566624  12506.627411    124.367464
         1109.000000 -14062.905691  12506.491504    124.040054
         1109.125000 -14062.221493  12505.681028    124.039621
         1109.218750 -14061.332494  12505.274962    123.712067
         1109.312500 -14060.648295  12504.695781    123.806518
         1109.406250 -14059.987362  12504.328579    123.384225
         1109.500000 -14059.303164  12503.749398    123.478675
         1109.625000 -14058.414164  12503.343332    123.151121
         1109.718750 -14057.729966  12502.532856    123.150689
         1109.812500 -14056.817701  12502.146105    123.434760
         1109.906250 -14055.928702  12501.508745    123.012323
         1110.000000 -14055.244504  12500.929563    123.106773
         1110.125000 -14054.355504  12500.523498    122.779219
         1110.218750 -14053.671306  12499.944316    122.873670
         1110.312500 -14052.759041  12499.326270    123.062858
         1110.406250 -14052.074843  12498.515794    123.062426
         1110.500000 -14051.185844  12498.109728    122.734872
         1110.625000 -14050.501645  12497.530547    122.829322
         1110.718750 -14049.589380  12496.912501    123.018510
         1110.812500 -14048.905182  12496.333319    123.112960
         1110.906250 -14048.220983  12495.754137    123.207411
         1111.000000 -14047.536785  12495.174955    123.301861
         1111.125000 -14046.624520  12494.556910    123.491049
         1111.218750 -14045.735521  12494.150844    123.163495
         1111.312500 -14045.051322  12493.571662    123.257945
         1111.406250 -14044.367124  12492.992481    123.352396
         1111.500000 -14043.682925  12492.413299    123.446846
         1111.625000 -14042.998727  12491.834117    123.541296
         1111.718750 -14042.109727  12491.428052    123.213742
         1111.812500 -14041.425529  12490.848870    123.308192
         1111.906250 -14040.741330  12490.269688    123.402642
         1112.000000 -14040.057132  12489.690507    123.497092
         1112.125000 -14039.372933  12489.111325    123.591542
         1112.218750 -14038.483934  12488.705260    123.263988
         1112.312500 -14037.799736  12488.126078    123.358438
         1112.406250 -14037.115537  12487.546896    123.452889
         1112.500000 -14036.431338  12486.967714    123.547339
         1112.625000 -14035.747140  12486.388532    123.641789
         1112.718750 -14035.062941  12485.809351    123.736239
         1112.812500 -14034.402008  12485.442149    123.313946
         1112.906250 -14033.717810  12484.862968    123.408396
         1113.000000 -14033.033611  12484.283786    123.502847
         1113.125000 -14032.144612  12483.877721    123.175293
         1113.218750 -14031.688480  12483.568698    123.269887
         1113.312500 -14031.004281  12482.989516    123.364337
         1113.406250 -14030.320083  12482.410334    123.458787
         1113.500000 -14029.635884  12481.831152    123.553237
         1113.625000 -14028.951686  12481.251971    123.647687
         1113.718750 -14028.267487  12480.672789    123.742137
         1113.812500 -14027.606554  12480.305588    123.319845
         1113.906250 -14026.922356  12479.957701    123.509178
         1114.000000 -14026.238157  12479.378519    123.603628
         1114.125000 -14025.553959  12478.799337    123.698078
         1114.218750 -14024.869760  12478.220155    123.792528
         1114.312500 -14024.413628  12477.679838    123.792240
         1114.406250 -14023.729429  12477.100656    123.886690
         1114.500000 -14022.840430  12476.694591    123.559136
         1114.625000 -14022.156231  12476.346704    123.748469
         1114.718750 -14021.472033  12475.767522    123.842919
         1114.812500 -14021.015901  12475.227204    123.842630
         1114.906250 -14020.331702  12474.648022    123.937081
         1115.000000 -14019.647503  12474.068841    124.031531
         1115.125000 -14018.986570  12473.701639    123.609238
         1115.218750 -14018.302372  12473.122458    123.703688
         1115.312500 -14017.618173  12472.543276    123.798138
         1115.406250 -14016.933975  12471.964094    123.892588
         1115.500000 -14016.249776  12471.384912    123.987039
         1115.625000 -14015.793644  12470.844595    123.986750
         1115.718750 -14015.109445  12470.496708    124.176083
         1115.812500 -14014.220446  12470.090642    123.848529
         1115.906250 -14013.536248  12469.280166    123.848096
         1116.000000 -14012.852049  12468.932279    124.037429
         1116.125000 -14012.395917  12468.160667    123.942258
         1116.218750 -14011.506918  12467.754601    123.614704
         1116.312500 -14010.822719  12467.175419    123.709154
         1116.406250 -14010.366587  12466.635102    123.708866
         1116.500000 -14009.477588  12466.229036    123.381312
         1116.625000 -14008.793389  12465.418560    123.380879
         1116.718750 -14008.109191  12464.839378    123.475329
         1116.812500 -14007.424992  12464.260196    123.569779
         1116.906250 -14006.535993  12463.854131    123.242225
         1117.000000 -14006.079861  12463.082519    123.147054
         1117.125000 -14005.395662  12462.503337    123.241504
         1117.218750 -14004.711463  12461.924155    123.335954
         1117.312500 -14003.822464  12461.286795    122.913517
         1117.406250 -14003.138266  12460.707613    123.007968
         1117.500000 -14002.454067  12460.128432    123.102418
         1117.625000 -14001.769869  12459.317955    123.101985
         1117.718750 -14001.085670  12458.738773    123.196435
         1117.812500 -14000.401472  12457.928297    123.196002
         1117.906250 -13999.512472  12457.290937    122.773566
         1118.000000 -13999.056340  12456.750619    122.773277
         1118.125000 -13998.576942  12455.767026    123.194849
         1118.218750 -13998.120810  12455.226709    123.194560
         1118.312500 -13997.664677  12454.455096    123.099389
         1118.406250 -13997.892744  12454.493960    123.004650
         1118.500000 -13997.664677  12453.992507    122.909623
         1118.625000 -13997.208545  12452.989600    122.719569
         1118.718750 -13996.729147  12452.006007    123.141140
         1118.812500 -13996.249749  12450.791119    123.467829
         1118.906250 -13995.793617  12450.019507    123.372658
         1119.000000 -13995.109418  12448.746441    123.182459
         1119.125000 -13994.858086  12447.570417    123.414409
         1119.218750 -13994.401954  12446.798805    123.319238
         1119.312500 -13994.378688  12445.661645    123.456450
         1119.406250 -13994.150622  12444.928897    123.266540
         1119.500000 -13994.150622  12444.235013    122.981891
         1119.625000 -13994.127356  12443.329148    123.213985
         1119.718750 -13994.332157  12442.462147    123.351341
         1119.812500 -13994.332157  12441.999558    123.161575
         1119.906250 -13994.765024  12441.171421    123.204193
         1120.000000 -13994.765024  12440.477537    122.919544
         1120.125000 -13994.969824  12439.841831    123.151783
         1120.218750 -13994.946559  12439.398556    123.573642
         1120.312500 -13995.151359  12438.531555    123.710998
         1120.406250 -13995.379425  12438.107830    123.426494
         1120.500000 -13995.584226  12437.240829    123.563849
         1120.625000 -13996.017093  12436.643987    123.701349
         1120.718750 -13996.221893  12436.239576    124.028471
         1120.812500 -13996.221893  12435.776986    123.838705
         1120.906250 -13996.882826  12435.219009    123.881466
         1121.000000 -13997.315693  12434.853462    124.113849
         1121.125000 -13997.999891  12433.813580    123.355219
         1121.218750 -13998.204692  12433.640464    123.777223
         1121.312500 -13998.865625  12433.082486    123.819985
         1121.406250 -13999.093691  12432.890055    123.630363
         1121.500000 -13999.754624  12432.332078    123.673124
         1121.625000 -14000.415557  12431.774100    123.715886
         1121.718750 -14000.848424  12431.177258    123.853386
         1121.812500 -14001.509356  12430.850575    123.991030
         1121.906250 -14002.170289  12430.523892    124.128674
         1122.000000 -14003.059288  12430.236073    124.171579
         1122.125000 -14003.720221  12429.909390    124.309223
         1122.218750 -14004.381154  12429.582707    124.446868
         1122.312500 -14005.270153  12429.294888    124.489773
         1122.406250 -14005.931086  12428.968205    124.627417
         1122.500000 -14006.820085  12428.449092    124.575440
         1122.625000 -14007.481018  12428.122409    124.713084
         1122.718750 -14008.370017  12427.834590    124.755989
         1122.812500 -14009.259016  12427.778065    124.893778
         1122.906250 -14010.148016  12427.490247    124.936683
         1123.000000 -14011.037015  12426.971133    124.884706
         1123.125000 -14012.130814  12426.510198    125.349616
         1123.218750 -14013.043079  12426.434359    124.875779
         1123.312500 -14014.136879  12425.742129    125.245805
         1123.406250 -14015.025878  12425.685605    125.383594
         1123.500000 -14016.142943  12425.205355    125.236878
         1123.625000 -14017.031942  12424.917536    125.279783
         1123.718750 -14017.920941  12424.398423    125.227806
         1123.812500 -14019.038007  12424.149468    125.175973
         1123.906250 -14019.927006  12423.630354    125.123996
         1124.000000 -14021.044071  12423.381400    125.072163
         1124.125000 -14022.137871  12422.689169    125.442189
         1124.218750 -14023.026870  12422.401351    125.485095
         1124.312500 -14024.143935  12422.614985    125.623028
         1124.406250 -14025.032934  12421.864577    125.476167
         1124.500000 -14026.149999  12421.153033    125.234569
         1124.625000 -14027.038998  12421.327803    125.467240
         1124.718750 -14028.156064  12420.847554    125.320524
         1124.812500 -14029.045063  12420.559735    125.363430
         1124.906250 -14030.138862  12419.636210    125.638574
         1125.000000 -14031.255928  12419.618550    125.681623
         1125.125000 -14032.372993  12419.369595    125.629790
         1125.218750 -14033.490058  12418.889345    125.483074
         1125.312500 -14034.379057  12418.370232    125.431097
         1125.406250 -14035.496123  12418.121277    125.379264
         1125.500000 -14036.385122  12417.602163    125.327287
         1125.625000 -14037.706988  12417.180092    125.697458
         1125.718750 -14038.824053  12417.162432    125.740508
         1125.812500 -14039.713052  12416.180729    125.498765
         1125.906250 -14040.830117  12416.163069    125.541814
         1126.000000 -14041.719116  12415.412660    125.394954
         1126.125000 -14042.836182  12415.395000    125.438004
         1126.218750 -14043.725181  12415.107181    125.480910
         1126.312500 -14044.842246  12414.395637    125.239311
         1126.406250 -14045.731245  12414.570408    125.471982
         1126.500000 -14046.848310  12414.552748    125.515032
         1126.625000 -14047.737309  12414.033634    125.463055
         1126.718750 -14048.854375  12413.784679    125.411222
         1126.812500 -14049.743374  12411.415208    124.600182
         1126.906250 -14050.632373  12410.664799    124.453322
         1127.000000 -14051.749438  12409.721960    124.116840
         1127.125000 -14052.843238  12409.261025    124.581750
         1127.218750 -14053.732237  12408.973206    124.624655
         1127.312500 -14054.849302  12408.724251    124.572822
         1127.406250 -14055.738301  12408.667727    124.710611
         1127.500000 -14056.855367  12408.418772    124.658778
         1127.625000 -14057.744366  12408.130953    124.701683
         1127.718750 -14058.633365  12407.843134    124.744589
         1127.812500 -14059.294298  12406.822567    124.597584
         1127.906250 -14060.183297  12406.534748    124.640490
         1128.000000 -14061.072296  12406.246929    124.683395
         1128.125000 -14061.528428  12405.862068    124.304153
         1128.218750 -14062.417427  12405.805544    124.441941
         1128.312500 -14063.101626  12405.459547    123.967960
         1128.406250 -14063.762559  12405.595453    124.295369
         1128.500000 -14064.446757  12405.480751    123.916271
         1128.625000 -14065.335756  12404.961637    123.864294
         1128.718750 -14065.791889  12405.039365    123.674816
         1128.812500 -14066.248021  12404.654504    123.295574
         1128.906250 -14066.932220  12404.539802    122.916475
         1129.000000 -14067.388352  12404.617530    122.726998
         1129.125000 -14067.616418  12404.425099    122.537377
         1129.218750 -14068.072551  12404.965417    122.537665
         1129.312500 -14068.528683  12404.117966    121.968657
         1129.406250 -14068.756749  12404.388125    121.968801
         1129.500000 -14068.780015  12404.600106    121.452058
         1129.625000 -14069.236147  12404.446539    121.167698
         1129.718750 -14069.464213  12404.254109    120.978077
         1129.812500 -14069.692280  12404.292973    120.883338
         1129.906250 -14069.920346  12404.331837    120.788600
         1130.000000 -14069.943611  12404.312523    120.176974
         1130.125000 -14070.171678  12404.582681    120.177119
         1130.218750 -14070.171678  12404.351387    120.082236
         1130.312500 -14070.194943  12404.332073    119.470610
         1130.406250 -14070.194943  12404.100778    119.375728
         1130.500000 -14070.423009  12403.908347    119.186106
         1130.625000 -14070.218209  12404.081464    118.764102
         1130.718750 -14070.446275  12404.120328    118.669364
         1130.812500 -14070.446275  12404.120328    118.669364
         1130.906250 -14070.469541  12404.101014    118.057738
         1131.000000 -14070.697607  12404.371172    118.057882
         1131.125000 -14070.492806  12404.312994    117.540996
         1131.218750 -14070.720873  12404.120564    117.351374
         1131.312500 -14070.516072  12404.062385    116.834487
         1131.406250 -14070.516072  12400.361670    115.316362
         1131.500000 -14070.516072  12400.824259    115.506128
         1131.625000 -14070.539338  12401.498829    115.179151
         1131.718750 -14070.562603  12401.942104    114.757291
         1131.812500 -14070.562603  12401.479515    114.567526
         1131.906250 -14070.585869  12401.691496    114.050783
         1132.000000 -14070.585869  12401.691496    114.050783
         1132.125000 -14070.609135  12401.672181    113.439157
         1132.218750 -14070.609135  12401.440887    113.344275
         1132.312500 -14070.404334  12401.845298    113.017153
         1132.406250 -14070.632400  12401.652867    112.827532
         1132.500000 -14070.427600  12401.825984    112.405528
         1132.625000 -14070.427600  12401.363394    112.215762
         1132.718750 -14070.450865  12401.806670    111.793903
         1132.812500 -14070.474131  12401.787355    111.182277
         1132.906250 -14070.474131  12401.093471    110.897629
         1133.000000 -14070.497397  12401.305452    110.380886
         1133.125000 -14070.497397  12401.305452    110.380886
         1133.218750 -14070.520662  12401.054843    109.674378
         1133.312500 -14070.315862  12400.996665    109.157491
         1133.406250 -14070.543928  12401.266823    109.157635
         1133.500000 -14070.567193  12401.710099    108.735775
         1133.625000 -14070.590459  12402.615964    108.503681
         1133.718750 -14070.818525  12402.192238    108.219177
         1133.812500 -14070.613725  12402.596649    107.892056
         1133.906250 -14070.841791  12402.866808    107.892200
         1134.000000 -14070.636990  12403.039925    107.470196
         1134.125000 -14070.636990  12403.039925    107.470196
         1134.218750 -14070.660256  12403.251905    106.953453
         1134.312500 -14070.888322  12403.290769    106.858715
         1134.406250 -14070.911588  12403.271455    106.247089
         1134.500000 -14070.911588  12403.271455    106.247089
         1134.625000 -14070.934854  12403.483436    105.730347
         1134.718750 -14070.934854  12403.483436    105.730347
         1134.812500 -14070.958119  12403.695416    105.213604
         1134.906250 -14070.981385  12403.907397    104.696861
         1135.000000 -14070.981385  12403.676102    104.601979
         1135.125000 -14071.004650  12403.888083    104.085236
         1135.218750 -14070.799850  12404.061199    103.663232
         1135.312500 -14071.027916  12403.868769    103.473610
         1135.406250 -14071.051182  12404.080749    102.956868
         1135.500000 -14070.846381  12404.253866    102.534864
         1135.625000 -14070.846381  12404.022571    102.439981
         1135.718750 -14070.869647  12404.234552    101.923238
         1135.812500 -14071.120979  12404.254102    101.216874
         1135.906250 -14070.892912  12403.983943    101.216730
         1136.000000 -14070.916178  12403.964629    100.605105
         1136.125000 -14070.916178  12403.733334    100.510222
         1136.218750 -14070.939444  12403.482725     99.803714
         1136.312500 -14070.939444  12403.251430     99.708831
         1136.406250 -14070.962709  12403.232116     99.097205
         1136.500000 -14070.962709  12403.000821     99.002323
         1136.625000 -14070.985975  12402.750212     98.295814
         1136.718750 -14070.781174  12402.692034     97.778927
         1136.812500 -14071.009241  12402.268309     97.494423
         1136.906250 -14071.032506  12402.248995     96.882798
         1137.000000 -14070.827706  12401.959522     96.271028
         1137.125000 -14070.827706  12401.728227     96.176145
         1137.218750 -14070.850971  12401.708913     95.564520
         1137.312500 -14070.874237  12401.689599     94.952895
         1137.406250 -14071.102303  12401.497168     94.763273
         1137.500000 -14070.897503  12401.438990     94.246386
         1137.625000 -14070.897503  12401.207695     94.151503
         1137.718750 -14070.920768  12401.188381     93.539878
         1137.812500 -14070.944034  12401.169067     92.928253
         1137.906250 -14070.739233  12401.110888     92.411366
         1138.000000 -14070.967300  12401.381047     92.411510
         1138.125000 -14070.990565  12401.361733     91.799885
         1138.218750 -14070.990565  12400.899144     91.610119
         1138.312500 -14071.218631  12400.706713     91.420498
         1138.406250 -14071.241897  12400.687399     90.808872
         1138.500000 -14071.241897  12400.456104     90.713989
         1138.625000 -14071.265163  12399.049022     89.533067
         1138.718750 -14071.265163  12398.817727     89.438184
         1138.812500 -14071.493229  12398.162707     89.058797
         1138.906250 -14071.949361  12398.703024     89.059086
         1139.000000 -14071.949361  12398.703024     89.059086
         1139.125000 -14072.382228  12398.337477     89.291468
         1139.218750 -14072.610294  12398.607636     89.291613
         1139.312500 -14072.838360  12398.646500     89.196874
         1139.406250 -14073.271227  12398.743543     89.619022
         1139.500000 -14073.727359  12399.052566     89.524428
         1139.625000 -14074.160226  12399.149608     89.946576
         1139.718750 -14074.388292  12399.419767     89.946720
         1139.812500 -14075.049225  12399.324378     90.179247
         1139.906250 -14075.277291  12399.363243     90.084509
         1140.000000 -14075.938224  12399.267854     90.317036
         1140.125000 -14076.166291  12399.075424     90.127414
         1140.218750 -14076.827223  12398.748741     90.265058
         1140.312500 -14077.283356  12398.826469     90.075581
         1140.406250 -14077.944289  12398.499786     90.213225
         1140.500000 -14078.377155  12397.902944     90.350725
         1140.625000 -14078.833288  12397.980672     90.161248
         1140.718750 -14079.494221  12397.653989     90.298892
         1140.812500 -14079.950353  12397.500423     90.014532
         1140.906250 -14080.611286  12397.636329     90.341942
         1141.000000 -14080.588020  12398.118233     91.143333
         1141.125000 -14081.477019  12397.830414     91.186239
         1141.218750 -14082.161218  12397.715711     90.807140
         1141.312500 -14082.822151  12397.157734     90.849901
         1141.406250 -14083.711150  12396.176031     90.608158
         1141.500000 -14084.167282  12396.022464     90.323798
         1141.625000 -14085.056281  12395.734645     90.366704
         1141.718750 -14085.968546  12395.427512     89.797984
         1141.812500 -14085.945281  12395.446826     90.409610
         1141.906250 -14087.062346  12394.272692     89.978245
         1142.000000 -14087.267146  12395.256050     90.874663
         1142.125000 -14087.495213  12395.294914     90.779925
         1142.218750 -14087.928079  12395.160661     91.107190
         1142.312500 -14088.360946  12395.026409     91.434456
         1142.406250 -14092.331134  12387.977116     84.246266
         1142.500000 -14089.980675  12392.734902     89.115949
         1142.625000 -14089.934144  12393.467414     90.623849
         1142.718750 -14089.934144  12394.161298     90.908497
         1142.812500 -14089.682812  12394.141748     91.614861
         1142.906250 -14089.910878  12395.337086     91.994537
         1143.000000 -14090.138944  12394.913361     91.710032
         1143.125000 -14090.595077  12394.759794     91.425672
         1143.218750 -14090.618342  12395.203069     91.003813
         1143.312500 -14090.390276  12395.395500     91.193434
         1143.406250 -14090.390276  12394.701616     90.908786
         1143.500000 -14090.390276  12395.858090     91.383200
         1143.625000 -14090.162210  12396.050520     91.572821
         1143.718750 -14090.162210  12396.513110     91.762587
         1143.812500 -14090.162210  12397.669583     92.237001
         1143.906250 -14089.934144  12397.399424     92.236856
         1144.000000 -14089.934144  12397.399424     92.236856
         1144.125000 -14089.729343  12397.341246     91.719970
         1144.218750 -14089.957409  12396.686226     91.340583
         1144.312500 -14090.208741  12396.937071     90.729101
         1144.406250 -14090.436807  12396.975935     90.634363
         1144.500000 -14090.664874  12394.007967     89.306148
         1144.625000 -14090.916205  12393.796223     88.504901
         1144.718750 -14091.167537  12393.815773     87.798537
         1144.812500 -14091.167537  12393.815773     87.798537
         1144.906250 -14091.190803  12394.027753     87.281794
         1145.000000 -14091.190803  12394.027753     87.281794
         1145.125000 -14091.214068  12394.239734     86.765052
         1145.218750 -14091.214068  12394.008439     86.670169
         1145.312500 -14091.442135  12394.047303     86.575430
         1145.406250 -14091.442135  12394.278598     86.670313
         1145.500000 -14091.237334  12394.451714     86.248309
         1145.625000 -14091.237334  12394.451714     86.248309
         1145.718750 -14091.260600  12394.663695     85.731566
         1145.812500 -14091.260600  12394.663695     85.731566
         1145.906250 -14091.032534  12394.856126     85.921188
         1146.000000 -14091.055799  12395.068106     85.404445
         1146.125000 -14091.055799  12395.068106     85.404445
         1146.218750 -14091.079065  12395.048792     84.792820
         1146.312500 -14091.079065  12395.280087     84.887702
         1146.406250 -14091.079065  12394.817497     84.697937
         1146.500000 -14090.874264  12394.990614     84.275933
         1146.625000 -14090.897530  12396.359068     84.233604
         1146.718750 -14090.897530  12395.433889     83.854073
         1146.812500 -14091.125596  12394.778869     83.474686
         1146.906250 -14091.125596  12395.241458     83.664452
         1147.000000 -14090.920796  12395.414575     83.242448
         1147.125000 -14091.148862  12394.759555     82.863061
         1147.218750 -14090.920796  12395.645870     83.337330
         1147.312500 -14090.920796  12395.183280     83.147565
         1147.406250 -14090.920796  12394.951985     83.052682
         1147.500000 -14090.920796  12394.951985     83.052682
         1147.625000 -14091.148862  12394.990850     82.957943
         1147.718750 -14091.148862  12395.453439     83.147709
         1147.812500 -14091.148862  12395.222144     83.052826
         1147.906250 -14090.944061  12395.395261     82.630822
         1148.000000 -14091.148862  12395.684734     83.242592
         1148.125000 -14091.172127  12395.896714     82.725849
         1148.218750 -14091.400194  12395.704284     82.536228
         1148.312500 -14091.400194  12395.472989     82.441345
         1148.406250 -14091.400194  12396.166873     82.725993
         1148.500000 -14091.628260  12395.974443     82.536372
         1148.625000 -14091.856326  12396.475896     82.631399
         1148.718750 -14091.856326  12396.707191     82.726282
         1148.812500 -14091.856326  12396.244601     82.536516
         1148.906250 -14092.084392  12397.208644     82.821309
         1149.000000 -14095.165581  12391.141054     75.874862
         1149.125000 -14097.036641  12387.712623     72.375577
         1149.218750 -14096.329177  12389.928292     74.220247
         1149.312500 -14096.580509  12389.253958     73.229234
         1149.406250 -14096.808575  12389.755412     73.324261
         1149.500000 -14096.808575  12390.218001     73.514027
         1149.625000 -14097.516039  12389.390100     72.238654
         1149.718750 -14098.200238  12388.118924     71.385142
         1149.812500 -14099.159034  12386.847984     69.213640
         1149.906250 -14099.638432  12386.443809     68.222772
         1150.000000 -14100.322631  12385.172633     67.369259
         1150.125000 -14100.802029  12384.305868     66.188625
         1150.218750 -14101.030095  12384.344732     66.093887
         1150.312500 -14101.509493  12384.403146     65.292784
         1150.406250 -14101.737559  12384.673305     65.292928
         1150.500000 -14101.965625  12384.712169     65.198190
         1150.625000 -14102.421758  12384.327307     64.818947
         1150.718750 -14102.445023  12384.539288     64.302204
         1150.812500 -14102.673089  12384.809447     64.302349
         1150.906250 -14102.673089  12385.272036     64.492114
         1151.000000 -14103.129222  12385.118470     64.207754
         1151.125000 -14103.357288  12384.926039     64.018133
         1151.218750 -14103.129222  12385.812354     64.492403
         1151.312500 -14103.585354  12386.121377     64.397808
         1151.406250 -14103.836686  12386.140927     63.691444
         1151.500000 -14103.836686  12385.909632     63.596561
         1151.625000 -14104.520885  12386.257519     63.407229
         1151.718750 -14104.544150  12386.469500     62.890486
         1151.812500 -14104.772216  12386.739659     62.890630
         1151.906250 -14105.000283  12386.778523     62.795892
         1152.000000 -14104.772216  12387.664838     63.270161
         1152.125000 -14105.000283  12387.703702     63.175423
         1152.218750 -14105.456415  12388.012725     63.080829
         1152.312500 -14105.228349  12388.667745     63.460216
         1152.406250 -14105.228349  12389.361629     63.744864
         1152.500000 -14105.456415  12390.094377     63.934774
         1152.625000 -14105.456415  12390.325672     64.029657
         1152.718750 -14105.456415  12391.250851     64.409188
         1152.812500 -14105.456415  12391.713440     64.598953
         1152.906250 -14105.684481  12392.446189     64.788863
         1153.000000 -14105.912547  12392.485053     64.694125
         1153.125000 -14106.140613  12392.755212     64.694269
         1153.218750 -14106.140613  12393.449096     64.978917
         1153.312500 -14106.368680  12394.181844     65.168827
         1153.406250 -14106.140613  12394.836864     65.548214
         1153.500000 -14106.368680  12395.338318     65.643241
         1153.625000 -14106.368680  12395.800907     65.833007
         1153.718750 -14106.596746  12396.764950     66.117800
         1153.812500 -14106.596746  12396.996245     66.212682
         1153.906250 -14106.824812  12397.960288     66.497475
         1154.000000 -14106.824812  12397.960288     66.497475
         1154.125000 -14106.824812  12398.885467     66.877006
         1154.218750 -14107.052878  12399.849510     67.161799
         1154.312500 -14107.052878  12399.849510     67.161799
         1154.406250 -14107.052878  12400.312099     67.351564
         1154.500000 -14107.280944  12401.507437     67.731240
         1154.625000 -14107.280944  12402.432616     68.110771
         1154.718750 -14107.509011  12402.471480     68.016033
         1154.812500 -14107.737077  12402.972934     68.111060
         1154.906250 -14107.737077  12403.435523     68.300825
         1155.000000 -14107.965143  12404.399566     68.585618
         1155.125000 -14107.965143  12404.862156     68.775384
         1155.218750 -14108.193209  12405.826199     69.060176
         1155.312500 -14108.193209  12406.057493     69.155059
         1155.406250 -14108.421275  12407.021536     69.439852
         1155.500000 -14108.421275  12407.715421     69.724500
         1155.625000 -14108.649341  12407.985579     69.724644
         1155.718750 -14108.649341  12408.448169     69.914410
         1155.812500 -14108.877408  12408.949622     70.009437
         1155.906250 -14108.900673  12410.318077     69.967108
         1156.000000 -14108.877408  12410.568686     70.673617
         1156.125000 -14109.105474  12411.070139     70.768644
         1156.218750 -14109.333540  12411.571593     70.863671
         1156.312500 -14109.356806  12412.477458     70.631576
         1156.406250 -14109.356806  12412.708752     70.726459
         1156.500000 -14109.584872  12413.672795     71.011252
         1156.625000 -14109.812938  12413.942954     71.011396
         1156.718750 -14110.041004  12414.213113     71.011540
         1156.812500 -14110.041004  12414.906997     71.296189
         1156.906250 -14109.561606  12417.161530     73.046119
         1157.000000 -14109.333540  12417.353961     73.235741
         1157.125000 -14107.667280  12422.459634     77.916092
         1157.218750 -14117.483306  12428.755263     63.886723
         1157.312500 -14117.962704  12429.044972     63.180503
         1157.406250 -14117.734638  12429.237402     63.370125
         1157.500000 -14108.146678  12423.905816     77.684286
         1157.625000 -14095.477529  12417.934273     96.193293
         1157.718750 -14094.016069  12417.315755     99.018461
         1157.812500 -14093.559937  12417.469322     99.302820
         1157.906250 -14094.039335  12417.990325     98.691483
         1158.000000 -14094.998131  12418.569743     97.279044
         1158.125000 -14094.518733  12418.511329     98.080147
         1158.218750 -14094.267401  12418.260484     98.691628
         1158.312500 -14093.559937  12417.931911     99.492586
         1158.406250 -14093.057273  12417.430222    100.715548
         1158.500000 -14092.577875  12416.909218    101.326885
         1158.625000 -14092.829207  12417.160063    100.715404
         1158.718750 -14092.577875  12416.909218    101.326885
         1158.812500 -14092.349809  12416.870354    101.421624
         1158.906250 -14092.349809  12416.870354    101.421624
         1159.000000 -14092.349809  12416.870354    101.421624
         1159.125000 -14092.373075  12417.082335    100.904881
         1159.218750 -14093.559937  12417.700616     99.397703
         1159.312500 -14092.852473  12417.372044    100.198662
         1159.406250 -14093.080539  12417.410908    100.103923
         1159.500000 -14092.875738  12417.584024     99.681919
         1159.625000 -14093.103805  12417.622888     99.587180
         1159.718750 -14092.875738  12417.584024     99.681919
         1159.812500 -14093.583203  12417.681302     98.786078
         1159.906250 -14092.875738  12417.121435     99.492153
         1160.000000 -14093.378402  12417.623124     98.269191
         1160.125000 -14092.419606  12419.587948    100.725341
         1160.218750 -14093.150336  12418.509439     98.743461
         1160.312500 -14093.629734  12417.411379     97.467944
         1160.406250 -14093.857800  12417.218949     97.278323
         1160.500000 -14100.820704  12421.988306     86.969530
         1160.625000 -14101.802766  12422.779704     85.040348
         1160.718750 -14102.761562  12423.359121     83.627909
         1160.812500 -14103.720358  12423.707244     82.120586
         1160.906250 -14104.223021  12424.208934     80.897624
         1161.000000 -14104.725685  12424.479328     79.579779
         1161.125000 -14105.205083  12424.537742     78.778676
         1161.218750 -14105.684481  12424.596156     77.977573
         1161.312500 -14105.684481  12424.596156     77.977573
         1161.406250 -14105.707747  12424.576842     77.365948
         1161.500000 -14105.707747  12424.576842     77.365948
         1161.625000 -14105.959079  12424.596392     76.659584
         1161.718750 -14105.982344  12424.577078     76.047959
         1161.812500 -14106.210410  12424.153353     75.763454
         1161.906250 -14106.233676  12424.134038     75.151829
         1162.000000 -14106.233676  12423.902744     75.056946
         1162.125000 -14106.005610  12423.632585     75.056802
         1162.218750 -14103.859952  12421.972296     77.786654
         1162.312500 -14101.737559  12420.755283     80.094646
         1162.406250 -14101.258161  12420.234279     80.705983
         1162.500000 -14100.778763  12419.713276     81.317320
         1162.625000 -14103.906483  12421.933668     76.563403
         1162.718750 -14102.012156  12420.292929     78.586891
         1162.812500 -14101.760825  12419.579495     79.008607
         1162.906250 -14100.094564  12418.208915     81.032239
         1163.000000 -14099.638432  12417.899892     81.126833
         1163.125000 -14098.954234  12417.320710     81.221283
         1163.218750 -14098.474836  12416.799707     81.832620
         1163.312500 -14098.018703  12416.259389     81.832332
         1163.406250 -14099.205565  12416.646376     80.230271
         1163.500000 -14097.562571  12415.487777     81.737161
         1163.625000 -14097.083173  12414.735479     82.253615
         1163.718750 -14096.855107  12414.465320     82.253471
         1163.812500 -14096.170908  12413.886138     82.347921
         1163.906250 -14095.919576  12413.172704     82.769636
         1164.000000 -14096.673572  12413.462648     80.745427
         1164.125000 -14096.673572  12413.231354     80.650544
         1164.218750 -14095.235378  12411.899638     82.579438
         1164.312500 -14095.738041  12411.938738     81.166710
         1164.406250 -14095.509975  12411.437284     81.071683
         1164.500000 -14095.281909  12411.167125     81.071539
         1164.625000 -14095.053843  12410.665672     80.976512
         1164.718750 -14094.597710  12410.125354     80.976223
         1164.812500 -14094.141578  12409.816331     81.070818
         1164.906250 -14094.141578  12409.353742     80.881052
         1165.000000 -14096.789900  12410.821836     76.643589
         1165.125000 -14096.561834  12410.551677     76.643445
         1165.218750 -14088.048998  12419.118032     91.990242
         1165.312500 -14098.228094  12409.146720     73.481219
         1165.406250 -14098.023293  12408.625952     72.774566
         1165.500000 -14098.251360  12407.970932     72.395179
         1165.625000 -14098.479426  12407.084617     71.920910
         1165.718750 -14098.730758  12406.641578     71.024780
         1165.812500 -14089.510457  12414.879360     87.172536
         1165.906250 -14099.233421  12405.524204     69.137638
         1166.000000 -14100.648350  12403.637108     66.492010
         1166.125000 -14101.379079  12402.327303     64.415247
         1166.218750 -14101.858477  12401.691833     63.329496
         1166.312500 -14101.881743  12400.747340     62.338339
         1166.406250 -14091.451315  12410.236513     81.363961
         1166.500000 -14104.255467  12398.283188     57.805858
         1166.625000 -14103.319937  12398.378340     58.891321
         1166.718750 -14102.612473  12398.743651     59.976927
         1166.812500 -14102.291344  12389.067665     58.533090
         1166.906250 -14102.156341  12398.203334     59.976639
         1167.000000 -14101.448876  12398.568645     61.062246
         1167.125000 -14100.969478  12398.741526     61.958231
         1167.218750 -14100.513346  12398.895092     62.242591
         1167.312500 -14100.285280  12398.624933     62.242447
         1167.406250 -14100.057214  12398.817364     62.432068
         1167.500000 -14099.303218  12391.588578     61.609793
         1167.625000 -14099.531284  12391.164852     61.325289
         1167.718750 -14099.782616  12390.490518     60.334277
         1167.812500 -14099.554550  12389.989064     60.239250
         1167.906250 -14099.852413  12396.446239     60.966353
         1168.000000 -14098.847086  12390.123081     61.229973
         1168.125000 -14098.619020  12390.084217     61.324712
         1168.218750 -14098.162887  12389.775194     61.419306
         1168.312500 -14097.934821  12389.273740     61.324279
         1168.406250 -14097.683489  12389.485485     62.125526
         1168.500000 -14097.227357  12389.176462     62.220120
         1168.625000 -14097.366951  12405.482503     65.287047
         1168.718750 -14096.543158  12389.522459     62.694102
         1168.812500 -14096.519893  12389.079184     63.115962
         1168.906250 -14096.519893  12389.079184     63.115962
         1169.000000 -14096.841021  12396.442223     63.610971
         1169.125000 -14096.612955  12399.641485     65.034069
         1169.218750 -14096.636221  12401.009939     64.991740
         1169.312500 -14096.636221  12401.472529     65.181506
         1169.406250 -14096.431420  12401.876940     64.854385
         1169.500000 -14096.636221  12401.703824     65.276389
         1169.625000 -14096.408155  12401.433665     65.276245
         1169.718750 -14096.408155  12401.202370     65.181362
         1169.812500 -14096.636221  12401.009939     64.991740
         1169.906250 -14096.408155  12400.971075     65.086479
         1170.000000 -14096.408155  12401.202370     65.181362
         1170.125000 -14096.636221  12401.009939     64.991740
         1170.218750 -14096.659486  12401.221920     64.474998
         1170.312500 -14096.887553  12401.029489     64.285376
         1170.406250 -14096.887553  12401.260784     64.380259
         1170.500000 -14096.864287  12401.048803     64.897002
         1170.625000 -14097.092353  12400.856373     64.707380
         1170.718750 -14097.092353  12401.087668     64.802263
         1170.812500 -14097.092353  12401.087668     64.802263
         1170.906250 -14097.092353  12401.318962     64.897146
         1171.000000 -14096.864287  12401.511393     65.086767
         1171.125000 -14097.069088  12401.800866     65.698537
         1171.218750 -14097.069088  12401.800866     65.698537
         1171.312500 -14097.069088  12402.032161     65.793420
         1171.406250 -14097.297154  12402.302319     65.793564
         1171.500000 -14097.525220  12402.341184     65.698826
         1171.625000 -14097.548486  12402.553164     65.182083
         1171.718750 -14097.753286  12402.611342     65.698970
         1171.812500 -14097.753286  12402.842637     65.793853
         1171.906250 -14097.753286  12403.073932     65.888735
         1172.000000 -14097.753286  12403.305227     65.983618
         1172.125000 -14097.753286  12403.536521     66.078501
         1172.218750 -14097.958087  12403.825994     66.690271
         1172.312500 -14097.958087  12404.288584     66.880036
         1172.406250 -14097.958087  12404.519879     66.974919
         1172.500000 -14097.958087  12405.213763     67.259568
         1172.625000 -14097.958087  12405.445057     67.354450
         1172.718750 -14098.162887  12405.503236     67.871337
         1172.812500 -14098.162887  12405.965825     68.061103
         1172.906250 -14098.390953  12406.235984     68.061247
         1173.000000 -14098.390953  12406.467279     68.156130
         1173.125000 -14098.390953  12407.161163     68.440778
         1173.218750 -14098.619020  12407.200027     68.346040
         1173.312500 -14098.847086  12407.701481     68.441067
         1173.406250 -14098.847086  12407.932775     68.535950
         1173.500000 -14099.279952  12408.261112     69.052981
         1173.625000 -14099.279952  12408.492407     69.147864
         1173.718750 -14099.508019  12408.762566     69.148008
         1173.812500 -14099.736085  12409.264020     69.243035
         1173.906250 -14099.736085  12409.495314     69.337918
         1174.000000 -14100.192217  12409.804337     69.243323
         1174.125000 -14100.192217  12410.035632     69.338206
         1174.218750 -14100.420283  12410.537086     69.433233
         1174.312500 -14100.648350  12410.807244     69.433377
         1174.406250 -14100.876416  12411.077403     69.433522
         1174.500000 -14101.104482  12411.578857     69.528549
         1174.625000 -14101.104482  12412.041446     69.718314
         1174.718750 -14101.560614  12412.119174     69.528837
         1174.812500 -14101.788681  12412.620628     69.623864
         1174.906250 -14102.016747  12412.890787     69.624008
         1175.000000 -14102.244813  12413.160946     69.624153
         1175.125000 -14102.472879  12413.662399     69.719180
         1175.218750 -14102.472879  12413.893694     69.814062
         1175.312500 -14102.929011  12414.434012     69.814351
         1175.406250 -14102.929011  12414.665306     69.909234
         1175.500000 -14103.157078  12415.166760     70.004261
         1175.625000 -14103.613210  12415.475783     69.909666
         1175.718750 -14103.841276  12415.977236     70.004693
         1175.812500 -14103.841276  12416.439826     70.194459
         1175.906250 -14104.274143  12416.768163     70.711490
         1176.000000 -14104.525475  12417.250302     70.194892
         1176.125000 -14104.753541  12417.751756     70.289919
         1176.218750 -14104.981607  12418.021915     70.290063
         1176.312500 -14105.186408  12418.542682     70.996716
         1176.406250 -14105.642540  12418.851705     70.902121
         1176.500000 -14105.870606  12419.353159     70.997148
         1176.625000 -14106.098672  12419.854613     71.092175
         1176.718750 -14106.326739  12420.356066     71.187202
         1176.812500 -14106.554805  12420.626225     71.187347
         1176.906250 -14106.782871  12421.358973     71.377256
         1177.000000 -14107.010937  12421.629132     71.377401
         1177.125000 -14107.239003  12422.130586     71.472428
         1177.218750 -14107.695136  12422.670903     71.472716
         1177.312500 -14107.695136  12423.133493     71.662482
         1177.406250 -14107.923202  12423.866241     71.852392
         1177.500000 -14108.379334  12424.175264     71.757797
         1177.625000 -14108.607400  12424.676718     71.852824
         1177.718750 -14108.607400  12425.139307     72.042590
         1177.812500 -14109.063533  12425.679625     72.042878
         1177.906250 -14109.291599  12425.949784     72.043023
         1178.000000 -14109.519665  12426.219942     72.043167
         1178.125000 -14109.747731  12426.952691     72.233077
         1178.218750 -14109.975798  12427.222849     72.233221
         1178.312500 -14110.203864  12427.724303     72.328248
         1178.406250 -14110.431930  12428.225757     72.423275
         1178.500000 -14110.659996  12428.727210     72.518302
         1178.625000 -14110.888062  12428.997369     72.518446
         1178.718750 -14111.116128  12429.498823     72.613473
         1178.812500 -14111.344195  12429.768981     72.613618
         1178.906250 -14111.572261  12430.501730     72.803527
         1179.000000 -14111.800327  12430.771889     72.803672
         1179.125000 -14111.777061  12430.791203     73.415297
         1179.218750 -14118.530575  12434.809208     68.231602
         1179.312500 -14118.758641  12435.079367     68.231747
         1179.406250 -14114.537121  12432.626026     72.236106
         1179.500000 -14114.765187  12432.896185     72.236250
         1179.625000 -14106.596746  12428.221034     79.021861
         1179.718750 -14105.889282  12427.892461     79.822820
         1179.812500 -14102.831359  12425.845421     82.836743
         1179.906250 -14100.252834  12424.319385     85.239330
         1180.000000 -14099.089237  12423.913084     86.229765
         1180.125000 -14098.130441  12423.102371     87.547322
         1180.218750 -14096.715513  12422.445226     89.149239
         1180.312500 -14095.072518  12421.517921     90.751011
         1180.406250 -14080.150563  12413.287354    102.910083
         1180.500000 -14099.270772  12424.221871     87.453160
         1180.625000 -14101.323368  12425.034237     86.790279
         1180.718750 -14106.913284  12428.414647     82.502137
         1180.812500 -14108.533013  12429.361266     81.511990
         1180.906250 -14109.422012  12429.536036     81.744661
         1181.000000 -14109.878145  12429.845059     81.650067
         1181.125000 -14110.311011  12429.942101     82.072215
         1181.218750 -14110.515812  12430.000280     82.589102
         1181.312500 -14110.948679  12429.866027     82.916367
         1181.406250 -14111.381545  12429.731775     83.243633
         1181.500000 -14111.609612  12430.001934     83.243777
         1181.625000 -14112.042478  12429.867681     83.571042
         1181.718750 -14112.247279  12429.694565     83.993046
         1181.812500 -14112.680146  12429.560312     84.320312
         1181.906250 -14112.884946  12429.387196     84.742316
         1182.000000 -14113.317813  12429.252944     85.069581
         1182.125000 -14113.750680  12429.118691     85.396847
         1182.218750 -14114.183546  12428.984439     85.724112
         1182.312500 -14114.388347  12428.811322     86.146116
         1182.406250 -14114.821214  12428.677070     86.473382
         1182.500000 -14115.230815  12428.330837     87.317390
         1182.625000 -14115.663681  12428.196585     87.644655
         1182.718750 -14116.096548  12427.831038     87.877038
         1182.812500 -14116.734215  12427.523669     88.626308
         1182.906250 -14117.167082  12427.389416     88.953573
         1183.000000 -14117.599949  12427.255164     89.280839
         1183.125000 -14118.237616  12427.179090     90.124991
         1183.218750 -14118.670483  12427.044837     90.452256
         1183.312500 -14119.331416  12426.949449     90.684783
         1183.406250 -14119.764283  12427.046492     91.106932
         1183.500000 -14120.425215  12426.951103     91.339459
         1183.625000 -14120.858082  12427.048146     91.761607
         1183.718750 -14121.290949  12426.913893     92.088872
         1183.812500 -14121.951882  12427.049800     92.416282
         1183.906250 -14122.384749  12427.146842     92.838430
         1184.000000 -14122.566283  12427.455629     94.061825
         1184.125000 -14123.227216  12427.360241     94.294352
         1184.218750 -14123.660083  12427.457283     94.716501
         1184.312500 -14124.344282  12427.805170     94.527168
         1184.406250 -14124.981949  12425.647444     94.517375
         1184.500000 -14125.438081  12426.650351     94.707429
         1184.625000 -14126.099014  12426.786257     95.034839
         1184.718750 -14126.555147  12427.095280     94.940244
         1184.812500 -14127.216079  12426.999892     95.172771
         1184.906250 -14127.877012  12427.135798     95.500181
         1185.000000 -14128.561211  12427.252391     95.215965
         1185.125000 -14129.222144  12426.925708     95.353609
         1185.218750 -14129.883077  12426.599025     95.491253
         1185.312500 -14130.339209  12426.445458     95.206893
         1185.406250 -14131.228208  12426.157639     95.249799
         1185.500000 -14131.889141  12425.830956     95.387443
         1185.625000 -14132.801406  12426.217707     95.103372
         1185.718750 -14133.462339  12426.122319     95.335898
         1185.812500 -14134.146537  12426.007617     94.956800
         1185.906250 -14135.035536  12425.951092     95.094588
         1186.000000 -14135.719735  12425.836390     94.715490
         1186.125000 -14136.836800  12425.818730     94.758540
         1186.218750 -14137.497733  12425.723342     94.991066
         1186.312500 -14138.409998  12425.647503     94.517229
         1186.406250 -14139.527063  12425.629843     94.560279
         1186.500000 -14139.983196  12425.707571     94.370802
         1186.625000 -14140.872195  12425.651047     94.508590
         1186.718750 -14141.989260  12425.864682     94.646523
         1186.812500 -14142.673458  12425.981274     94.362307
         1186.906250 -14143.562458  12425.924750     94.500095
         1187.000000 -14144.679523  12426.138385     94.638028
         1187.125000 -14145.363721  12426.254977     94.353812
         1187.218750 -14146.252721  12426.198453     94.491601
         1187.312500 -14147.141720  12426.373223     94.724272
         1187.406250 -14148.053984  12426.528680     94.345317
         1187.500000 -14148.942983  12426.703450     94.577989
         1187.625000 -14149.831983  12426.646926     94.715777
         1187.718750 -14150.720982  12426.590402     94.853565
         1187.812500 -14151.405180  12426.938289     94.664232
         1187.906250 -14153.001643  12427.441632     94.095945
         1188.000000 -14154.118709  12427.423972     94.138995
         1188.125000 -14154.802907  12427.771859     93.949662
         1188.218750 -14155.235774  12427.637607     94.276928
         1188.312500 -14156.124773  12427.581083     94.414716
         1188.406250 -14156.557640  12427.446830     94.741981
         1188.500000 -14157.721236  12429.934784     94.605491
         1188.625000 -14158.382169  12430.070691     94.932901
         1188.718750 -14158.610236  12430.340849     94.933045
         1188.812500 -14159.043102  12430.437892     95.355193
         1188.906250 -14159.475969  12430.303639     95.682459
         1189.000000 -14159.704035  12430.342504     95.587720
         1189.125000 -14160.136902  12430.208251     95.914986
         1189.218750 -14160.364968  12430.247115     95.820247
         1189.312500 -14160.569769  12430.073999     96.242251
         1189.406250 -14161.002635  12429.939746     96.569517
         1189.500000 -14161.002635  12430.171041     96.664399
         1189.625000 -14161.207436  12429.997925     97.086404
         1189.718750 -14161.412236  12429.824808     97.508408
         1189.812500 -14161.617037  12429.882986     98.025294
         1189.906250 -14161.845103  12429.921851     97.930556
         1190.000000 -14162.049904  12429.748734     98.352560
         1190.125000 -14162.049904  12429.748734     98.352560
         1190.218750 -14162.254704  12429.575618     98.774564
         1190.312500 -14162.459505  12429.402501     99.196568
         1190.406250 -14162.436239  12429.653110     99.903076
         1190.500000 -14162.641040  12429.479993    100.325080
         1190.625000 -14162.641040  12429.711288    100.419963
         1190.718750 -14162.845840  12429.538172    100.841967
         1190.812500 -14163.050641  12429.365055    101.263971
         1190.906250 -14163.255441  12429.423234    101.780858
         1191.000000 -14163.255441  12429.191939    101.685975
         1191.125000 -14163.460242  12429.018822    102.107979
         1191.218750 -14163.665042  12429.077001    102.624866
         1191.312500 -14163.869843  12428.903884    103.046870
         1191.406250 -14163.641777  12428.865020    103.141609
         1191.500000 -14164.074643  12428.962062    103.563757
         1191.625000 -14164.051378  12428.750082    104.080500
         1191.718750 -14164.256178  12428.576965    104.502504
         1191.812500 -14164.460979  12428.635144    105.019391
         1191.906250 -14164.665779  12428.462027    105.441395
         1192.000000 -14164.665779  12428.462027    105.441395
         1192.125000 -14164.870580  12428.520205    105.958282
         1192.218750 -14165.075381  12428.347089    106.380286
         1192.312500 -14165.280181  12428.405267    106.897173
         1192.406250 -14165.484982  12428.463445    107.414059
         1192.500000 -14165.689782  12428.521624    107.930946
         1192.625000 -14165.894583  12428.348507    108.352950
         1192.718750 -14166.327449  12428.445549    108.775099
         1192.812500 -14166.327449  12428.445549    108.775099
         1192.906250 -14166.737051  12428.330611    109.713990
         1193.000000 -14166.737051  12428.561906    109.808872
         1193.125000 -14166.941851  12428.620084    110.325759
         1193.218750 -14166.872054  12427.752848    111.781104
         1193.312500 -14166.872054  12427.984142    111.875987
         1193.406250 -14167.281655  12427.637910    112.719995
         1193.500000 -14167.509721  12427.676774    112.625257
         1193.625000 -14167.691256  12427.522971    113.658886
         1193.718750 -14168.124123  12427.620014    114.081034
         1193.812500 -14168.352189  12427.890172    114.081179
         1193.906250 -14168.761790  12427.775234    115.020070
         1194.000000 -14169.241188  12428.527533    114.503615
         1194.125000 -14169.674055  12428.624575    114.925764
         1194.218750 -14169.878856  12428.682753    115.442651
         1194.312500 -14170.311722  12428.779795    115.864799
         1194.406250 -14169.809059  12428.278106    117.087761
         1194.500000 -14170.721323  12428.896152    116.898573
         1194.625000 -14170.241925  12430.225506    118.268972
         1194.718750 -14170.674792  12430.322549    118.691120
         1194.812500 -14171.107659  12430.188296    119.018386
         1194.906250 -14171.107659  12430.419591    119.113269
         1195.000000 -14171.312459  12430.477769    119.630155
         1195.125000 -14171.517260  12430.535948    120.147042
         1195.218750 -14171.493994  12430.555262    120.758668
         1195.312500 -14171.698795  12430.613440    121.275555
         1195.406250 -14171.903595  12430.671618    121.792441
         1195.500000 -14171.675529  12430.864049    121.982063
         1195.625000 -14171.880330  12430.922227    122.498950
         1195.718750 -14171.857064  12430.941541    123.110575
         1195.812500 -14172.061865  12431.231014    123.722345
         1195.906250 -14172.038599  12431.250328    124.333970
         1196.000000 -14172.015333  12431.269643    124.945596
         1196.125000 -14172.015333  12431.500937    125.040478
         1196.218750 -14171.992068  12431.520251    125.652104
         1196.312500 -14172.196868  12431.578430    126.168991
         1196.406250 -14172.173603  12431.597744    126.780616
         1196.500000 -14172.173603  12431.829039    126.875499
         1196.625000 -14172.378403  12431.887217    127.392386
         1196.718750 -14172.355138  12431.906531    128.004011
         1196.812500 -14172.559938  12431.964709    128.520898
         1196.906250 -14172.764739  12431.791593    128.942902
         1197.000000 -14172.969539  12431.849771    129.459789
         1197.125000 -14172.969539  12431.849771    129.459789
         1197.218750 -14173.174340  12431.907949    129.976676
         1197.312500 -14173.379140  12431.966127    130.493563
         1197.406250 -14173.583941  12432.024306    131.010450
         1197.500000 -14174.016808  12431.890053    131.337715
         1197.625000 -14174.016808  12432.121348    131.432598
         1197.718750 -14174.449674  12431.987096    131.759863
         1197.812500 -14174.426409  12431.775115    132.276606
         1197.906250 -14174.882541  12431.852843    132.087129
         1198.000000 -14175.087342  12431.911022    132.604016
         1198.125000 -14175.543474  12431.988750    132.414539
         1198.218750 -14175.999606  12432.297773    132.319944
         1198.312500 -14176.432473  12432.163520    132.647210
         1198.406250 -14176.432473  12432.163520    132.647210
         1198.500000 -14177.116672  12432.511407    132.457877
         1198.625000 -14177.572804  12432.820430    132.363283
         1198.718750 -14177.800870  12432.859294    132.268544
         1198.812500 -14178.028936  12433.129453    132.268688
         1198.906250 -14178.257003  12433.399612    132.268832
         1199.000000 -14178.713135  12433.708635    132.174238
         1199.125000 -14178.941201  12434.210089    132.269265
         1199.218750 -14179.169267  12434.480247    132.269409
         1199.312500 -14179.169267  12434.711542    132.364292
         1199.406250 -14179.397333  12434.981701    132.364436
         1199.500000 -14179.625400  12435.251860    132.364581
         1199.625000 -14179.648665  12435.926430    132.037604
         1199.718750 -14179.648665  12436.389019    132.227369
         1199.812500 -14179.876731  12436.659178    132.227513
         1199.906250 -14179.671931  12437.063589    131.900392
         1200.000000 -14179.671931  12437.526179    132.090158
         1200.125000 -14179.671931  12437.757474    132.185041
         1200.218750 -14179.671931  12437.988768    132.279923
         1200.312500 -14179.671931  12438.451358    132.469689
         1200.406250 -14179.443865  12438.643788    132.659310
         1200.500000 -14179.443865  12438.875083    132.754193
         1200.625000 -14179.215799  12439.067514    132.943815
         1200.718750 -14178.987732  12439.259944    133.133436
         1200.812500 -14178.782932  12439.895650    132.901198
         1200.906250 -14178.736401  12439.934279    134.124448
         1201.000000 -14178.554866  12440.319376    133.185702
         1201.125000 -14177.805460  12441.416489    129.852575
         1201.218750 -14177.372594  12441.782036    129.620192
         1201.312500 -14177.167793  12442.186447    129.293071
         1201.406250 -14176.734926  12442.551994    129.060688
         1201.500000 -14176.530126  12442.956405    128.733567
         1201.625000 -14176.097259  12443.321952    128.501184
         1201.718750 -14175.664392  12443.456205    128.173919
         1201.812500 -14175.459592  12443.860616    127.846798
         1201.906250 -14175.026725  12444.226163    127.614415
         1202.000000 -14174.798659  12444.418594    127.804036
         1202.125000 -14174.365792  12444.784141    127.571654
         1202.218750 -14173.932925  12445.149688    127.339271
         1202.312500 -14173.500059  12445.515235    127.106888
         1202.406250 -14172.499322  12446.361503    124.385243
         1202.500000 -14171.861654  12446.206283    123.446207
         1202.625000 -14171.405522  12446.359849    123.730567
         1202.718750 -14170.539789  12446.628354    123.076036
         1202.812500 -14169.902121  12446.935723    122.326767
         1202.906250 -14169.264454  12447.243092    121.577497
         1203.000000 -14169.697321  12447.340134    121.999646
         1203.125000 -14169.264454  12447.705681    121.767263
         1203.218750 -14168.603521  12447.801069    121.534736
         1203.312500 -14168.375455  12447.993500    121.724357
         1203.406250 -14167.714522  12448.320183    121.586713
         1203.500000 -14167.486456  12448.512614    121.776335
         1203.625000 -14166.825523  12449.070591    121.733573
         1203.718750 -14166.574191  12449.282336    122.534820
         1203.812500 -14166.346125  12449.474767    122.724442
         1203.906250 -14165.889993  12449.859628    123.103684
         1204.000000 -14165.433860  12450.244489    123.482927
         1204.125000 -14165.000993  12450.610036    123.250544
         1204.218750 -14164.568127  12451.206878    123.113045
         1204.312500 -14163.907194  12451.533561    122.975400
         1204.406250 -14163.679128  12451.957287    123.259905
         1204.500000 -14163.018195  12452.515264    123.217143
         1204.625000 -14162.585328  12452.880811    122.984761
         1204.718750 -14162.357262  12453.304537    123.269265
         1204.812500 -14161.696329  12453.862515    123.226504
         1204.906250 -14161.263462  12454.228062    122.994121
         1205.000000 -14160.830595  12454.824904    122.856621
         1205.125000 -14160.397729  12455.421745    122.719121
         1205.218750 -14159.964862  12455.787292    122.486738
         1205.312500 -14159.303929  12456.345270    122.443977
         1205.406250 -14158.871062  12456.942112    122.306477
         1205.500000 -14158.438196  12457.538954    122.168977
         1205.625000 -14158.005329  12457.904501    121.936595
         1205.718750 -14157.572462  12458.501343    121.799095
         1205.812500 -14157.139595  12459.098185    121.661595
         1205.906250 -14156.706729  12459.695027    121.524095
         1206.000000 -14156.273862  12460.291868    121.386595
         1206.125000 -14156.045796  12460.715594    121.671100
         1206.218750 -14155.612929  12461.312436    121.533600
         1206.312500 -14155.408128  12461.948142    121.301361
         1206.406250 -14154.975262  12462.544983    121.163861
         1206.500000 -14154.542395  12463.141825    121.026361
         1206.625000 -14154.314329  12463.796845    121.405748
         1206.718750 -14153.881462  12464.393687    121.268249
         1206.812500 -14153.448595  12464.759234    121.035866
         1206.906250 -14153.243795  12465.626235    120.898510
         1207.000000 -14152.582862  12466.184213    120.855749
         1207.125000 -14152.149995  12466.781055    120.718249
         1207.218750 -14151.512328  12467.551013    120.158745
         1207.312500 -14151.079461  12468.147855    120.021245
         1207.406250 -14150.418528  12468.705832    119.978484
         1207.500000 -14149.985662  12469.302674    119.840984
         1207.625000 -14149.552795  12469.899516    119.703484
         1207.718750 -14148.915128  12470.900769    119.238863
         1207.812500 -14148.482261  12471.497611    119.101363
         1207.906250 -14148.049394  12472.094453    118.963863
         1208.000000 -14147.821328  12472.518178    119.248368
         1208.125000 -14147.183661  12473.519431    118.783747
         1208.218750 -14146.522728  12474.077409    118.740985
         1208.312500 -14146.089861  12474.674251    118.603485
         1208.406250 -14145.656994  12475.271093    118.465986
         1208.500000 -14145.224128  12475.867934    118.328486
         1208.625000 -14144.791261  12476.696071    118.285869
         1208.718750 -14144.358394  12477.292913    118.148369
         1208.812500 -14144.130328  12477.716638    118.432873
         1208.906250 -14143.697461  12478.313480    118.295373
         1209.000000 -14142.878259  12478.312062    116.322708
         1209.125000 -14142.468658  12478.889590    115.573583
         1209.218750 -14142.059057  12479.235822    114.729575
         1209.312500 -14141.854256  12479.640234    114.402454
         1209.406250 -14141.193323  12480.198211    114.359692
         1209.500000 -14138.391322  12480.251663    111.594564
         1209.625000 -14142.468658  12481.202537    116.522411
         1209.718750 -14142.971322  12481.704226    115.299449
         1209.812500 -14142.971322  12481.935521    115.394332
         1209.906250 -14143.199388  12482.205680    115.394476
         1210.000000 -14144.293187  12482.669923    116.238917
         1210.125000 -14144.981976  12484.636163    110.787130
         1210.218750 -14146.303842  12484.907975    111.441950
         1210.312500 -14146.508643  12485.197448    112.053719
         1210.406250 -14147.169575  12485.333355    112.381129
         1210.500000 -14149.631772  12483.717836    111.708310
         1210.625000 -14150.148521  12482.351275    120.967926
         1210.718750 -14150.581388  12482.679612    121.484957
         1210.812500 -14148.552058  12483.466995    122.200393
         1210.906250 -14147.639793  12483.542833    122.674230
         1211.000000 -14147.411727  12483.966558    122.958734
         1211.125000 -14147.411727  12484.197853    123.053617
         1211.218750 -14147.616527  12484.256031    123.570504
         1211.312500 -14147.160395  12484.640892    123.949747
         1211.406250 -14147.137129  12484.660207    124.561372
         1211.500000 -14147.113864  12484.679521    125.172998
         1211.625000 -14147.113864  12484.679521    125.172998
         1211.718750 -14146.885798  12484.640657    125.267736
         1211.812500 -14146.680997  12484.813773    124.845732
         1211.906250 -14146.680997  12485.045068    124.940615
         1212.000000 -14147.751531  12485.759920    126.491564
         1212.125000 -14146.271396  12485.622596    124.191490
         1212.218750 -14147.774797  12486.203196    126.069704
         1212.312500 -14147.774797  12486.434490    126.164587
         1212.406250 -14146.522728  12485.873440    123.580008
         1212.500000 -14146.522728  12486.104735    123.674891
         1212.625000 -14143.790524  12484.943771    118.600473
         1212.718750 -14143.995324  12485.233244    119.212242
         1212.812500 -14143.995324  12485.233244    119.212242
         1212.906250 -14144.200125  12485.060127    119.634246
         1213.000000 -14143.995324  12485.001949    119.117360
         1213.125000 -14143.995324  12485.233244    119.212242
         1213.218750 -14144.200125  12485.291422    119.729129
         1213.312500 -14143.995324  12485.233244    119.212242
         1213.406250 -14144.656257  12484.906561    119.349886
         1213.500000 -14143.995324  12485.001949    119.117360
         1213.625000 -14143.995324  12485.001949    119.117360
         1213.718750 -14144.018590  12484.982635    118.505734
         1213.812500 -14144.679523  12484.655952    118.643378
         1213.906250 -14147.369786  12483.773181    118.160469
         1214.000000 -14147.574586  12483.831359    118.677356
         1214.125000 -14147.346520  12483.792495    118.772095
         1214.218750 -14147.118454  12483.753631    118.866833
         1214.312500 -14147.118454  12483.753631    118.866833
         1214.406250 -14147.118454  12483.753631    118.866833
         1214.500000 -14146.457521  12483.617725    118.539424
         1214.625000 -14146.890388  12483.946062    119.056455
         1214.718750 -14146.867122  12483.734081    119.573197
         1214.812500 -14147.095188  12484.004240    119.573342
         1214.906250 -14147.504789  12483.889302    120.512233
         1215.000000 -14146.639056  12483.695217    119.667936
         1215.125000 -14146.434255  12483.868333    119.245932
         1215.218750 -14146.662322  12483.675903    119.056311
         1215.312500 -14152.378061  12485.786087    128.403901
         1215.406250 -14152.149995  12485.978517    128.593522
         1215.500000 -14152.582862  12485.844265    128.920788
         1215.625000 -14152.582862  12486.075560    129.015670
         1215.718750 -14152.582862  12486.075560    129.015670
         1215.812500 -14152.354796  12485.805401    129.015526
         1215.906250 -14152.354796  12486.036695    129.110409
         1216.000000 -14152.354796  12485.805401    129.015526
         1216.125000 -14152.559596  12485.863579    129.532413
         1216.218750 -14152.126730  12485.997831    129.205148
         1216.312500 -14152.331530  12486.056010    129.722034
         1216.406250 -14152.331530  12486.056010    129.722034
         1216.500000 -14152.536331  12486.114188    130.238921
         1216.625000 -14152.308264  12486.075324    130.333660
         1216.718750 -14152.308264  12486.306619    130.428543
         1216.812500 -14152.284999  12486.325933    131.040168
         1216.906250 -14152.284999  12486.325933    131.040168
         1217.000000 -14152.284999  12486.325933    131.040168
         1217.125000 -14152.284999  12486.325933    131.040168
         1217.218750 -14152.056933  12486.287069    131.134907
         1217.312500 -14152.056933  12486.287069    131.134907
         1217.406250 -14152.056933  12486.287069    131.134907
         1217.500000 -14151.828866  12486.248204    131.229645
         1217.625000 -14151.828866  12486.248204    131.229645
         1217.718750 -14151.828866  12486.248204    131.229645
         1217.812500 -14151.828866  12486.248204    131.229645
         1217.906250 -14151.828866  12486.248204    131.229645
         1218.000000 -14151.600800  12486.209340    131.324384
         1218.125000 -14151.600800  12486.209340    131.324384
         1218.218750 -14151.600800  12486.209340    131.324384
         1218.312500 -14151.167934  12486.112298    130.902236
         1218.406250 -14151.167934  12486.112298    130.902236
         1218.500000 -14150.939867  12486.073434    130.996974
         1218.625000 -14150.939867  12486.073434    130.996974
         1218.718750 -14150.939867  12486.073434    130.996974
         1218.812500 -14150.939867  12486.073434    130.996974
         1218.906250 -14150.939867  12486.073434    130.996974
         1219.000000 -14150.711801  12486.034570    131.091713
         1219.125000 -14150.711801  12486.265865    131.186595
         1219.218750 -14150.278934  12486.400117    130.859330
         1219.312500 -14150.050868  12486.592548    131.048951
         1219.406250 -14150.050868  12486.592548    131.048951
         1219.500000 -14150.050868  12486.823842    131.143834
         1219.625000 -14149.822802  12487.016273    131.333456
         1219.718750 -14149.389935  12487.150525    131.006190
         1219.812500 -14149.161869  12487.574251    131.290694
         1219.906250 -14149.161869  12487.805545    131.385577
         1220.000000 -14148.729002  12487.939798    131.058312
         1220.125000 -14148.500936  12488.363523    131.342816
         1220.218750 -14148.272870  12488.555954    131.532437
         1220.312500 -14147.840003  12488.921501    131.300055
         1220.406250 -14147.611937  12489.113931    131.489676
         1220.500000 -14147.383871  12489.537657    131.774180
         1220.625000 -14147.383871  12489.768952    131.869063
         1220.718750 -14146.951004  12490.365793    131.731563
         1220.812500 -14146.722938  12490.558224    131.921184
         1220.906250 -14146.290071  12490.923771    131.688802
         1221.000000 -14146.062005  12491.347497    131.973306
         1221.125000 -14145.833939  12491.771222    132.257810
         1221.218750 -14145.629138  12492.175633    131.930689
         1221.312500 -14145.401072  12492.599358    132.215193
         1221.406250 -14144.968206  12493.196200    132.077693
         1221.500000 -14144.512073  12493.349767    132.362053
         1221.625000 -14144.512073  12493.812356    132.551819
         1221.718750 -14144.079206  12494.409198    132.414319
         1221.812500 -14143.851140  12494.601629    132.603940
         1221.906250 -14143.418274  12495.198471    132.466440
         1222.000000 -14143.190207  12495.622196    132.750945
         1222.125000 -14142.757341  12496.219038    132.613445
         1222.218750 -14142.529274  12496.411468    132.803066
         1222.312500 -14142.096408  12497.008310    132.665566
         1222.406250 -14141.663541  12497.373857    132.433184
         1222.500000 -14141.435475  12497.797583    132.717688
         1222.625000 -14141.002608  12498.394425    132.580188
         1222.718750 -14140.774542  12498.818150    132.864692
         1222.812500 -14140.341675  12499.183697    132.632309
         1222.906250 -14139.908808  12499.780539    132.494810
         1223.000000 -14139.680742  12500.204264    132.779314
         1223.125000 -14139.247876  12500.569811    132.546931
         1223.218750 -14138.791743  12500.954673    132.926174
         1223.312500 -14138.154076  12501.262041    132.176904
         1223.406250 -14137.493143  12501.588725    132.039260
         1223.500000 -14137.060276  12501.954272    131.806877
         1223.625000 -14136.399343  12502.512249    131.764116
         1223.718750 -14135.966477  12502.877796    131.531734
         1223.812500 -14135.305544  12503.204479    131.394089
         1223.906250 -14134.872677  12503.570027    131.161707
         1224.000000 -14134.439810  12503.935574    130.929324
         1224.125000 -14133.778877  12504.493551    130.886563
         1224.218750 -14133.346011  12504.859099    130.654180
         1224.312500 -14132.685078  12505.185782    130.516536
         1224.406250 -14132.252211  12505.551329    130.284153
         1224.500000 -14131.591278  12505.878012    130.146509
         1224.625000 -14131.158411  12506.474854    130.009009
         1224.718750 -14130.497478  12506.801537    129.871365
         1224.812500 -14130.064612  12507.167084    129.638983
         1224.906250 -14129.403679  12507.493767    129.501338
         1225.000000 -14128.970812  12507.859314    129.268956
         1225.125000 -14128.514680  12508.012880    129.553316
         1225.218750 -14127.853747  12508.339563    129.415672
         1225.312500 -14127.420880  12508.705110    129.183289
         1225.406250 -14126.759947  12509.031793    129.045645
         1225.500000 -14126.099014  12509.358476    128.908001
         1225.625000 -14125.438081  12509.685159    128.770357
         1225.718750 -14125.005215  12510.050707    128.537974
         1225.812500 -14124.549082  12510.435568    128.917217
         1225.906250 -14123.888149  12510.762251    128.779573
         1226.000000 -14123.455283  12511.127798    128.547190
         1226.125000 -14122.794350  12511.454481    128.409546
         1226.218750 -14122.133417  12511.781164    128.271902
         1226.312500 -14121.677284  12511.934730    128.556262
         1226.406250 -14121.016351  12512.261413    128.418618
         1226.500000 -14120.583485  12512.626961    128.186235
         1226.625000 -14119.922552  12512.953644    128.048591
         1226.718750 -14119.261619  12513.280327    127.910947
         1226.812500 -14118.600686  12513.375715    127.678420
         1226.906250 -14117.939753  12513.702398    127.540776
         1227.000000 -14117.506886  12514.067945    127.308393
         1227.125000 -14116.845953  12514.163333    127.075866
         1227.218750 -14116.185021  12514.490016    126.938222
         1227.312500 -14115.752154  12514.855563    126.705839
         1227.406250 -14115.091221  12514.950952    126.473312
         1227.500000 -14114.430288  12515.277635    126.335668
         1227.625000 -14113.792621  12515.585003    125.586399
         1227.718750 -14113.131688  12515.680392    125.353872
         1227.812500 -14112.494021  12515.987761    124.604602
         1227.906250 -14111.833088  12516.314444    124.466958
         1228.000000 -14111.400221  12516.448696    124.139693
         1228.125000 -14110.762554  12516.756065    123.390423
         1228.218750 -14110.101621  12516.851453    123.157896
         1228.312500 -14109.463953  12517.390117    122.503510
         1228.406250 -14108.803021  12517.485505    122.270983
         1228.500000 -14108.165353  12517.792874    121.521713
         1228.625000 -14107.504420  12517.888262    121.289186
         1228.718750 -14106.866753  12518.195631    120.539917
         1228.812500 -14106.205820  12518.291019    120.307390
         1228.906250 -14105.340087  12518.559524    119.652859
         1229.000000 -14104.907220  12518.693776    119.325593
         1229.125000 -14104.246287  12519.020459    119.187949
         1229.218750 -14103.608620  12519.327828    118.438680
         1229.312500 -14102.947687  12519.423217    118.206153
         1229.406250 -14102.310020  12519.730585    117.456883
         1229.500000 -14101.649087  12519.825974    117.224356
         1229.625000 -14100.783353  12520.094478    116.569825
         1229.718750 -14100.350486  12520.460026    116.337443
         1229.812500 -14099.484753  12520.728530    115.682912
         1229.906250 -14099.051886  12520.862783    115.355646
         1230.000000 -14098.186153  12521.131287    114.701115
         1230.125000 -14097.525220  12521.226676    114.468588
         1230.218750 -14097.092353  12521.592223    114.236206
         1230.312500 -14096.226620  12521.860728    113.581675
         1230.406250 -14095.565687  12521.956116    113.349148
         1230.500000 -14095.132820  12522.321663    113.116765
         1230.625000 -14094.267087  12522.590168    112.462234
         1230.718750 -14093.606154  12522.916851    112.324590
         1230.812500 -14092.945221  12523.012239    112.092063
         1230.906250 -14092.284288  12523.338922    111.954419
         1231.000000 -14091.646621  12523.646291    111.205150
         1231.125000 -14090.985688  12523.741679    110.972623
         1231.218750 -14090.324755  12524.068362    110.834979
         1231.312500 -14089.663822  12524.395045    110.697335
         1231.406250 -14089.230955  12524.529298    110.370069
         1231.500000 -14088.365222  12524.797802    109.715538
         1231.625000 -14087.704289  12525.124485    109.577894
         1231.718750 -14087.043356  12525.219874    109.345367
         1231.812500 -14086.610489  12525.585421    109.112984
         1231.906250 -14085.744756  12525.853925    108.458453
         1232.000000 -14085.083823  12526.180608    108.320809
         1232.125000 -14084.422890  12526.275997    108.088282
         1232.218750 -14083.785223  12526.814660    107.433896
         1232.312500 -14083.124290  12526.910049    107.201369
         1232.406250 -14082.463357  12527.236732    107.063725
         1232.500000 -14081.802424  12527.332120    106.831198
         1232.625000 -14081.141491  12527.658803    106.693554
         1232.718750 -14080.275758  12527.927308    106.039023
         1232.812500 -14079.819625  12528.080874    106.323383
         1232.906250 -14078.930626  12528.137398    106.185594
         1233.000000 -14078.269693  12528.464081    106.047950
         1233.125000 -14077.608760  12528.790764    105.910306
         1233.218750 -14076.719761  12528.847289    105.772518
         1233.312500 -14075.830762  12529.135107    105.729612
         1233.406250 -14075.374630  12529.288674    106.013972
         1233.500000 -14074.485631  12529.345198    105.876184
         1233.625000 -14073.824698  12529.671881    105.738540
         1233.718750 -14072.935699  12529.728405    105.600751
         1233.812500 -14072.251500  12529.843108    105.979850
         1233.906250 -14071.590567  12530.169791    105.842206
         1234.000000 -14070.906369  12530.053198    106.126422
         1234.125000 -14070.017369  12530.109723    105.988633
         1234.218750 -14069.356437  12530.436406    105.850989
         1234.312500 -14068.672238  12530.319813    106.135205
         1234.406250 -14067.783239  12530.376337    105.997417
         1234.500000 -14067.327107  12530.529904    106.281777
         1234.625000 -14066.438107  12530.355133    106.049105
         1234.718750 -14065.549108  12530.642952    106.006200
         1234.812500 -14064.660109  12530.699477    105.868412
         1234.906250 -14063.975911  12530.582884    106.152627
         1235.000000 -14063.314978  12530.446978    105.825218
         1235.125000 -14062.425979  12530.503502    105.687429
         1235.218750 -14061.741780  12530.386910    105.971645
         1235.312500 -14060.852781  12530.443434    105.833857
         1235.406250 -14059.963782  12530.499958    105.696068
         1235.500000 -14059.279583  12530.383366    105.980284
         1235.625000 -14058.618650  12530.247459    105.652874
         1235.718750 -14057.729651  12530.303983    105.515086
         1235.812500 -14057.045453  12530.187391    105.799302
         1235.906250 -14056.156454  12530.012621    105.566631
         1236.000000 -14055.267455  12530.069145    105.428842
         1236.125000 -14054.583256  12529.721258    105.618175
         1236.218750 -14053.694257  12529.777782    105.480387
         1236.312500 -14052.805258  12529.834306    105.342598
         1236.406250 -14052.121059  12529.486419    105.531931
         1236.500000 -14051.436861  12529.369827    105.816147
         1236.625000 -14050.547862  12529.195056    105.583476
         1236.718750 -14049.658863  12529.020286    105.350805
         1236.812500 -14048.974664  12528.903693    105.635021
         1236.906250 -14048.085665  12528.728923    105.402349
         1237.000000 -14047.196666  12528.554152    105.169678
         1237.125000 -14046.512467  12528.206265    105.359011
         1237.218750 -14045.623468  12528.262789    105.221223
         1237.312500 -14044.939270  12527.914902    105.410556
         1237.406250 -14044.050271  12527.740132    105.177885
         1237.500000 -14043.138006  12527.353381    105.461956
         1237.625000 -14042.477073  12527.217474    105.134546
         1237.718750 -14041.564808  12526.830723    105.418618
         1237.812500 -14040.675809  12526.655952    105.185947
         1237.906250 -14039.991611  12526.308065    105.375280
         1238.000000 -14039.102611  12526.133295    105.142608
         1238.125000 -14038.418413  12525.785408    105.331941
         1238.218750 -14037.529414  12525.610637    105.099270
         1238.312500 -14036.845215  12525.262750    105.288603
         1238.406250 -14035.956216  12525.087980    105.055932
         1238.500000 -14035.272018  12524.740093    105.245265
         1238.625000 -14034.383018  12524.565322    105.012594
         1238.718750 -14033.470754  12524.178571    105.296665
         1238.812500 -14032.581755  12523.772506    104.969111
         1238.906250 -14031.897556  12523.424619    105.158444
         1239.000000 -14031.008557  12523.249848    104.925773
         1239.125000 -14030.324358  12522.901961    105.115106
         1239.218750 -14029.435359  12522.727190    104.882435
         1239.312500 -14028.751161  12522.148009    104.976885
         1239.406250 -14027.862162  12521.973238    104.744214
         1239.500000 -14027.177963  12521.394056    104.838664
         1239.625000 -14026.288964  12521.219286    104.605993
         1239.718750 -14025.604766  12520.871399    104.795326
         1239.812500 -14024.920567  12520.292217    104.889776
         1239.906250 -14024.031568  12520.117446    104.657105
         1240.000000 -14023.347369  12519.538265    104.751555
         1240.125000 -14022.458370  12519.363494    104.518884
         1240.218750 -14021.774172  12519.015607    104.708217
         1240.312500 -14021.089973  12518.436425    104.802667
         1240.406250 -14020.200974  12518.261655    104.569996
         1240.500000 -14019.516775  12517.913768    104.759328
         1240.625000 -14018.627776  12517.507702    104.431774
         1240.718750 -14017.943578  12517.159815    104.621107
         1240.812500 -14017.054579  12516.753750    104.293553
         1240.906250 -14016.370380  12516.405863    104.482886
         1241.000000 -14015.686182  12515.826681    104.577336
         1241.125000 -14014.797183  12515.651911    104.344665
         1241.218750 -14013.884918  12515.033865    104.533854
         1241.312500 -14013.633586  12514.783020    105.145335
         1241.406250 -14013.177454  12514.242703    105.145047
         1241.500000 -14012.265189  12513.855951    105.429118
         1241.625000 -14011.809056  12513.546929    105.523713
         1241.718750 -14010.896792  12512.928883    105.712901
         1241.812500 -14010.212593  12512.580996    105.902234
         1241.906250 -14009.323594  12512.174930    105.574680
         1242.000000 -14008.639396  12511.595749    105.669130
         1242.125000 -14007.727131  12511.208997    105.953202
         1242.218750 -14007.042932  12510.629816    106.047652
         1242.312500 -14006.153933  12510.223750    105.720098
         1242.406250 -14005.241668  12509.605704    105.909287
         1242.500000 -14004.329404  12509.218953    106.193358
         1242.625000 -14003.440405  12508.812888    105.865804
         1242.718750 -14002.756206  12508.233706    105.960254
         1242.812500 -14001.843941  12507.615660    106.149443
         1242.906250 -14000.726876  12507.170731    105.916628
         1243.000000 -13999.609811  12506.725802    105.683812
         1243.125000 -13998.697546  12506.107756    105.873001
         1243.218750 -13997.785281  12505.489710    106.062190
         1243.312500 -13996.668216  12504.813486    105.734491
         1243.406250 -13996.188818  12504.292482    106.345828
         1243.500000 -13995.071753  12503.847553    106.113013
         1243.625000 -13994.159488  12503.229507    106.302202
         1243.718750 -13993.042423  12502.553283    105.974503
         1243.812500 -13991.925357  12502.108354    105.741688
         1243.906250 -13991.013093  12501.259013    105.835994
         1244.000000 -13990.100828  12500.640967    106.025183
         1244.125000 -13988.755696  12500.157174    105.887106
         1244.218750 -13987.843432  12499.539128    106.076295
         1244.312500 -13986.726366  12498.862904    105.748596
         1244.406250 -13985.814102  12498.244858    105.937785
         1244.500000 -13984.901837  12497.626812    106.126974
         1244.625000 -13983.989572  12497.008766    106.316162
         1244.718750 -13982.644441  12496.293678    106.083203
         1244.812500 -13981.732176  12495.675632    106.272391
         1244.906250 -13980.387045  12494.960544    106.039432
         1245.000000 -13979.041913  12494.245455    105.806472
         1245.125000 -13978.129648  12493.627410    105.995661
         1245.218750 -13977.217384  12492.778069    106.089967
         1245.312500 -13976.100318  12492.333140    105.857151
         1245.406250 -13975.392854  12491.541977    106.468344
         1245.500000 -13973.591590  12490.286571    106.235096
         1245.625000 -13972.474525  12489.610347    105.907398
         1245.718750 -13971.767061  12488.587890    106.423708
         1245.812500 -13976.477788  12480.427146    143.443450
         1245.906250 -13975.044184  12480.482488    140.015008
         1246.000000 -13974.746321  12479.576387    141.565091
         1246.125000 -13974.150595  12477.995481    144.760141
         1246.218750 -13973.466396  12477.416299    144.854591
         1246.312500 -13967.824729  12485.902779    103.088562
         1246.406250 -13966.754195  12485.419222    101.632495
         1246.500000 -13965.888462  12484.762548    100.598433
         1246.625000 -13965.204263  12484.183366    100.692883
         1246.718750 -13964.748131  12483.643048    100.692595
         1246.812500 -13964.291998  12483.102730    100.692306
         1246.906250 -13963.835866  12482.562413    100.692018
         1247.000000 -13963.379734  12482.022095    100.691729
         1247.125000 -13963.128402  12481.539956    101.208328
         1247.218750 -13962.672269  12481.230933    101.302922
         1247.312500 -13962.649004  12480.787657    101.724782
         1247.406250 -13962.420938  12480.286204    101.629755
         1247.500000 -13961.988071  12480.189162    101.207607
         1247.625000 -13961.760005  12479.687708    101.112580
         1247.718750 -13961.508673  12479.205569    101.629178
         1247.812500 -13961.280607  12478.935410    101.629034
         1247.906250 -13961.052540  12478.665251    101.628890
         1248.000000 -13960.824474  12478.163797    101.533863
         1248.125000 -13960.596408  12477.893639    101.533718
         1248.218750 -13960.573142  12477.450363    101.955578
         1248.312500 -13960.345076  12477.180204    101.955434
         1248.406250 -13960.321811  12476.736929    102.377294
         1248.500000 -13960.298545  12476.062359    102.704271
         1248.625000 -13959.842413  12475.753336    102.798865
         1248.718750 -13959.819147  12475.078766    103.125842
         1248.812500 -13959.567815  12474.596627    103.642440
         1248.906250 -13959.316483  12474.114487    104.159039
         1249.000000 -13959.293218  12473.439917    104.486016
         1249.125000 -13959.041886  12472.726483    104.907731
         1249.218750 -13958.813820  12472.456324    104.907587
         1249.312500 -13958.562488  12471.742890    105.329303
         1249.406250 -13958.539222  12471.068320    105.656280
         1249.500000 -13958.083090  12470.759297    105.750874
         1249.625000 -13958.059824  12470.084727    106.077851
         1249.718750 -13957.808492  12469.371293    106.499567
         1249.812500 -13957.352360  12468.830975    106.499278
         1249.906250 -13957.329094  12468.156405    106.826255
         1250.000000 -13956.872962  12467.616088    106.825967
         1250.125000 -13956.621630  12466.902653    107.247682
         1250.218750 -13956.393564  12466.401200    107.152655
         1250.312500 -13956.142232  12465.687766    107.574371
         1250.406250 -13956.118966  12465.013196    107.901348
         1250.500000 -13955.890900  12464.511742    107.806321
         1250.625000 -13955.662834  12464.010288    107.711294
         1250.718750 -13955.411502  12463.296854    108.133010
         1250.812500 -13955.183436  12462.795401    108.037982
         1250.906250 -13955.160170  12462.120831    108.364960
         1251.000000 -13954.932104  12461.619377    108.269932
         1251.125000 -13954.475972  12461.079060    108.269644
         1251.218750 -13954.452706  12460.404489    108.596621
         1251.312500 -13954.452706  12459.941900    108.406855
         1251.406250 -13954.224640  12459.440446    108.311828
         1251.500000 -13953.973308  12458.727012    108.733544
         1251.625000 -13953.745242  12458.225559    108.638517
         1251.718750 -13953.721976  12457.550989    108.965494
         1251.812500 -13953.721976  12457.088399    108.775728
         1251.906250 -13953.014512  12456.991121    109.671569
         1252.000000 -13952.763180  12456.740276    110.283051
         1252.125000 -13951.967244  12455.100481    107.034581
         1252.218750 -13952.511849  12456.026842    110.704766
         1252.312500 -13952.967981  12455.410686    110.230641
         1252.406250 -13952.739915  12455.140527    110.230496
         1252.500000 -13952.102248  12454.291423    109.006813
         1252.625000 -13952.102248  12454.060128    108.911930
         1252.718750 -13951.669381  12453.731791    108.394899
         1252.812500 -13952.716649  12453.772073    110.272825
         1252.906250 -13952.921450  12453.830251    110.789712
         1253.000000 -13953.126250  12453.657135    111.211716
         1253.125000 -13953.307785  12453.503333    112.245345
         1253.218750 -13953.512586  12453.561511    112.762232
         1253.312500 -13953.717386  12453.388394    113.184236
         1253.406250 -13953.694121  12453.176414    113.700979
         1253.500000 -13953.898921  12453.003297    114.122983
         1253.625000 -13953.898921  12453.003297    114.122983
         1253.718750 -13954.103722  12452.830181    114.544987
         1253.812500 -13954.308522  12452.657064    114.966991
         1253.906250 -13954.513323  12452.483948    115.388995
         1254.000000 -13954.513323  12452.483948    115.388995
         1254.125000 -13954.718123  12452.310831    115.810999
         1254.218750 -13955.150990  12452.176579    116.138265
         1254.312500 -13955.355791  12452.003463    116.560269
         1254.406250 -13955.560591  12451.599051    116.887390
         1254.500000 -13955.993458  12451.464799    117.214656
         1254.625000 -13955.993458  12451.464799    117.214656
         1254.718750 -13956.426325  12451.330547    117.541921
         1254.812500 -13956.859191  12450.965000    117.774304
         1254.906250 -13956.835926  12450.984314    118.385929
         1255.000000 -13957.268792  12450.618767    118.618312
         1255.125000 -13957.701659  12450.484514    118.945577
         1255.218750 -13957.929725  12450.523378    118.850839
         1255.312500 -13958.134526  12450.118967    119.177960
         1255.406250 -13958.567393  12449.984715    119.505225
         1255.500000 -13959.000259  12449.850462    119.832491
         1255.625000 -13959.433126  12449.484915    120.064874
         1255.718750 -13959.865993  12449.350663    120.392139
         1255.812500 -13960.298859  12449.216410    120.719405
         1255.906250 -13960.731726  12448.850863    120.951787
         1256.000000 -13961.164593  12448.716611    121.279053
         1256.125000 -13961.597460  12448.351064    121.511435
         1256.218750 -13962.030326  12448.216811    121.838701
         1256.312500 -13962.463193  12447.851264    122.071084
         1256.406250 -13963.124126  12447.524581    122.208728
         1256.500000 -13963.556993  12447.390329    122.535993
         1256.625000 -13963.785059  12447.197898    122.346372
         1256.718750 -13964.217926  12447.063646    122.673637
         1256.812500 -13964.650792  12446.698099    122.906020
         1256.906250 -13965.311725  12446.371416    123.043664
         1257.000000 -13965.744592  12446.005869    123.276047
         1257.125000 -13965.972658  12445.813438    123.086425
         1257.218750 -13966.633591  12445.718050    123.318952
         1257.312500 -13967.066458  12445.352503    123.551335
         1257.406250 -13967.294524  12445.160072    123.361713
         1257.500000 -13967.955457  12444.833389    123.499358
         1257.625000 -13968.388324  12444.467842    123.731740
         1257.718750 -13969.049257  12444.141159    123.869384
         1257.812500 -13969.277323  12443.948728    123.679763
         1257.906250 -13969.710190  12443.583181    123.912146
         1258.000000 -13970.166322  12443.660909    123.722669
         1258.125000 -13970.599189  12443.064068    123.860168
         1258.218750 -13971.260122  12442.737385    123.997812
         1258.312500 -13971.488188  12442.776249    123.903074
         1258.406250 -13972.149121  12442.449566    124.040718
         1258.500000 -13972.581987  12442.084019    124.273101
         1258.625000 -13973.038120  12441.930452    123.988741
         1258.718750 -13973.470986  12441.564905    124.221123
         1258.812500 -13974.131919  12441.238222    124.358767
         1258.906250 -13974.359986  12441.045791    124.169146
         1259.000000 -13974.792852  12440.680244    124.401529
         1259.125000 -13975.453785  12440.353561    124.539173
         1259.218750 -13975.909918  12440.199995    124.254813
         1259.312500 -13976.342784  12439.834448    124.487196
         1259.406250 -13977.003717  12439.507765    124.624840
         1259.500000 -13977.231783  12439.315334    124.435218
         1259.625000 -13977.892716  12438.988651    124.572862
         1259.718750 -13978.325583  12438.391809    124.710362
         1259.812500 -13978.781715  12438.238243    124.426002
         1259.906250 -13979.442648  12437.911560    124.563646
         1260.000000 -13979.670714  12437.719129    124.374025
         1260.125000 -13980.331647  12437.392446    124.511669
         1260.218750 -13980.764514  12437.026899    124.744052
         1260.312500 -13981.220646  12436.642038    124.364809
         1260.406250 -13981.881579  12436.315355    124.502453
         1260.500000 -13982.109646  12436.122924    124.312832
         1260.625000 -13982.770578  12435.796241    124.450476
         1260.718750 -13983.203445  12435.430694    124.682859
         1260.812500 -13983.659578  12435.277127    124.398499
         1260.906250 -13984.320511  12434.950444    124.536143
         1261.000000 -13984.548577  12434.526719    124.251639
         1261.125000 -13985.209510  12434.200036    124.389283
         1261.218750 -13985.642376  12433.834489    124.621665
         1261.312500 -13986.098509  12433.680922    124.337305
         1261.406250 -13986.759442  12433.354239    124.474949
         1261.500000 -13986.987508  12433.161809    124.285328
         1261.625000 -13987.648441  12432.835126    124.422972
         1261.718750 -13988.309374  12432.508443    124.560616
         1261.812500 -13988.537440  12432.084717    124.276112
         1261.906250 -13989.198373  12431.758034    124.413756
         1262.000000 -13989.859306  12431.431351    124.551400
         1262.125000 -13990.315438  12431.277785    124.267040
         1262.218750 -13990.748305  12430.912238    124.499423
         1262.312500 -13991.409238  12430.585555    124.637067
         1262.406250 -13992.070171  12430.258872    124.774711
         1262.500000 -13992.526303  12429.874010    124.395468
         1262.625000 -13993.187236  12429.547327    124.533113
         1262.718750 -13993.620103  12429.181780    124.765495
         1262.812500 -13994.076235  12429.028214    124.481135
         1262.906250 -13994.737168  12428.701531    124.618779
         1263.000000 -13995.398101  12428.374848    124.756423
         1263.125000 -13995.626167  12427.951122    124.471919
         1263.218750 -13996.287100  12427.624439    124.609563
         1263.312500 -13996.948033  12427.297756    124.747207
         1263.406250 -13997.608966  12426.971073    124.884852
         1263.500000 -13998.065098  12426.817507    124.600492
         1263.625000 -13998.726031  12426.259529    124.643253
         1263.718750 -13999.386964  12425.932846    124.780897
         1263.812500 -13999.615030  12425.740415    124.591276
         1263.906250 -14000.275963  12425.413732    124.728920
         1264.000000 -14000.936896  12425.087049    124.866564
         1264.125000 -14001.597829  12424.760366    125.004208
         1264.218750 -14002.053961  12424.606800    124.719848
         1264.312500 -14002.714894  12424.048822    124.762609
         1264.406250 -14003.147761  12423.683275    124.994992
         1264.500000 -14003.603893  12423.529708    124.710632
         1264.625000 -14004.264826  12423.203025    124.848276
         1264.718750 -14004.925759  12422.876342    124.985920
         1264.812500 -14005.358626  12422.510795    125.218303
         1264.906250 -14005.814758  12422.125934    124.839060
         1265.000000 -14006.475691  12421.799251    124.976704
         1265.125000 -14007.136624  12421.472568    125.114348
         1265.218750 -14007.364690  12421.280137    124.924727
         1265.312500 -14008.025623  12420.953454    125.062371
         1265.406250 -14008.686556  12420.626771    125.200015
         1265.500000 -14009.142688  12420.473205    124.915655
         1265.625000 -14009.575555  12419.876363    125.053155
         1265.718750 -14010.236488  12419.549680    125.190799
         1265.812500 -14010.692620  12419.396113    124.906439
         1265.906250 -14011.353553  12419.069430    125.044083
         1266.000000 -14011.581619  12418.877000    124.854462
         1266.125000 -14012.242552  12418.319022    124.897223
         1266.218750 -14012.903485  12417.992339    125.034867
         1266.312500 -14013.359618  12417.838773    124.750507
         1266.406250 -14013.792484  12417.473225    124.982890
         1266.500000 -14014.248617  12417.088364    124.603647
         1266.625000 -14014.909550  12416.761681    124.741291
         1266.718750 -14015.365682  12416.608115    124.456931
         1266.812500 -14016.026615  12416.281432    124.594576
         1266.906250 -14016.459482  12415.684590    124.732075
         1267.000000 -14016.915614  12415.531023    124.447715
         1267.125000 -14017.576547  12415.204340    124.585360
         1267.218750 -14018.237480  12414.877657    124.723004
         1267.312500 -14018.465546  12414.685227    124.533382
         1267.406250 -14019.126479  12414.358544    124.671026
         1267.500000 -14019.787412  12413.800566    124.713788
         1267.625000 -14020.243544  12413.646999    124.429428
         1267.718750 -14020.904477  12413.320316    124.567072
         1267.812500 -14021.565410  12412.993633    124.704716
         1267.906250 -14021.793476  12412.801203    124.515095
         1268.000000 -14022.454409  12412.243225    124.557856
         1268.125000 -14023.115342  12411.916542    124.695500
         1268.218750 -14023.776275  12411.589859    124.833144
         1268.312500 -14024.232407  12411.436292    124.548784
         1268.406250 -14024.893340  12411.109609    124.686428
         1268.500000 -14025.326207  12410.744062    124.918811
         1268.625000 -14025.782339  12410.359201    124.539568
         1268.718750 -14026.443272  12410.032518    124.677212
         1268.812500 -14027.104205  12409.705835    124.814856
         1268.906250 -14027.560337  12409.552268    124.530496
         1269.000000 -14028.221270  12409.225585    124.668140
         1269.125000 -14028.654137  12408.860038    124.900523
         1269.218750 -14029.110269  12408.475177    124.521280
         1269.312500 -14029.771202  12408.148494    124.658924
         1269.406250 -14030.227335  12407.994928    124.374564
         1269.500000 -14030.888268  12407.668245    124.512209
         1269.625000 -14031.321134  12407.071403    124.649708
         1269.718750 -14031.777267  12406.917836    124.365348
         1269.812500 -14032.438200  12406.591153    124.502993
         1269.906250 -14032.894332  12406.437587    124.218633
         1270.000000 -14033.555265  12406.110904    124.356277
         1270.125000 -14033.988132  12405.745357    124.588659
         1270.218750 -14034.444264  12405.360495    124.209417
         1270.312500 -14035.105197  12405.033812    124.347061
         1270.406250 -14035.561329  12404.880246    124.062701
         1270.500000 -14035.994196  12404.283404    124.200201
         1270.625000 -14036.450328  12404.129837    123.915841
         1270.718750 -14037.111261  12403.803154    124.053485
         1270.812500 -14037.772194  12403.476471    124.191129
         1270.906250 -14038.228327  12403.322905    123.906769
         1271.000000 -14038.661193  12402.957358    124.139152
         1271.125000 -14039.117326  12402.803791    123.854792
         1271.218750 -14039.778259  12402.477108    123.992436
         1271.312500 -14040.211125  12402.111561    124.224818
         1271.406250 -14040.667258  12401.957995    123.940458
         1271.500000 -14041.328191  12401.400017    123.983220
         1271.625000 -14041.556257  12401.207586    123.793598
         1271.718750 -14042.217190  12400.880903    123.931242
         1271.812500 -14042.673322  12400.727337    123.646883
         1271.906250 -14043.106189  12400.361789    123.879265
         1272.000000 -14043.767122  12400.035106    124.016909
         1272.125000 -14044.223254  12399.881540    123.732549
         1272.218750 -14044.656121  12399.515993    123.964932
         1272.312500 -14045.112253  12399.362426    123.680572
         1272.406250 -14045.773186  12399.035743    123.818216
         1272.500000 -14046.206053  12398.670196    124.050599
         1272.625000 -14046.662185  12398.516630    123.766239
         1272.718750 -14047.095052  12398.151083    123.998622
         1272.812500 -14047.551184  12397.997516    123.714262
         1272.906250 -14047.984051  12397.631969    123.946644
         1273.000000 -14048.440183  12397.478402    123.662284
         1273.125000 -14049.101116  12397.151719    123.799928
         1273.218750 -14049.329182  12396.959289    123.610307
         1273.312500 -14049.990115  12396.632606    123.747951
         1273.406250 -14050.218182  12396.440175    123.558330
         1273.500000 -14050.879115  12396.113492    123.695974
         1273.625000 -14051.107181  12395.921061    123.506353
         1273.718750 -14051.768114  12395.594378    123.643997
         1273.812500 -14051.996180  12395.401948    123.454375
         1273.906250 -14052.657113  12395.075265    123.592019
         1274.000000 -14052.885179  12394.882834    123.402398
         1274.125000 -14053.546112  12394.556151    123.540042
         1274.218750 -14053.774178  12394.363721    123.350421
         1274.312500 -14054.435111  12394.037038    123.488065
         1274.406250 -14054.663177  12393.844607    123.298443
         1274.500000 -14055.324110  12393.517924    123.436087
         1274.625000 -14055.552176  12393.325493    123.246466
         1274.718750 -14056.213109  12392.998810    123.384110
         1274.812500 -14056.441175  12393.037674    123.289372
         1274.906250 -14057.102108  12392.479697    123.332133
         1275.000000 -14057.330174  12392.287266    123.142512
         1275.125000 -14057.991107  12391.960583    123.280156
         1275.218750 -14058.219173  12391.768152    123.090534
         1275.312500 -14058.675306  12391.845881    122.901057
         1275.406250 -14059.108173  12391.249039    123.038557
         1275.500000 -14059.564305  12391.326767    122.849080
         1275.625000 -14059.997172  12390.961220    123.081463
         1275.718750 -14060.453304  12390.807653    122.797103
         1275.812500 -14060.886171  12390.442106    123.029485
         1275.906250 -14061.342303  12390.288540    122.745125
         1276.000000 -14061.775170  12389.922993    122.977508
         1276.125000 -14062.003236  12389.730562    122.787887
         1276.218750 -14062.664169  12389.403879    122.925531
         1276.312500 -14063.120301  12389.250312    122.641171
         1276.406250 -14063.553168  12388.884765    122.873553
         1276.500000 -14063.781234  12388.692335    122.683932
         1276.625000 -14064.237367  12388.538768    122.399572
         1276.718750 -14064.670233  12388.173221    122.631955
         1276.812500 -14065.331166  12387.846538    122.769599
         1276.906250 -14065.559232  12387.885402    122.674860
         1277.000000 -14066.220165  12387.558719    122.812504
         1277.125000 -14066.448232  12387.366288    122.622883
         1277.218750 -14067.109164  12387.039605    122.760527
         1277.312500 -14067.337231  12386.847175    122.570906
         1277.406250 -14067.793363  12386.693608    122.286546
         1277.500000 -14068.226230  12386.328061    122.518928
         1277.625000 -14068.887163  12386.001378    122.656573
         1277.718750 -14069.115229  12385.808948    122.466951
         1277.812500 -14069.776162  12385.482265    122.604595
         1277.906250 -14070.004228  12385.289834    122.414974
         1278.000000 -14070.665161  12384.963151    122.552618
         1278.125000 -14070.893227  12384.770720    122.362997
         1278.218750 -14071.554160  12384.444037    122.500641
         1278.312500 -14071.782226  12384.251607    122.311019
         1278.406250 -14072.010292  12384.059176    122.121398
         1278.500000 -14072.443159  12383.924924    122.448663
         1278.625000 -14072.443159  12384.156218    122.543546
         1278.718750 -14072.647960  12383.983102    122.965550
         1278.812500 -14072.876026  12383.790671    122.775929
         1278.906250 -14073.104092  12383.598241    122.586307
         1279.000000 -14073.332158  12383.637105    122.491569
         1279.125000 -14073.332158  12383.637105    122.491569
         1279.218750 -14073.560224  12383.907264    122.491713
         1279.312500 -14073.993091  12383.541716    122.724096
         1279.406250 -14074.951887  12382.733366    120.742359
         1279.500000 -14076.343550  12381.559468    118.993006
         1279.625000 -14074.700555  12383.407700    121.733372
         1279.718750 -14074.449223  12383.619445    122.534619
         1279.812500 -14074.677290  12383.889603    122.534763
         1279.906250 -14074.905356  12383.928468    122.440024
         1280.000000 -14075.589554  12383.582470    121.966043
         1280.125000 -14075.817620  12383.852629    121.966187
         1280.218750 -14076.045687  12384.122788    121.966331
         1280.312500 -14076.045687  12384.122788    121.966331
         1280.406250 -14076.273753  12384.392947    121.966476
         1280.500000 -14076.501819  12384.663106    121.966620
         1280.625000 -14076.092218  12384.778044    121.027729
         1280.718750 -14076.115484  12384.758730    120.416104
         1280.812500 -14076.548350  12385.087067    120.933135
         1280.906250 -14076.571616  12385.299047    120.416392
         1281.000000 -14076.799682  12385.337912    120.321653
         1281.125000 -14077.051014  12385.820051    119.805055
         1281.218750 -14077.916747  12386.245430    120.744234
         1281.312500 -14077.940013  12386.688706    120.322375
         1281.406250 -14078.372880  12386.785748    120.744523
         1281.500000 -14078.600946  12387.287202    120.839550
         1281.625000 -14079.057078  12387.596225    120.744956
         1281.718750 -14079.285145  12388.097678    120.839983
         1281.812500 -14079.741277  12388.406701    120.745388
         1281.906250 -14079.969343  12388.908155    120.840415
         1282.000000 -14080.197409  12389.409608    120.935442
         1282.125000 -14080.653542  12389.718631    120.840848
         1282.218750 -14080.881608  12390.220085    120.935875
         1282.312500 -14081.109674  12390.721538    121.030902
         1282.406250 -14081.361006  12391.434972    120.609187
         1282.500000 -14081.793873  12391.763310    121.126218
         1282.625000 -14082.045204  12392.476744    120.704502
         1282.718750 -14082.501337  12393.017061    120.704791
         1282.812500 -14082.957469  12393.557379    120.705079
         1282.906250 -14083.185535  12394.058833    120.800106
         1283.000000 -14083.641668  12394.599150    120.800395
         1283.125000 -14083.869734  12395.100604    120.895422
         1283.218750 -14084.325866  12395.640921    120.895710
         1283.312500 -14084.781999  12396.181239    120.895998
         1283.406250 -14085.033330  12397.125968    120.569166
         1283.500000 -14085.261397  12397.627422    120.664193
         1283.625000 -14085.717529  12398.167739    120.664481
         1283.718750 -14086.173661  12398.939352    120.759652
         1283.812500 -14086.401727  12399.440805    120.854680
         1283.906250 -14086.857860  12399.981123    120.854968
         1284.000000 -14087.313992  12400.752735    120.950139
         1284.125000 -14087.542058  12401.254189    121.045166
         1284.218750 -14087.998191  12401.794506    121.045455
         1284.312500 -14088.454323  12402.566119    121.140626
         1284.406250 -14088.910456  12403.106437    121.140915
         1284.500000 -14089.138522  12403.839185    121.330824
         1284.625000 -14089.594654  12404.379502    121.331113
         1284.718750 -14090.050786  12405.151115    121.426284
         1284.812500 -14090.506919  12405.691433    121.426573
         1284.906250 -14090.734985  12406.424181    121.616482
         1285.000000 -14091.191117  12407.195793    121.711654
         1285.125000 -14091.647250  12407.736111    121.711942
         1285.218750 -14091.875316  12408.468859    121.901852
         1285.312500 -14092.536249  12409.067355    122.419027
         1285.406250 -14092.992381  12409.607673    122.419316
         1285.500000 -14093.448514  12410.379285    122.514487
         1285.625000 -14093.676580  12411.112033    122.704397
         1285.718750 -14094.132712  12411.652351    122.704685
         1285.812500 -14094.588844  12412.423964    122.799857
         1285.906250 -14095.044977  12412.964281    122.800145
         1286.000000 -14095.273043  12413.697030    122.990055
         1286.125000 -14095.729175  12414.237347    122.990343
         1286.218750 -14096.185308  12415.008960    123.085515
         1286.312500 -14096.413374  12415.510413    123.180542
         1286.406250 -14096.869506  12416.282026    123.275713
         1286.500000 -14096.390108  12416.223611    124.076816
         1286.625000 -14096.594909  12416.513084    124.688585
         1286.718750 -14096.822975  12417.014538    124.783612
         1286.812500 -14097.279107  12417.554856    124.783901
         1286.906250 -14097.507174  12418.056309    124.878928
         1287.000000 -14097.735240  12418.326468    124.879072
         1287.125000 -14098.191372  12418.866786    124.879361
         1287.218750 -14098.419438  12419.368239    124.974388
         1287.312500 -14098.647505  12419.638398    124.974532
         1287.406250 -14098.875571  12419.908557    124.974676
         1287.500000 -14098.875571  12420.139852    125.069559
         1287.625000 -14098.875571  12420.139852    125.069559
         1287.718750 -14098.875571  12420.139852    125.069559
         1287.812500 -14099.103637  12420.410011    125.069703
         1287.906250 -14098.875571  12420.139852    125.069559
         1288.000000 -14099.354969  12420.660855    124.458222
         1288.125000 -14099.378234  12420.872836    123.941479
         1288.218750 -14099.401500  12421.084816    123.424737
         1288.312500 -14099.629566  12421.123680    123.329998
         1288.406250 -14099.652832  12421.335661    122.813255
         1288.500000 -14099.880898  12421.374525    122.718517
         1288.625000 -14099.699363  12421.759622    121.779770
         1288.718750 -14099.699363  12421.528328    121.684887
         1288.812500 -14099.927429  12421.798486    121.685032
         1288.906250 -14099.745894  12421.720994    120.556519
         1289.000000 -14099.745894  12421.720994    120.556519
         1289.125000 -14099.973961  12421.759858    120.461781
         1289.218750 -14099.997226  12421.971839    119.945038
         1289.312500 -14099.792426  12422.144955    119.523034
         1289.406250 -14099.792426  12421.913660    119.428151
         1289.500000 -14099.815691  12421.894346    118.816526
         1289.625000 -14099.838957  12422.106327    118.299783
         1289.718750 -14099.838957  12422.106327    118.299783
         1289.812500 -14099.862223  12422.087013    117.688158
         1289.906250 -14099.885488  12422.298993    117.171415
         1290.000000 -14099.885488  12422.298993    117.171415
         1290.125000 -14099.680688  12422.240815    116.654528
         1290.218750 -14099.703953  12422.452796    116.137786
         1290.312500 -14099.932020  12422.260365    115.948164
         1290.406250 -14099.727219  12422.433481    115.526160
         1290.500000 -14099.750485  12422.414167    114.914535
         1290.625000 -14099.545684  12422.587284    114.492531
         1290.718750 -14099.773750  12422.394853    114.302909
         1290.812500 -14099.568950  12422.567970    113.880905
         1290.906250 -14099.592215  12422.548655    113.269280
         1291.000000 -14099.820282  12422.587520    113.174541
         1291.125000 -14099.615481  12422.529341    112.657654
         1291.218750 -14099.387415  12422.259182    112.657510
         1291.312500 -14098.954548  12422.162140    112.235362
         1291.406250 -14099.182614  12422.201004    112.140623
         1291.500000 -14099.205880  12422.181690    111.528998
         1291.625000 -14099.205880  12422.181690    111.528998
         1291.718750 -14099.480477  12422.413221    110.305891
         1291.812500 -14099.503743  12422.625201    109.789149
         1291.906250 -14099.503743  12422.393906    109.694266
         1292.000000 -14099.527009  12422.374592    109.082640
         1292.125000 -14099.527009  12422.374592    109.082640
         1292.218750 -14099.117408  12422.258236    108.048867
         1292.312500 -14099.140673  12422.470216    107.532124
         1292.406250 -14099.163939  12422.450902    106.920499
         1292.500000 -14099.163939  12422.219607    106.825616
         1292.625000 -14099.187204  12422.200293    106.213990
         1292.718750 -14098.982404  12422.373410    105.791986
         1292.812500 -14099.210470  12422.180979    105.602365
         1292.906250 -14099.005670  12422.122801    105.085478
         1293.000000 -14099.233736  12422.161665    104.990739
         1293.125000 -14099.257001  12422.142351    104.379114
         1293.218750 -14099.257001  12422.142351    104.379114
         1293.312500 -14099.280267  12422.123037    103.767489
         1293.406250 -14099.508333  12422.161901    103.672750
         1293.500000 -14099.508333  12421.930606    103.577867
         1293.625000 -14099.531599  12421.911292    102.966242
         1293.718750 -14099.759665  12421.950156    102.871503
         1293.812500 -14099.759665  12421.718861    102.776620
         1293.906250 -14099.782931  12421.699547    102.164995
         1294.000000 -14100.010997  12421.507116    101.975374
         1294.125000 -14100.034263  12421.487802    101.363748
         1294.218750 -14100.262329  12421.526666    101.269010
         1294.312500 -14100.490395  12421.334236    101.079388
         1294.406250 -14100.513661  12421.314922    100.467763
         1294.500000 -14100.741727  12421.122491    100.278141
         1294.625000 -14100.741727  12421.122491    100.278141
         1294.718750 -14100.993059  12420.910746     99.476895
         1294.812500 -14100.993059  12420.910746     99.476895
         1294.906250 -14101.016324  12420.891432     98.865269
         1295.000000 -14101.039590  12420.872118     98.253644
         1295.125000 -14100.834789  12420.813940     97.736757
         1295.218750 -14101.062855  12420.621509     97.547135
         1295.312500 -14101.086121  12420.602195     96.935510
         1295.406250 -14101.109387  12420.582881     96.323885
         1295.500000 -14100.904586  12420.524702     95.806998
         1295.625000 -14101.132652  12420.332272     95.617376
         1295.718750 -14101.155918  12420.312958     95.005751
         1295.812500 -14101.179184  12420.524938     94.489008
         1295.906250 -14100.974383  12420.466760     93.972121
         1296.000000 -14101.202449  12420.274329     93.782500
         1296.125000 -14101.225715  12420.255015     93.170875
         1296.218750 -14101.248981  12420.235701     92.559249
         1296.312500 -14101.044180  12420.408818     92.137245
         1296.406250 -14101.272246  12420.216387     91.947624
         1296.500000 -14101.295512  12420.428367     91.430881
         1296.625000 -14101.318777  12420.409053     90.819256
         1296.718750 -14101.318777  12420.177759     90.724373
         1296.812500 -14101.342043  12420.389739     90.207630
         1296.906250 -14101.570109  12420.197309     90.018009
         1297.000000 -14101.365309  12420.370425     89.596005
         1297.125000 -14101.593375  12420.177994     89.406383
         1297.218750 -14101.616641  12420.389975     88.889641
         1297.312500 -14101.411840  12420.331797     88.372754
         1297.406250 -14101.639906  12420.370661     88.278015
         1297.500000 -14101.435106  12420.543777     87.856011
         1297.625000 -14101.663172  12420.351347     87.666390
         1297.718750 -14101.686438  12420.563327     87.149647
         1297.812500 -14101.686438  12420.332033     87.054764
         1297.906250 -14101.709703  12420.544013     86.538022
         1298.000000 -14101.504903  12420.717130     86.116018
         1298.125000 -14101.732969  12420.524699     85.926396
         1298.218750 -14101.528168  12420.697815     85.504392
         1298.312500 -14101.756234  12420.505385     85.314771
         1298.406250 -14101.551434  12420.678501     84.892767
         1298.500000 -14101.779500  12420.717365     84.798028
         1298.625000 -14101.574700  12420.890482     84.376024
         1298.718750 -14101.802766  12420.698051     84.186403
         1298.812500 -14101.826031  12420.910032     83.669660
         1298.906250 -14101.826031  12420.910032     83.669660
         1299.000000 -14101.849297  12420.890718     83.058035
         1299.125000 -14101.849297  12420.890718     83.058035
         1299.218750 -14102.077363  12420.929582     82.963296
         1299.312500 -14101.872563  12421.102698     82.541292
         1299.406250 -14102.100629  12420.910268     82.351671
         1299.500000 -14101.895828  12421.083384     81.929667
         1299.625000 -14102.123894  12421.122248     81.834928
         1299.718750 -14101.919094  12421.064070     81.318041
         1299.812500 -14101.919094  12421.064070     81.318041
         1299.906250 -14102.147160  12421.102934     81.223303
         1300.000000 -14101.942360  12421.276051     80.801299
         1300.125000 -14102.170426  12421.083620     80.611677
         1300.218750 -14101.965625  12421.256736     80.189673
         1300.312500 -14102.193691  12421.295600     80.094935
         1300.406250 -14102.421758  12421.103170     79.905313
         1300.500000 -14102.216957  12421.276286     79.483309
         1300.625000 -14102.216957  12421.276286     79.483309
         1300.718750 -14102.240223  12421.488267     78.966567
         1300.812500 -14102.240223  12421.256972     78.871684
         1300.906250 -14102.263488  12421.468953     78.354941
         1301.000000 -14102.263488  12421.468953     78.354941
         1301.125000 -14102.491554  12421.507817     78.260203
         1301.218750 -14102.286754  12421.449639     77.743316
         1301.312500 -14102.514820  12421.488503     77.648577
         1301.406250 -14102.514820  12421.488503     77.648577
         1301.500000 -14102.310020  12421.430324     77.131690
         1301.625000 -14102.538086  12421.469189     77.036952
         1301.718750 -14102.333285  12421.642305     76.614948
         1301.812500 -14102.333285  12421.642305     76.614948
         1301.906250 -14102.561351  12421.449874     76.425326
         1302.000000 -14102.356551  12421.622991     76.003322
         1302.125000 -14102.356551  12421.622991     76.003322
         1302.218750 -14102.584617  12421.661855     75.908584
         1302.312500 -14102.379817  12421.372382     75.296814
         1302.406250 -14102.607883  12421.642541     75.296958
         1302.500000 -14102.403082  12421.584363     74.780071
         1302.625000 -14102.403082  12421.584363     74.780071
         1302.718750 -14102.631148  12421.623227     74.685333
         1302.812500 -14102.631148  12421.391932     74.590450
         1302.906250 -14102.426348  12421.565048     74.168446
         1303.000000 -14102.654414  12421.372618     73.978825
         1303.125000 -14102.449613  12421.545734     73.556821
         1303.218750 -14102.449613  12421.545734     73.556821
         1303.312500 -14102.677680  12421.584598     73.462082
         1303.406250 -14102.472879  12421.526420     72.945195
         1303.500000 -14102.472879  12421.526420     72.945195
         1303.625000 -14102.700945  12421.565284     72.850456
         1303.718750 -14102.496145  12421.507106     72.333570
         1303.812500 -14102.724211  12421.545970     72.238831
         1303.906250 -14102.724211  12421.545970     72.238831
         1304.000000 -14102.519410  12421.719087     71.816827
         1304.125000 -14102.747477  12421.526656     71.627206
         1304.218750 -14102.747477  12421.526656     71.627206
         1304.312500 -14102.747477  12421.526656     71.627206
         1304.406250 -14102.770742  12421.738636     71.110463
         1304.500000 -14102.770742  12421.507342     71.015580
         1304.625000 -14102.770742  12421.507342     71.015580
         1304.718750 -14102.794008  12421.719322     70.498838
         1304.812500 -14102.794008  12421.719322     70.498838
         1304.906250 -14102.589207  12421.661144     69.981951
         1305.000000 -14102.589207  12421.661144     69.981951
         1305.125000 -14102.589207  12421.661144     69.981951
         1305.218750 -14102.384407  12421.834261     69.559947
         1305.312500 -14102.612473  12421.641830     69.370325
         1305.406250 -14102.612473  12421.641830     69.370325
         1305.500000 -14102.407672  12421.814946     68.948321
         1305.625000 -14102.407672  12421.583652     68.853438
         1305.718750 -14102.635739  12421.622516     68.758700
         1305.812500 -14102.430938  12421.795632     68.336696
         1305.906250 -14102.659004  12421.603202     68.147074
         1306.000000 -14102.659004  12421.603202     68.147074
         1306.125000 -14102.682270  12421.815182     67.630332
         1306.218750 -14102.682270  12421.583887     67.535449
         1306.312500 -14102.682270  12421.583887     67.535449
         1306.406250 -14102.910336  12421.622752     67.440710
         1306.500000 -14102.910336  12421.622752     67.440710
         1306.625000 -14102.705535  12421.564573     66.923824
         1306.718750 -14102.705535  12421.564573     66.923824
         1306.812500 -14102.728801  12421.545259     66.312198
         1306.906250 -14102.728801  12421.545259     66.312198
         1307.000000 -14102.728801  12421.545259     66.312198
         1307.125000 -14102.728801  12421.545259     66.312198
         1307.218750 -14102.728801  12421.313964     66.217315
         1307.312500 -14102.956867  12421.584123     66.217460
         1307.406250 -14102.910336  12421.160162     67.250945
         1307.500000 -14102.682270  12421.121298     67.345683
         1307.625000 -14103.184933  12421.391693     66.027838
         1307.718750 -14102.956867  12421.352829     66.122577
         1307.812500 -14102.956867  12421.352829     66.122577
         1307.906250 -14102.956867  12421.352829     66.122577
         1308.000000 -14102.956867  12421.352829     66.122577
         1308.125000 -14102.956867  12421.352829     66.122577
         1308.218750 -14103.161668  12421.179712     66.544581
         1308.312500 -14103.161668  12420.948417     66.449698
         1308.406250 -14102.956867  12421.121534     66.027694
         1308.500000 -14102.933602  12420.909553     66.544437
         1308.625000 -14102.933602  12420.678258     66.449554
         1308.718750 -14102.933602  12420.678258     66.449554
         1308.812500 -14102.933602  12420.446964     66.354671
         1308.906250 -14102.933602  12420.215669     66.259788
         1309.000000 -14102.705535  12420.176805     66.354527
         1309.125000 -14102.202872  12419.443821     67.482606
         1309.218750 -14102.202872  12419.212526     67.387723
         1309.312500 -14101.974806  12418.942367     67.387579
         1309.406250 -14101.974806  12418.942367     67.387579
         1309.500000 -14101.974806  12418.711073     67.292696
         1309.625000 -14101.746739  12418.440914     67.292552
         1309.718750 -14101.951540  12418.267797     67.714556
         1309.812500 -14101.518673  12418.170755     67.292408
         1309.906250 -14101.518673  12417.939460     67.197525
         1310.000000 -14101.723474  12417.766344     67.619529
         1310.125000 -14101.244076  12417.245340     68.230866
         1310.218750 -14101.244076  12417.245340     68.230866
         1310.312500 -14101.244076  12417.014045     68.135983
         1310.406250 -14101.472142  12417.052909     68.041245
         1310.500000 -14101.244076  12417.014045     68.135983
         1310.625000 -14101.244076  12416.782751     68.041101
         1310.718750 -14101.448876  12416.609634     68.463105
         1310.812500 -14101.448876  12416.609634     68.463105
         1310.906250 -14101.220810  12416.570770     68.557843
         1311.000000 -14101.448876  12416.378339     68.368222
         1311.125000 -14101.653677  12416.205223     68.790226
         1311.218750 -14101.653677  12416.205223     68.790226
         1311.312500 -14101.653677  12416.205223     68.790226
         1311.406250 -14101.653677  12415.973928     68.695343
         1311.500000 -14101.653677  12415.973928     68.695343
         1311.625000 -14101.858477  12415.800812     69.117347
         1311.718750 -14102.086544  12415.608381     68.927726
         1311.812500 -14102.086544  12415.608381     68.927726
         1311.906250 -14102.086544  12415.377086     68.832843
         1312.000000 -14102.086544  12415.377086     68.832843
         1312.125000 -14102.519410  12415.011539     69.065226
         1312.218750 -14102.519410  12415.011539     69.065226
         1312.312500 -14102.747477  12414.819109     68.875604
         1312.406250 -14102.268079  12414.066810     69.392058
         1312.500000 -14102.975543  12414.626678     68.685983
         1312.625000 -14103.203609  12414.665542     68.591244
         1312.718750 -14103.431675  12414.704406     68.496506
         1312.812500 -14103.431675  12414.704406     68.496506
         1312.906250 -14103.431675  12414.473112     68.401623
         1313.000000 -14103.659741  12414.511976     68.306884
         1313.125000 -14103.659741  12414.511976     68.306884
         1313.218750 -14103.887807  12414.550840     68.212146
         1313.312500 -14103.887807  12414.319545     68.117263
         1313.406250 -14103.887807  12414.319545     68.117263
         1313.500000 -14104.115874  12414.358409     68.022524
         1313.625000 -14104.115874  12414.358409     68.022524
         1313.718750 -14104.115874  12414.358409     68.022524
         1313.812500 -14104.343940  12414.397273     67.927786
         1313.906250 -14104.343940  12414.397273     67.927786
         1314.000000 -14104.343940  12414.397273     67.927786
         1314.125000 -14104.572006  12414.436137     67.833047
         1314.218750 -14104.572006  12414.436137     67.833047
         1314.312500 -14104.572006  12414.436137     67.833047
         1314.406250 -14104.572006  12414.436137     67.833047
         1314.500000 -14104.800072  12414.475001     67.738309
         1314.625000 -14104.800072  12414.475001     67.738309
         1314.718750 -14104.800072  12414.475001     67.738309
         1314.812500 -14104.800072  12414.475001     67.738309
         1314.906250 -14105.028138  12414.513865     67.643570
         1315.000000 -14105.028138  12414.513865     67.643570
         1315.125000 -14105.028138  12414.513865     67.643570
         1315.218750 -14105.028138  12414.513865     67.643570
         1315.312500 -14105.028138  12414.513865     67.643570
         1315.406250 -14105.028138  12414.513865     67.643570
         1315.500000 -14105.028138  12414.513865     67.643570
         1315.625000 -14105.665806  12414.437791     68.487722
         1315.718750 -14105.232939  12414.572044     68.160457
         1315.812500 -14105.461005  12414.610908     68.065718
         1315.906250 -14105.256205  12414.552730     67.548831
         1316.000000 -14106.759605  12414.670740     69.237280
         1316.125000 -14105.461005  12414.379613     67.970836
         1316.218750 -14102.067868  12413.082742     62.569007
         1316.312500 -14105.256205  12414.552730     67.548831
         1316.406250 -14107.513915  12408.006083     93.388126
         1316.500000 -14107.420538  12414.575352     69.469807
         1316.625000 -14106.554805  12414.612562     68.720394
         1316.718750 -14106.554805  12414.612562     68.720394
         1316.812500 -14105.572743  12413.589869     70.554693
         1316.906250 -14105.572743  12413.589869     70.554693
         1317.000000 -14105.596009  12413.801850     70.037950
         1317.125000 -14105.596009  12413.570555     69.943067
         1317.218750 -14105.596009  12413.570555     69.943067
         1317.312500 -14105.596009  12413.570555     69.943067
         1317.406250 -14105.596009  12413.801850     70.037950
         1317.500000 -14105.391208  12413.743671     69.521063
         1317.625000 -14104.935076  12413.434648     69.615658
         1317.718750 -14105.139876  12413.261532     70.037662
         1317.812500 -14105.619274  12413.551241     69.331442
         1317.906250 -14105.414474  12413.724357     68.909438
         1318.000000 -14105.642540  12413.763221     68.814699
         1318.125000 -14105.437739  12413.936338     68.392695
         1318.218750 -14105.437739  12413.936338     68.392695
         1318.312500 -14105.461005  12414.148318     67.875953
         1318.406250 -14105.256205  12414.090140     67.359066
         1318.500000 -14105.256205  12414.321435     67.453949
         1318.625000 -14105.051404  12414.263257     66.937062
         1318.718750 -14105.279470  12414.302121     66.842323
         1318.812500 -14105.074670  12414.475237     66.420319
         1318.906250 -14104.869869  12414.648354     65.998315
         1319.000000 -14104.869869  12414.648354     65.998315
         1319.125000 -14104.665069  12414.821470     65.576311
         1319.218750 -14104.665069  12414.821470     65.576311
         1319.312500 -14104.460268  12414.994587     65.154307
         1319.406250 -14104.460268  12414.994587     65.154307
         1319.500000 -14104.255467  12415.167703     64.732303
         1319.625000 -14104.255467  12415.167703     64.732303
         1319.718750 -14104.050667  12415.340820     64.310299
         1319.812500 -14104.050667  12415.340820     64.310299
         1319.906250 -14104.050667  12415.109525     64.215416
         1320.000000 -14104.278733  12415.148389     64.120678
         1320.125000 -14104.050667  12415.109525     64.215416
         1320.218750 -14103.845866  12415.282641     63.793412
         1320.312500 -14103.845866  12415.282641     63.793412
         1320.406250 -14103.845866  12415.282641     63.793412
         1320.500000 -14103.641066  12415.455758     63.371408
         1320.625000 -14103.641066  12415.455758     63.371408
         1320.718750 -14103.641066  12415.455758     63.371408
         1320.812500 -14103.641066  12415.224463     63.276525
         1320.906250 -14103.641066  12415.224463     63.276525
         1321.000000 -14103.641066  12415.224463     63.276525
         1321.125000 -14103.641066  12415.224463     63.276525
         1321.218750 -14103.641066  12415.224463     63.276525
         1321.312500 -14103.641066  12415.224463     63.276525
         1321.406250 -14103.641066  12415.224463     63.276525
         1321.500000 -14103.413000  12415.185599     63.371264
         1321.625000 -14103.413000  12415.185599     63.371264
         1321.718750 -14103.413000  12415.185599     63.371264
         1321.812500 -14103.208199  12415.358715     62.949260
         1321.906250 -14102.547266  12414.991514     62.526967
         1322.000000 -14102.547266  12415.222809     62.621850
         1322.125000 -14103.184933  12415.146735     63.466002
         1322.218750 -14102.980133  12415.319851     63.043998
         1322.312500 -14102.980133  12415.319851     63.043998
         1322.406250 -14102.547266  12414.991514     62.526967
         1322.500000 -14102.342466  12415.164631     62.104963
         1322.625000 -14102.342466  12415.164631     62.104963
         1322.718750 -14102.137665  12415.106452     61.588076
         1322.812500 -14101.909599  12415.067588     61.682815
         1322.906250 -14101.909599  12415.067588     61.682815
         1323.000000 -14101.909599  12415.067588     61.682815
         1323.125000 -14101.704798  12415.009410     61.165928
         1323.218750 -14101.704798  12415.240705     61.260811
         1323.312500 -14101.704798  12415.009410     61.165928
         1323.406250 -14101.704798  12415.009410     61.165928
         1323.500000 -14101.499998  12414.951232     60.649041
         1323.625000 -14101.271932  12415.143662     60.838663
         1323.718750 -14101.271932  12415.143662     60.838663
         1323.812500 -14101.271932  12415.143662     60.838663
         1323.906250 -14101.067131  12415.085484     60.321776
         1324.000000 -14100.839065  12415.046620     60.416514
         1324.125000 -14100.839065  12415.046620     60.416514
         1324.218750 -14100.839065  12414.815325     60.321631
         1324.312500 -14100.839065  12415.046620     60.416514
         1324.406250 -14100.610999  12415.007756     60.511253
         1324.500000 -14100.610999  12415.007756     60.511253
         1324.625000 -14100.406198  12415.180873     60.089249
         1324.718750 -14100.406198  12415.180873     60.089249
         1324.812500 -14100.406198  12414.949578     59.994366
         1324.906250 -14100.178132  12414.910714     60.089104
         1325.000000 -14100.178132  12414.910714     60.089104
         1325.125000 -14100.178132  12414.910714     60.089104
         1325.218750 -14099.973331  12414.852535     59.572218
         1325.312500 -14099.973331  12414.852535     59.572218
         1325.406250 -14099.768531  12415.025652     59.150214
         1325.500000 -14099.768531  12415.025652     59.150214
         1325.625000 -14099.540465  12414.986788     59.244952
         1325.718750 -14099.540465  12414.986788     59.244952
         1325.812500 -14099.540465  12414.755493     59.150069
         1325.906250 -14099.335664  12414.928610     58.728065
         1326.000000 -14099.335664  12414.928610     58.728065
         1326.125000 -14099.107598  12414.889745     58.822804
         1326.218750 -14099.107598  12414.889745     58.822804
         1326.312500 -14099.107598  12414.889745     58.822804
         1326.406250 -14099.107598  12414.658451     58.727921
         1326.500000 -14098.902797  12414.831567     58.305917
         1326.625000 -14098.674731  12414.792703     58.400656
         1326.718750 -14098.674731  12414.792703     58.400656
         1326.812500 -14098.674731  12414.792703     58.400656
         1326.906250 -14098.674731  12414.792703     58.400656
         1327.000000 -14098.674731  12414.792703     58.400656
         1327.125000 -14098.446665  12414.753839     58.495394
         1327.218750 -14098.446665  12414.753839     58.495394
         1327.312500 -14098.446665  12414.753839     58.495394
         1327.406250 -14098.446665  12414.753839     58.495394
         1327.500000 -14098.446665  12414.753839     58.495394
         1327.625000 -14098.446665  12414.753839     58.495394
         1327.718750 -14098.446665  12414.753839     58.495394
         1327.812500 -14098.446665  12414.753839     58.495394
         1327.906250 -14098.446665  12414.753839     58.495394
         1328.000000 -14098.218599  12414.714975     58.590133
         1328.125000 -14098.218599  12414.714975     58.590133
         1328.218750 -14098.218599  12414.714975     58.590133
         1328.312500 -14098.218599  12414.714975     58.590133
         1328.406250 -14098.218599  12414.714975     58.590133
         1328.500000 -14097.785732  12414.617933     58.167984
         1328.625000 -14097.785732  12414.849227     58.262867
         1328.718750 -14097.785732  12414.617933     58.167984
         1328.812500 -14097.785732  12414.617933     58.167984
         1328.906250 -14097.990533  12414.676111     58.684871
         1329.000000 -14097.785732  12414.617933     58.167984
         1329.125000 -14097.557666  12414.579068     58.262723
         1329.218750 -14097.557666  12414.579068     58.262723
         1329.312500 -14097.762467  12414.637247     58.779610
         1329.406250 -14097.762467  12414.405952     58.684727
         1329.500000 -14097.785732  12414.849227     58.262867
         1329.625000 -14097.557666  12414.579068     58.262723
         1329.718750 -14097.785732  12414.617933     58.167984
         1329.812500 -14097.329600  12414.540204     58.357462
         1329.906250 -14097.329600  12414.540204     58.357462
         1330.000000 -14097.557666  12414.579068     58.262723
         1330.125000 -14097.352865  12414.752185     57.840719
         1330.218750 -14097.329600  12414.540204     58.357462
         1330.312500 -14097.329600  12414.308910     58.262579
         1330.406250 -14097.557666  12414.579068     58.262723
         1330.500000 -14097.557666  12414.579068     58.262723
         1330.625000 -14097.352865  12414.752185     57.840719
         1330.718750 -14097.557666  12414.579068     58.262723
         1330.812500 -14097.352865  12414.752185     57.840719
         1330.906250 -14097.352865  12414.752185     57.840719
         1331.000000 -14097.352865  12414.752185     57.840719
         1331.125000 -14097.101534  12414.270046     58.357317
         1331.218750 -14097.352865  12414.752185     57.840719
         1331.312500 -14097.580932  12415.022344     57.840863
         1331.406250 -14096.896733  12414.443162     57.935313
         1331.500000 -14105.018643  12423.088952     53.985960
         1331.625000 -14097.580932  12414.791049     57.745980
         1331.718750 -14097.580932  12414.791049     57.745980
         1331.812500 -14097.580932  12414.791049     57.745980
         1331.906250 -14105.018643  12423.088952     53.985960
         1332.000000 -14104.813843  12423.262068     53.563956
         1332.125000 -14104.813843  12423.262068     53.563956
         1332.218750 -14104.813843  12423.262068     53.563956
         1332.312500 -14104.813843  12423.262068     53.563956
         1332.406250 -14104.813843  12423.262068     53.563956
         1332.500000 -14105.041909  12423.532227     53.564101
         1332.625000 -14096.212535  12413.632685     57.934881
         1332.718750 -14096.212535  12413.632685     57.934881
         1332.812500 -14096.212535  12413.863980     58.029763
         1332.906250 -14096.212535  12413.632685     57.934881
         1333.000000 -14096.212535  12413.632685     57.934881
         1333.125000 -14096.212535  12413.632685     57.934881
         1333.218750 -14096.212535  12413.632685     57.934881
         1333.312500 -14096.212535  12413.632685     57.934881
         1333.406250 -14096.212535  12413.632685     57.934881
         1333.500000 -14096.007734  12413.805802     57.512877
         1333.625000 -14096.212535  12413.632685     57.934881
         1333.718750 -14096.212535  12413.632685     57.934881
         1333.812500 -14096.212535  12413.632685     57.934881
         1333.906250 -14096.007734  12413.805802     57.512877
         1334.000000 -14096.007734  12413.805802     57.512877
         1334.125000 -14096.235800  12413.844666     57.418138
         1334.218750 -14096.007734  12413.805802     57.512877
         1334.312500 -14096.007734  12413.805802     57.512877
         1334.406250 -14096.007734  12413.805802     57.512877
         1334.500000 -14096.007734  12413.805802     57.512877
         1334.625000 -14096.007734  12413.805802     57.512877
         1334.718750 -14096.007734  12413.805802     57.512877
         1334.812500 -14096.007734  12413.574507     57.417994
         1334.906250 -14098.791059  12416.777785     56.196474
         1335.000000 -14098.791059  12416.777785     56.196474
         1335.125000 -14098.791059  12416.777785     56.196474
         1335.218750 -14099.019126  12416.816649     56.101735
         1335.312500 -14098.814325  12417.221060     55.774614
         1335.406250 -14099.019126  12417.047944     56.196618
         1335.500000 -14099.042391  12417.259924     55.679875
         1335.625000 -14098.814325  12417.221060     55.774614
         1335.718750 -14099.042391  12417.259924     55.679875
         1335.812500 -14099.042391  12417.259924     55.679875
         1335.906250 -14099.270458  12417.298788     55.585137
         1336.000000 -14099.270458  12417.298788     55.585137
         1336.125000 -14099.042391  12417.259924     55.679875
         1336.218750 -14099.042391  12417.259924     55.679875
         1336.312500 -14099.042391  12417.259924     55.679875
         1336.406250 -14099.042391  12417.259924     55.679875
         1336.500000 -14098.814325  12416.989765     55.679731
         1336.625000 -14098.814325  12416.989765     55.679731
         1336.718750 -14098.814325  12416.989765     55.679731
         1336.812500 -14098.814325  12416.989765     55.679731
         1336.906250 -14098.586259  12416.950901     55.774470
         1337.000000 -14098.586259  12416.950901     55.774470
         1337.125000 -14098.586259  12416.719607     55.679587
         1337.218750 -14102.761247  12421.293228     53.752424
         1337.312500 -14102.761247  12421.524523     53.847307
         1337.406250 -14102.761247  12421.293228     53.752424
         1337.500000 -14102.761247  12421.293228     53.752424
         1337.625000 -14098.586259  12416.719607     55.679587
         1337.718750 -14098.586259  12416.719607     55.679587
         1337.812500 -14098.586259  12416.719607     55.679587
         1337.906250 -14098.358193  12416.680743     55.774325
         1338.000000 -14098.358193  12416.680743     55.774325
         1338.125000 -14098.358193  12416.680743     55.774325
         1338.218750 -14098.358193  12416.449448     55.679443
         1338.312500 -14098.130127  12416.410584     55.774181
         1338.406250 -14098.130127  12416.410584     55.774181
         1338.500000 -14098.130127  12416.410584     55.774181
         1338.625000 -14098.106861  12416.198603     56.290924
         1338.718750 -14098.106861  12416.198603     56.290924
         1338.812500 -14097.878795  12415.928444     56.290780
         1338.906250 -14097.902060  12416.140425     55.774037
         1339.000000 -14097.878795  12415.928444     56.290780
         1339.125000 -14097.878795  12415.928444     56.290780
         1339.218750 -14097.878795  12415.928444     56.290780
         1339.312500 -14097.650729  12415.889580     56.385518
         1339.406250 -14097.650729  12415.889580     56.385518
         1339.500000 -14097.650729  12415.889580     56.385518
         1339.625000 -14097.650729  12415.658285     56.290635
         1339.718750 -14097.650729  12415.658285     56.290635
         1339.812500 -14097.650729  12415.658285     56.290635
         1339.906250 -14097.422662  12415.619421     56.385374
         1340.000000 -14097.422662  12415.619421     56.385374
         1340.125000 -14097.194596  12415.349263     56.385230
         1340.218750 -14097.194596  12415.580557     56.480112
         1340.312500 -14097.194596  12415.349263     56.385230
         1340.406250 -14097.194596  12415.349263     56.385230
         1340.500000 -14097.194596  12415.349263     56.385230
         1340.625000 -14096.966530  12415.310398     56.479968
         1340.718750 -14096.966530  12415.310398     56.479968
         1340.812500 -14096.966530  12415.310398     56.479968
         1340.906250 -14096.966530  12415.310398     56.479968
         1341.000000 -14096.966530  12415.079104     56.385085
         1341.125000 -14096.738464  12415.040240     56.479824
         1341.218750 -14096.738464  12415.040240     56.479824
         1341.312500 -14096.738464  12415.040240     56.479824
         1341.406250 -14096.738464  12415.040240     56.479824
         1341.500000 -14097.650729  12415.426991     56.195752
         1341.625000 -14097.673994  12415.638971     55.679010
         1341.718750 -14091.376613  12411.929989     60.768110
         1341.812500 -14089.756884  12411.214665     61.853140
         1341.906250 -14089.049420  12410.654797     62.559216
         1342.000000 -14089.049420  12410.654797     62.559216
         1342.125000 -14088.593288  12410.345774     62.653810
         1342.218750 -14088.821354  12410.384638     62.559071
         1342.312500 -14088.821354  12410.615933     62.653954
         1342.406250 -14088.341956  12410.094929     63.265291
         1342.500000 -14093.019608  12415.632830     60.304932
         1342.625000 -14093.452475  12415.498578     60.632197
         1342.718750 -14093.931873  12416.250876     60.115743
         1342.812500 -14131.711567  12457.240356     43.193281
         1342.906250 -14132.577301  12457.434440     44.037577
         1343.000000 -14132.805367  12457.704599     44.037721
         1343.125000 -14134.173764  12458.631668     43.753938
         1343.218750 -14134.401830  12458.670532     43.659200
         1343.312500 -14135.588692  12459.982698     42.436670
         1343.406250 -14136.524223  12461.044019     41.825622
         1343.500000 -14137.459753  12461.874046     41.119690
         1343.625000 -14137.915886  12462.183069     41.025096
         1343.718750 -14137.939151  12462.395049     40.508353
         1343.812500 -14137.939151  12462.395049     40.508353
         1343.906250 -14137.915886  12461.951774     40.930213
         1344.000000 -14137.711085  12462.124890     40.508209
         1344.125000 -14137.711085  12461.893596     40.413326
         1344.218750 -14137.687819  12461.450320     40.835186
         1344.312500 -14137.254953  12461.121983     40.318155
         1344.406250 -14100.978659  12420.713104     59.118832
         1344.500000 -14100.294460  12420.133922     59.213282
         1344.625000 -14100.978659  12420.481809     59.023949
         1344.718750 -14101.937455  12421.755111     57.896158
         1344.812500 -14101.937455  12421.755111     57.896158
         1344.906250 -14102.644919  12422.546273     57.284965
         1345.000000 -14102.416853  12422.276114     57.284821
         1345.125000 -14103.101051  12422.624001     57.095488
         1345.218750 -14103.124317  12423.067276     56.673628
         1345.312500 -14129.361109  12451.589878     43.793238
         1345.406250 -14128.448844  12451.203127     44.077310
         1345.500000 -14127.513313  12449.910511     44.593475
         1345.625000 -14127.285247  12449.871647     44.688214
         1345.718750 -14126.829115  12449.562624     44.782808
         1345.812500 -14126.829115  12449.562624     44.782808
         1345.906250 -14126.829115  12449.562624     44.782808
         1346.000000 -14127.057181  12449.832783     44.782952
         1346.125000 -14127.057181  12449.832783     44.782952
         1346.218750 -14127.308513  12450.314922     44.266354
         1346.312500 -14127.764645  12450.623945     44.171760
         1346.406250 -14126.601049  12449.523760     44.877547
         1346.500000 -14127.536579  12450.585081     44.266498
         1346.625000 -14128.015977  12451.337380     43.750044
         1346.718750 -14128.951508  12452.398701     43.138996
         1346.812500 -14129.887038  12453.460022     42.527947
         1346.906250 -14130.571236  12454.039204     42.433497
         1347.000000 -14103.124317  12423.992455     57.053159
         1347.125000 -14103.147583  12423.741846     56.346651
         1347.218750 -14116.491750  12438.389309     52.917358
         1347.312500 -14112.796159  12434.336691     54.233184
         1347.406250 -14111.153165  12432.484207     55.455425
         1347.500000 -14109.989568  12430.921432     55.971447
         1347.625000 -14109.054038  12429.860111     56.582495
         1347.718750 -14107.708906  12428.682434     56.159770
         1347.812500 -14107.434309  12428.219608     57.287994
         1347.906250 -14107.182977  12427.506174     57.709710
         1348.000000 -14106.931645  12426.561445     58.036542
         1348.125000 -14106.475513  12426.252422     58.131137
         1348.218750 -14106.452247  12425.809147     58.552997
         1348.312500 -14106.224181  12425.307694     58.457969
         1348.406250 -14105.972849  12425.056849     59.069451
         1348.500000 -14105.744783  12424.786690     59.069306
         1348.625000 -14105.744783  12424.555395     58.974424
         1348.718750 -14105.516717  12424.516531     59.069162
         1348.812500 -14105.493451  12424.073256     59.491022
         1348.906250 -14105.493451  12424.073256     59.491022
         1349.000000 -14105.721517  12424.343415     59.491166
         1349.125000 -14105.721517  12424.343415     59.491166
         1349.218750 -14105.721517  12424.343415     59.491166
         1349.312500 -14105.493451  12424.304551     59.585905
         1349.406250 -14105.698252  12424.131434     60.007909
         1349.500000 -14105.698252  12424.131434     60.007909
         1349.625000 -14105.926318  12424.170298     59.913170
         1349.718750 -14105.926318  12424.170298     59.913170
         1349.812500 -14105.926318  12424.170298     59.913170
         1349.906250 -14105.926318  12424.170298     59.913170
         1350.000000 -14105.926318  12424.170298     59.913170
         1350.125000 -14105.926318  12424.170298     59.913170
         1350.218750 -14105.926318  12424.170298     59.913170
         1350.312500 -14105.926318  12424.170298     59.913170
         1350.406250 -14105.926318  12424.170298     59.913170
         1350.500000 -14105.926318  12424.170298     59.913170
         1350.625000 -14106.633782  12424.730166     59.207095
         1350.718750 -14106.633782  12424.961461     59.301978
         1350.812500 -14106.154384  12424.209162     59.818432
         1350.906250 -14106.382450  12424.248026     59.723693
         1351.000000 -14106.633782  12424.730166     59.207095
         1351.125000 -14106.861848  12425.000325     59.207239
         1351.218750 -14106.861848  12425.000325     59.207239
         1351.312500 -14106.861848  12424.769030     59.112356
         1351.406250 -14107.089914  12425.039189     59.112500
         1351.500000 -14107.089914  12424.807894     59.017618
         1351.625000 -14106.861848  12424.769030     59.112356
         1351.718750 -14107.317981  12424.846758     58.922879
         1351.812500 -14106.861848  12424.769030     59.112356
         1351.906250 -14107.089914  12424.807894     59.017618
         1352.000000 -14107.089914  12424.576599     58.922735
         1352.125000 -14107.317981  12424.846758     58.922879
         1352.218750 -14107.317981  12424.846758     58.922879
         1352.312500 -14107.317981  12424.846758     58.922879
         1352.406250 -14107.546047  12424.885622     58.828141
         1352.500000 -14107.546047  12424.885622     58.828141
         1352.625000 -14107.569312  12425.097603     58.311398
         1352.718750 -14107.774113  12424.924486     58.733402
         1352.812500 -14107.774113  12424.924486     58.733402
         1352.906250 -14107.546047  12424.885622     58.828141
         1353.000000 -14107.774113  12424.924486     58.733402
         1353.125000 -14108.481577  12424.096586     57.458030
         1353.218750 -14108.253511  12424.751606     57.837417
         1353.312500 -14108.025445  12424.944036     58.027038
         1353.406250 -14108.025445  12425.175331     58.121921
         1353.500000 -14151.995373  12363.110776    -16.520637
         1353.625000 -14151.059842  12363.668518    -15.245409
         1353.718750 -14150.124312  12364.457555    -13.875298
         1353.812500 -14150.580444  12364.072694    -14.254541
         1353.906250 -14151.515975  12363.052362    -15.719535
         1354.000000 -14151.539240  12363.264343    -16.236278
         1354.125000 -14151.059842  12363.437223    -15.340292
         1354.218750 -14150.808510  12363.417674    -14.633928
         1354.312500 -14152.702837  12360.895107    -18.365307
         1354.406250 -14095.225883  12404.515388     62.374915
         1354.500000 -14107.774113  12424.924486     58.733402
         1354.625000 -14108.002179  12425.194645     58.733546
         1354.718750 -14105.903052  12421.182781     59.291319
         1354.812500 -14105.674986  12421.375212     59.480941
         1354.906250 -14105.218854  12421.297483     59.670418
         1355.000000 -14104.967522  12421.277933     60.376782
         1355.125000 -14109.165776  12423.519294     56.889165
         1355.218750 -14109.645174  12423.809002     56.182946
         1355.312500 -14109.873240  12423.847867     56.088207
         1355.406250 -14104.557921  12421.161577     59.343008
         1355.500000 -14115.430710  12421.004054     61.703121
         1355.625000 -14115.384179  12420.811388     62.831489
         1355.718750 -14111.134804  12403.575209     67.301606
         1355.812500 -14099.647613  12404.714671     63.865247
         1355.906250 -14099.624347  12404.502690     64.381990
         1356.000000 -14099.875679  12404.522240     63.675626
         1356.125000 -14099.875679  12404.290945     63.580743
         1356.218750 -14100.127011  12403.847906     62.684614
         1356.312500 -14100.127011  12403.847906     62.684614
         1356.406250 -14106.154384  12421.433626     58.679838
         1356.500000 -14100.285280  12402.325649     63.760572
         1356.625000 -14100.057214  12402.749375     64.045076
         1356.718750 -14100.262014  12402.576258     64.467080
         1356.812500 -14100.033948  12402.537394     64.561819
         1356.906250 -14100.057214  12402.286785     63.855310
         1357.000000 -14099.624347  12402.421037     63.528045
         1357.125000 -14109.538341  12401.452803     67.205714
         1357.218750 -14114.541711  12421.754463     61.849981
         1357.312500 -14114.699981  12416.531491     61.407814
         1357.406250 -14114.471914  12416.261332     61.407670
         1357.500000 -14114.699981  12416.068901     61.218048
         1357.625000 -14114.243848  12415.991173     61.407525
         1357.718750 -14113.787716  12416.144739     61.691885
         1357.812500 -14114.015782  12415.952309     61.502264
         1357.906250 -14114.243848  12415.297289     61.122877
         1358.000000 -14114.015782  12415.721014     61.407381
         1358.125000 -14113.764450  12415.007580     61.829097
         1358.218750 -14108.742404  12413.921986     69.745096
         1358.312500 -14107.406453  12415.518423     58.607698
         1358.406250 -14107.201652  12415.460245     58.090811
         1358.500000 -14107.452984  12416.173679     57.669096
         1358.625000 -14107.657785  12416.000563     58.091100
         1358.718750 -14107.452984  12416.636269     57.858861
         1358.812500 -14107.862585  12416.752625     58.892635
         1358.906250 -14107.634519  12417.176350     59.177139
         1359.000000 -14107.611254  12416.270486     59.409233
         1359.125000 -14107.364512  12417.869288     54.853144
         1359.218750 -14107.317981  12417.214032     55.791746
         1359.312500 -14107.429719  12416.424288     58.375604
         1359.406250 -14108.272186  12421.494876     61.824065
         1359.500000 -14107.997589  12420.569461     62.762523
         1359.625000 -14108.155858  12419.509794     64.028247
         1359.718750 -14111.120719  12443.838385     72.569574
         1359.812500 -14110.869387  12440.349414     71.852696
         1359.906250 -14111.074187  12438.788529     71.705403
         1360.000000 -14110.846121  12436.205423     70.756431
         1360.125000 -14110.846121  12435.048949     70.282017
         1360.218750 -14110.594789  12433.641631     70.419084
         1360.312500 -14110.822856  12432.292727     69.755049
         1360.406250 -14110.594789  12432.253863     69.849787
         1360.500000 -14110.618055  12433.159727     69.617693
         1360.625000 -14109.021592  12419.703879     64.872543
         1360.718750 -14108.816791  12419.876996     64.450539
         1360.812500 -14108.816791  12419.645701     64.355656
         1360.906250 -14108.611991  12420.050112     64.028535
         1361.000000 -14110.687852  12438.884153     70.154887
         1361.125000 -14110.711118  12440.715197     70.302324
         1361.218750 -14110.962449  12442.816400     70.449905
         1361.312500 -14110.985715  12444.878738     70.692225
         1361.406250 -14111.237047  12447.211235     70.934689
         1361.500000 -14111.237047  12447.673825     71.124455
         1361.625000 -14119.884886  12435.060285     56.421530
         1361.718750 -14120.364284  12435.812583     55.905076
         1361.812500 -14120.615616  12436.757312     55.578243
         1361.906250 -14120.615616  12437.451196     55.862892
         1362.000000 -14122.053810  12436.469965     52.985170
         1362.125000 -14122.509943  12436.778988     52.890576
         1362.218750 -14122.738009  12436.817852     52.795837
         1362.312500 -14122.989341  12437.299991     52.279239
         1362.406250 -14122.989341  12437.531286     52.374122
         1362.500000 -14122.989341  12437.762581     52.469004
         1362.625000 -14123.217407  12438.032740     52.469149
         1362.718750 -14134.192440  12423.918855     34.836525
         1362.812500 -14134.671838  12423.514680     33.845657
         1362.906250 -14135.607368  12422.956938     32.570429
         1363.000000 -14113.587506  12450.086176     69.196138
         1363.125000 -14113.587506  12449.392292     68.911490
         1363.218750 -14113.336174  12449.141447     69.522971
         1363.312500 -14113.336174  12448.678858     69.333205
         1363.406250 -14113.108108  12448.871288     69.522827
         1363.500000 -14132.777511  12423.030415     36.343559
         1363.625000 -14132.754246  12423.281023     37.050067
         1363.718750 -14133.689776  12421.798103     35.395308
         1363.812500 -14133.713042  12421.778788     34.783682
         1363.906250 -14134.397240  12421.664086     34.404584
         1364.000000 -14134.169174  12421.856517     34.594205
         1364.125000 -14119.884886  12440.611359     58.698718
         1364.218750 -14095.449359  12414.038047     72.097004
         1364.312500 -14095.677425  12414.308206     72.097148
         1364.406250 -14107.359922  12413.937988     59.166769
         1364.500000 -14097.320419  12414.310331     70.115845
         1364.625000 -14096.612955  12413.981759     70.916803
         1364.718750 -14096.841021  12413.558033     70.632299
         1364.812500 -14096.361623  12412.805735     71.148753
         1364.906250 -14096.133557  12412.535576     71.148609
         1365.000000 -14095.654159  12412.477162     71.949711
         1365.125000 -14095.789163  12412.361988     74.206592
         1365.218750 -14095.058433  12411.590140     75.429410
         1365.312500 -14095.035167  12411.840749     76.135918
         1365.406250 -14095.491300  12412.149772     76.041324
         1365.500000 -14095.263234  12412.110908     76.136062
         1365.625000 -14095.468034  12412.169086     76.652949
         1365.718750 -14095.444768  12411.957105     77.169692
         1365.812500 -14095.421503  12411.745125     77.686435
         1365.906250 -14095.626303  12411.803303     78.203321
         1366.000000 -14095.374971  12411.783753     78.909685
         1366.125000 -14095.556506  12411.398656     79.848432
         1366.218750 -14095.556506  12411.398656     79.848432
         1366.312500 -14095.533241  12411.417970     80.460058
         1366.406250 -14095.509975  12411.205989     80.976800
         1366.500000 -14094.634747  12408.484844     61.920519
         1366.625000 -14095.575182  12411.611347     85.258322
         1366.718750 -14095.551916  12411.399367     85.775065
         1366.812500 -14095.095784  12411.321639     85.964542
         1366.906250 -14095.323850  12411.823092     86.059569
         1367.000000 -14090.213017  12414.761814     63.086905
         1367.125000 -14090.213017  12414.761814     63.086905
         1367.218750 -14090.236282  12414.742500     62.475280
         1367.312500 -14090.236282  12414.742500     62.475280
         1367.406250 -14090.031482  12414.915616     62.053276
         1367.500000 -14090.031482  12414.915616     62.053276
         1367.625000 -14090.031482  12414.915616     62.053276
         1367.718750 -14089.803416  12414.645457     62.053131
         1367.812500 -14089.598615  12414.818574     61.631127
         1367.906250 -14089.803416  12414.645457     62.053131
         1368.000000 -14087.285193  12417.010671     47.065576
         1368.125000 -14092.619502  12412.955050     75.395720
         1368.218750 -14092.847568  12412.993914     75.300982
         1368.312500 -14092.847568  12412.993914     75.300982
         1368.406250 -14093.029103  12412.840112     76.334611
         1368.500000 -14092.801037  12412.569953     76.334467
         1368.625000 -14087.536525  12417.030220     46.359212
         1368.718750 -14093.052369  12412.820798     75.722986
         1368.812500 -14093.438704  12412.725174     77.273502
         1368.906250 -14093.848305  12412.841530     78.307276
         1369.000000 -14094.076371  12412.880394     78.212537
         1369.125000 -14094.053106  12412.899708     78.824163
         1369.218750 -14088.015923  12417.782519     45.842758
         1369.312500 -14094.257906  12412.726592     79.246167
         1369.406250 -14094.667507  12412.611654     80.185058
         1369.500000 -14094.462707  12412.553475     79.668171
         1369.625000 -14094.462707  12412.784770     79.763054
         1369.718750 -14094.439441  12412.572790     80.279796
         1369.812500 -14087.992657  12417.570538     46.359500
         1369.906250 -14095.258643  12412.574208     82.252461
         1370.000000 -14094.825777  12412.477166     81.830313
         1370.125000 -14115.542448  12435.248468     70.454360
         1370.218750 -14115.952050  12435.364824     71.488134
         1370.312500 -14116.361651  12435.481181     72.521908
         1370.406250 -14096.635906  12425.774235     46.122661
         1370.500000 -14123.650588  12438.807907     82.197485
         1370.625000 -14123.445788  12438.981023     81.775481
         1370.718750 -14122.831386  12438.806488     80.224820
         1370.812500 -14121.965652  12438.381109     79.285641
         1370.906250 -14121.123185  12437.936415     77.734836
         1371.000000 -14120.690318  12438.070668     77.407570
         1371.125000 -14120.280717  12437.954311     76.373797
         1371.218750 -14119.871116  12437.837955     75.340023
         1371.312500 -14119.186917  12437.258773     75.434473
         1371.406250 -14119.186917  12437.258773     75.434473
         1371.500000 -14119.619784  12437.124520     75.761739
         1371.625000 -14119.414983  12437.297637     75.339734
         1371.718750 -14119.643050  12437.105206     75.150113
         1371.812500 -14119.414983  12436.835048     75.149969
         1371.906250 -14119.847850  12436.700795     75.477234
         1372.000000 -14119.847850  12436.932090     75.572117
         1372.125000 -14120.075916  12436.970954     75.477379
         1372.218750 -14120.280717  12436.797837     75.899383
         1372.312500 -14120.280717  12436.797837     75.899383
         1372.406250 -14119.824584  12436.257520     75.899094
         1372.500000 -14118.432922  12434.424586     76.414971
         1372.625000 -14118.000055  12434.327544     75.992823
         1372.718750 -14100.113240  12414.720891     84.924004
         1372.812500 -14099.429041  12413.910414     84.923572
         1372.906250 -14098.744843  12413.099938     84.923139
         1373.000000 -14098.288710  12412.328325     84.827968
         1373.125000 -14098.563308  12413.253740     83.889510
         1373.218750 -14098.563308  12413.022445     83.794627
         1373.312500 -14098.586573  12413.234426     83.277884
         1373.406250 -14098.381773  12413.176248     82.760997
         1373.500000 -14098.609839  12413.446407     82.761142
         1373.625000 -14098.837905  12413.485271     82.666403
         1373.718750 -14098.405039  12413.388228     82.244255
         1373.812500 -14098.861171  12413.465957     82.054777
         1373.906250 -14099.112503  12413.948096     81.538179
         1374.000000 -14099.135768  12414.160077     81.021436
         1374.125000 -14098.930968  12414.101898     80.504550
         1374.218750 -14099.159034  12414.140762     80.409811
         1374.312500 -14099.182300  12414.584038     79.987951
         1374.406250 -14117.092380  12434.171377     70.445144
         1374.500000 -14116.203381  12433.534017     70.022708
         1374.625000 -14115.723983  12432.781718     70.539162
         1374.718750 -14115.291117  12432.684676     70.117014
         1374.812500 -14115.086316  12432.395203     69.505244
         1374.906250 -14097.176235  12412.576569     78.953168
         1375.000000 -14097.427567  12412.827414     78.341687
         1375.125000 -14096.994700  12412.730372     77.919538
         1375.218750 -14096.813166  12412.884174     76.885909
         1375.312500 -14096.813166  12412.652879     76.791026
         1375.406250 -14096.608365  12412.594701     76.274139
         1375.500000 -14096.403564  12412.767817     75.852135
         1375.625000 -14096.403564  12412.536523     75.757252
         1375.718750 -14096.426830  12412.748503     75.240510
         1375.812500 -14096.450096  12412.960484     74.723767
         1375.906250 -14096.245295  12412.902306     74.206880
         1376.000000 -14096.245295  12412.902306     74.206880
         1376.125000 -14096.268561  12413.114286     73.690138
         1376.218750 -14096.291826  12413.094972     73.078512
         1376.312500 -14096.087026  12413.036794     72.561625
         1376.406250 -14095.858960  12412.766635     72.561481
         1376.500000 -14095.402827  12412.457612     72.656075
         1376.625000 -14095.426093  12412.669593     72.139333
         1376.718750 -14095.426093  12412.669593     72.139333
         1376.812500 -14095.449359  12413.112868     71.717473
         1376.906250 -14095.449359  12413.112868     71.717473
         1377.000000 -14110.119982  12429.187906     63.490781
         1377.125000 -14109.891915  12428.917747     63.490636
         1377.218750 -14109.891915  12428.917747     63.490636
         1377.312500 -14109.915181  12429.361023     63.068777
         1377.406250 -14109.687115  12428.859569     62.973749
         1377.500000 -14109.002916  12428.280387     63.068200
         1377.625000 -14109.230982  12428.319251     62.973461
         1377.718750 -14108.318718  12427.701206     63.162650
         1377.812500 -14108.090652  12427.431047     63.162505
         1377.906250 -14108.546784  12427.740070     63.067911
         1378.000000 -14108.798116  12428.222209     62.551313
         1378.125000 -14111.148575  12420.457592     56.448152
         1378.218750 -14111.399906  12420.708437     55.836671
         1378.312500 -14103.720043  12423.029120     52.814398
         1378.406250 -14104.176176  12423.338143     52.719804
         1378.500000 -14102.854310  12424.454098     52.634281
         1378.625000 -14101.388260  12420.829460     60.152606
         1378.718750 -14101.616326  12421.099619     60.152750
         1378.812500 -14101.639592  12421.311599     59.636007
         1378.906250 -14102.095724  12421.851917     59.636296
         1379.000000 -14100.271195  12424.085246     61.437915
         1379.125000 -14100.704061  12424.182289     61.860063
         1379.218750 -14100.475995  12424.143425     61.954802
         1379.312500 -14096.305597  12414.018018     55.678144
         1379.406250 -14095.826199  12413.728310     56.384364
         1379.500000 -14096.003144  12414.037808     63.534392
         1379.625000 -14094.662603  12414.709777     57.944097
         1379.718750 -14095.370067  12415.500939     57.332904
         1379.812500 -14095.142001  12415.230780     57.332760
         1379.906250 -14095.142001  12415.230780     57.332760
         1380.000000 -14095.346801  12415.057664     57.754764
         1380.125000 -14095.574867  12415.327823     57.754908
         1380.218750 -14095.323535  12414.845683     58.271506
         1380.312500 -14095.323535  12414.845683     58.271506
         1380.406250 -14097.808998  12410.204018     55.753586
         1380.500000 -14097.785732  12409.760743     56.175445
         1380.625000 -14098.744528  12410.108866     54.668123
         1380.718750 -14098.037064  12409.548998     55.374199
         1380.812500 -14098.516462  12409.838707     54.667979
         1380.906250 -14098.493196  12409.626727     55.184722
         1381.000000 -14098.744528  12409.877571     54.573240
         1381.125000 -14098.767794  12410.089552     54.056498
         1381.218750 -14098.995860  12410.128416     53.961759
         1381.312500 -14098.791059  12410.070238     53.444872
         1381.406250 -14098.311661  12410.011824     54.245975
         1381.500000 -14098.060330  12409.760979     54.857456
         1381.625000 -14098.083595  12409.741665     54.245831
         1381.718750 -14097.855529  12409.702801     54.340569
         1381.812500 -14098.130127  12409.934331     53.117463
         1381.906250 -14098.609525  12410.224040     52.411243
         1382.000000 -14098.902797  12411.362146     56.882675
         1382.125000 -14098.469931  12411.265104     56.460527
         1382.218750 -14099.200661  12411.805657     55.142826
         1382.312500 -14099.200661  12411.805657     55.142826
         1382.406250 -14098.949329  12411.786107     55.849190
         1382.500000 -14099.451992  12413.444270     55.100641
         1382.625000 -14099.223926  12413.636701     55.290263
         1382.718750 -14099.586996  12413.560391     57.452404
         1382.812500 -14099.382195  12413.270918     56.840635
         1382.906250 -14099.382195  12413.270918     56.840635
         1383.000000 -14104.334445  12426.673075     55.788301
         1383.125000 -14104.585777  12427.155215     55.271703
         1383.218750 -14099.223926  12413.405406     55.195380
         1383.312500 -14099.247192  12413.617387     54.678637
         1383.406250 -14099.135454  12412.788068     51.430600
         1383.500000 -14098.930653  12412.961184     51.008596
         1383.625000 -14103.654837  12426.093183     49.956118
         1383.718750 -14103.426770  12426.054319     50.050857
         1383.812500 -14103.403505  12425.611043     50.472717
         1383.906250 -14103.654837  12426.093183     49.956118
         1384.000000 -14103.245235  12425.976826     48.922344
         1384.125000 -14103.268501  12426.188807     48.405602
         1384.218750 -14103.221970  12425.533551     49.344204
         1384.312500 -14102.765837  12425.224528     49.438799
         1384.406250 -14102.765837  12424.993233     49.343916
         1384.500000 -14102.561037  12424.935055     48.827029
         1384.625000 -14102.947372  12425.070726     50.472428
         1384.718750 -14102.924107  12424.858745     50.989171
         1384.812500 -14102.626244  12424.183939     52.634137
         1384.906250 -14102.398177  12423.913780     52.633993
         1385.000000 -14102.649509  12424.395920     52.117395
         1385.125000 -14103.105642  12424.704943     52.022800
         1385.218750 -14103.538508  12424.801985     52.444949
         1385.312500 -14105.567838  12423.089424     51.349982
         1385.406250 -14107.890441  12425.984389     56.149689
         1385.500000 -14103.966785  12413.103707     53.954707
         1385.625000 -14103.259321  12412.312545     54.565899
         1385.718750 -14102.575122  12411.733363     54.660349
         1385.812500 -14102.118990  12411.193045     54.660061
         1385.906250 -14101.183459  12411.288198     55.745524
         1386.000000 -14100.499261  12410.940311     55.934856
         1386.125000 -14096.072941  12413.979865     61.699516
         1386.218750 -14095.844875  12413.709706     61.699372
         1386.312500 -14095.640074  12413.882823     61.277368
         1386.406250 -14095.640074  12413.651528     61.182485
         1386.500000 -14095.640074  12413.420233     61.087602
         1386.625000 -14098.697997  12410.841379     56.176022
         1386.718750 -14099.154129  12410.687812     55.891662
         1386.812500 -14099.405461  12410.476067     55.090416
         1386.906250 -14099.177395  12410.437203     55.185154
         1387.000000 -14098.972594  12410.610320     54.763150
         1387.125000 -14098.516462  12410.532591     54.952627
         1387.218750 -14098.288396  12410.493727     55.047366
         1387.312500 -14098.288396  12410.493727     55.047366
         1387.406250 -14098.060330  12410.454863     55.142104
         1387.500000 -14097.855529  12410.627980     54.720100
         1387.625000 -14097.399397  12410.781546     55.004460
         1387.718750 -14097.627463  12410.589116     54.814839
         1387.812500 -14098.083595  12410.435549     54.530479
